BAGTAGID,EVENT,EVENTTIME,TDP_IDCURRNAME,CHUTE,STATUS,BAGSTATUS,REASON
0232744057,20/09/26 0:02:38,20260920 000238,MA010,MA010,TRA,OPEN,OPEN
0232744057,20/09/26 0:04:37,20260920 000437,MA010,MA003,DIS,OPEN,OPEN
0176175219,20/09/26 0:15:05,20260920 001505,MA006,MA006,TRA,OPEN,OPEN
0176175219,20/09/26 0:18:53,20260920 001853,MA006,MA002,DIS,OPEN,OPEN
0176161462,20/09/26 0:31:38,20260920 003138,MA005,MA005,TRA,OPEN,OPEN
0176176854,20/09/26 0:32:57,20260920 003257,MA006,MA006,TRA,OPEN,OPEN
0176161323,20/09/26 0:33:01,20260920 003301,MA006,MA006,TRA,OPEN,OPEN
0176161462,20/09/26 0:35:09,20260920 003509,MA005,MA002,DIS,OPEN,OPEN
0176176854,20/09/26 0:36:30,20260920 003630,MA006,MA002,DIS,OPEN,OPEN
0176161323,20/09/26 0:36:37,20260920 003637,MA006,MA002,DIS,OPEN,OPEN
3781601404,20/09/26 0:37:02,20260920 003702,MA003,MC210,TRA,EARLY,EARLY
3781318883,20/09/26 0:37:10,20260920 003710,MA003,MC210,TRA,EARLY,EARLY
3781083069,20/09/26 0:37:14,20260920 003714,MA003,MC210,TRA,EARLY,EARLY
3781365534,20/09/26 0:37:25,20260920 003725,MA003,MC210,TRA,EARLY,EARLY
3781746377,20/09/26 0:37:41,20260920 003741,MA003,MC210,TRA,EARLY,EARLY
3781386207,20/09/26 0:37:58,20260920 003758,MA003,MC210,TRA,EARLY,EARLY
3781715843,20/09/26 0:38:10,20260920 003810,MA003,MC210,TRA,EARLY,EARLY
3781619652,20/09/26 0:38:14,20260920 003814,MA003,MC210,TRA,EARLY,EARLY
3781143652,20/09/26 0:38:26,20260920 003826,MA003,MC210,TRA,EARLY,EARLY
3781694239,20/09/26 0:38:30,20260920 003830,MA003,MC210,TRA,EARLY,EARLY
3781216601,20/09/26 0:38:40,20260920 003840,MA003,MC210,TRA,EARLY,EARLY
3781776748,20/09/26 0:38:40,20260920 003840,MA003,MC210,TRA,EARLY,EARLY
3781266580,20/09/26 0:38:53,20260920 003853,MA003,MC210,TRA,EARLY,EARLY
3781601404,20/09/26 0:39:01,20260920 003901,MA003,MA003,DIS,EARLY,EARLY
3781318883,20/09/26 0:39:10,20260920 003910,MA003,MA003,DIS,EARLY,EARLY
3781365534,20/09/26 0:39:26,20260920 003926,MA003,MA003,DIS,EARLY,EARLY
3781083069,20/09/26 0:39:26,20260920 003926,MA003,MA003,DIS,EARLY,EARLY
3781104533,20/09/26 0:39:26,20260920 003926,MA003,MC210,TRA,EARLY,EARLY
3781451357,20/09/26 0:39:30,20260920 003930,MA003,MC210,TRA,EARLY,EARLY
3781746377,20/09/26 0:39:38,20260920 003938,MA003,MA003,DIS,EARLY,EARLY
3781154965,20/09/26 0:39:58,20260920 003958,MA003,MC210,TRA,EARLY,EARLY
3781386207,20/09/26 0:39:58,20260920 003958,MA003,MA003,DIS,EARLY,EARLY
3781715843,20/09/26 0:40:10,20260920 004010,MA003,MA003,DIS,EARLY,EARLY
3781735165,20/09/26 0:40:10,20260920 004010,MA003,MC210,TRA,EARLY,EARLY
3781561629,20/09/26 0:40:18,20260920 004018,MA003,MC210,TRA,EARLY,EARLY
3781619652,20/09/26 0:40:25,20260920 004025,MA003,MA003,DIS,EARLY,EARLY
3781520538,20/09/26 0:40:37,20260920 004037,MA003,MC210,TRA,EARLY,EARLY
3781143652,20/09/26 0:40:37,20260920 004037,MA003,MA003,DIS,EARLY,EARLY
3781694239,20/09/26 0:40:41,20260920 004041,MA003,MA003,DIS,EARLY,EARLY
3781776748,20/09/26 0:40:41,20260920 004041,MA003,MA003,DIS,EARLY,EARLY
3781266580,20/09/26 0:40:49,20260920 004049,MA003,MA003,DIS,EARLY,EARLY
3781216601,20/09/26 0:40:53,20260920 004053,MA003,MA003,DIS,EARLY,EARLY
3781451357,20/09/26 0:41:29,20260920 004129,MA003,MA003,DIS,EARLY,EARLY
3781104533,20/09/26 0:41:38,20260920 004138,MA003,MA003,DIS,EARLY,EARLY
3781154965,20/09/26 0:41:58,20260920 004158,MA003,MA003,DIS,EARLY,EARLY
3781735165,20/09/26 0:42:05,20260920 004205,MA003,MA003,DIS,EARLY,EARLY
3781561629,20/09/26 0:42:17,20260920 004217,MA003,MA003,DIS,EARLY,EARLY
3781520538,20/09/26 0:42:49,20260920 004249,MA003,MA003,DIS,EARLY,EARLY
0232746101,20/09/26 0:49:41,20260920 004941,MA003,MA034,TRA,EARLY,EARLY
0232746088,20/09/26 0:49:41,20260920 004941,MA003,MA034,TRA,EARLY,EARLY
0232746101,20/09/26 0:51:41,20260920 005141,MA003,MA003,DIS,EARLY,EARLY
0232746088,20/09/26 0:51:53,20260920 005153,MA003,MA003,DIS,EARLY,EARLY
0232738924,20/09/26 1:12:18,20260920 011218,MA003,MC247,TRA,EARLY,EARLY
0232740712,20/09/26 1:12:25,20260920 011225,MA003,MB054,TRA,EARLY,EARLY
0232741652,20/09/26 1:12:29,20260920 011229,MA003,MB054,TRA,EARLY,EARLY
0232738924,20/09/26 1:14:29,20260920 011429,MA003,MA003,DIS,EARLY,EARLY
0232740712,20/09/26 1:14:38,20260920 011438,MA003,MA003,DIS,EARLY,EARLY
0232741652,20/09/26 1:14:42,20260920 011442,MA003,MA003,DIS,EARLY,EARLY
2997218603,20/09/26 1:16:42,20260920 011642,MA053,MA053,TRA,OPEN,OPEN
0232740053,20/09/26 1:16:58,20260920 011658,MA003,MA007,TRA,EARLY,EARLY
0232740087,20/09/26 1:17:13,20260920 011713,MA003,MA007,TRA,EARLY,EARLY
0232740704,20/09/26 1:17:29,20260920 011729,MA003,MB054,TRA,EARLY,EARLY
0232740083,20/09/26 1:17:49,20260920 011749,MA003,MA007,TRA,EARLY,EARLY
0232740773,20/09/26 1:18:06,20260920 011806,MA003,MB054,TRA,EARLY,EARLY
2997218603,20/09/26 1:18:41,20260920 011841,MA053,MA003,DIS,OPEN,OPEN
0232740053,20/09/26 1:19:14,20260920 011914,MA003,MA003,DIS,EARLY,EARLY
0232740087,20/09/26 1:19:14,20260920 011914,MA003,MA003,DIS,EARLY,EARLY
0232740704,20/09/26 1:19:37,20260920 011937,MA003,MA003,DIS,EARLY,EARLY
0232740083,20/09/26 1:19:49,20260920 011949,MA003,MA003,DIS,EARLY,EARLY
0232740773,20/09/26 1:20:05,20260920 012005,MA003,MA003,DIS,EARLY,EARLY
0232740978,20/09/26 1:21:54,20260920 012154,MA003,MB029,TRA,EARLY,EARLY
4997092464,20/09/26 1:21:54,20260920 012154,MA054,MA054,TRA,OPEN,OPEN
4997092461,20/09/26 1:22:01,20260920 012201,MA053,MA053,TRA,OPEN,OPEN
0232740978,20/09/26 1:23:50,20260920 012350,MA003,MA003,DIS,EARLY,EARLY
4997092464,20/09/26 1:24:05,20260920 012405,MA054,MA003,DIS,OPEN,OPEN
4997092461,20/09/26 1:24:13,20260920 012413,MA053,MA003,DIS,OPEN,OPEN
4997092465,20/09/26 1:30:26,20260920 013026,MA053,MA053,TRA,OPEN,OPEN
4997092465,20/09/26 1:32:25,20260920 013225,MA053,MA003,DIS,OPEN,OPEN
3479317786,20/09/26 1:36:30,20260920 013630,MA001,MC229,TRA,OPEN,OPEN
0232746708,20/09/26 1:37:49,20260920 013749,MA003,MB029,TRA,EARLY,EARLY
3479317786,20/09/26 1:38:41,20260920 013841,MA001,MA001,DIS,OPEN,OPEN
0232746707,20/09/26 1:39:21,20260920 013921,MA003,MB029,TRA,EARLY,EARLY
0232746708,20/09/26 1:39:49,20260920 013949,MA003,MA003,DIS,EARLY,EARLY
0232746707,20/09/26 1:41:33,20260920 014133,MA003,MA003,DIS,EARLY,EARLY
0232747750,20/09/26 2:59:17,20260920 025917,MA003,MB045,TRA,EARLY,EARLY
0232747726,20/09/26 2:59:21,20260920 025921,MA003,MB031,TRA,EARLY,EARLY
0232747724,20/09/26 2:59:33,20260920 025933,MA003,MB031,TRA,EARLY,EARLY
0232747764,20/09/26 3:00:09,20260920 030009,MA003,MB045,TRA,EARLY,EARLY
0232747721,20/09/26 3:00:46,20260920 030046,MA003,MB031,TRA,EARLY,EARLY
0232747732,20/09/26 3:00:54,20260920 030054,MA003,MB031,TRA,EARLY,EARLY
0232747745,20/09/26 3:00:58,20260920 030058,MA003,MB045,TRA,EARLY,EARLY
0232747726,20/09/26 3:01:21,20260920 030121,MA003,MA003,DIS,EARLY,EARLY
0232747750,20/09/26 3:01:29,20260920 030129,MA003,MA003,DIS,EARLY,EARLY
0232747724,20/09/26 3:01:45,20260920 030145,MA003,MA003,DIS,EARLY,EARLY
0232747764,20/09/26 3:02:05,20260920 030205,MA003,MA003,DIS,EARLY,EARLY
0232747732,20/09/26 3:02:53,20260920 030253,MA003,MA003,DIS,EARLY,EARLY
0232747721,20/09/26 3:02:57,20260920 030257,MA003,MA003,DIS,EARLY,EARLY
0232747745,20/09/26 3:03:09,20260920 030309,MA003,MA003,DIS,EARLY,EARLY
0232747977,20/09/26 3:13:57,20260920 031357,MA003,MC111,TRA,EARLY,EARLY
0232747978,20/09/26 3:14:41,20260920 031441,MA003,MC111,TRA,EARLY,EARLY
0232747984,20/09/26 3:15:05,20260920 031505,MA003,MC111,TRA,EARLY,EARLY
0232747977,20/09/26 3:15:57,20260920 031557,MA003,MA003,DIS,EARLY,EARLY
0232747978,20/09/26 3:16:53,20260920 031653,MA003,MA003,DIS,EARLY,EARLY
0232747984,20/09/26 3:17:02,20260920 031702,MA003,MA003,DIS,EARLY,EARLY
0232744152,20/09/26 3:20:37,20260920 032037,MB025,MB031,TRA,EARLY,EARLY
0232744143,20/09/26 3:20:41,20260920 032041,MB025,MB031,TRA,EARLY,EARLY
0232747908,20/09/26 3:21:18,20260920 032118,MB025,MA031,TRA,EARLY,EARLY
0232747888,20/09/26 3:21:22,20260920 032122,MB025,MA029,TRA,EARLY,EARLY
0312146925,20/09/26 3:22:05,20260920 032205,MA008,MA008,TRA,OPEN,OPEN
0232735666,20/09/26 3:22:17,20260920 032217,MB025,MA053,TRA,EARLY,EARLY
0312146618,20/09/26 3:22:21,20260920 032221,MA008,MA008,TRA,OPEN,OPEN
0232744152,20/09/26 3:22:37,20260920 032237,MB025,MB025,DIS,EARLY,EARLY
0232744143,20/09/26 3:22:41,20260920 032241,MB025,MB025,DIS,EARLY,EARLY
0232747908,20/09/26 3:23:17,20260920 032317,MB025,MB025,DIS,EARLY,EARLY
0232747889,20/09/26 3:23:17,20260920 032317,MB025,MB037,TRA,EARLY,EARLY
0232747888,20/09/26 3:23:21,20260920 032321,MB025,MB025,DIS,EARLY,EARLY
0232735666,20/09/26 3:24:17,20260920 032417,MB025,MB025,DIS,EARLY,EARLY
0232747889,20/09/26 3:25:17,20260920 032517,MB025,MB025,DIS,EARLY,EARLY
0312146925,20/09/26 3:25:45,20260920 032545,MA008,MA002,DIS,OPEN,OPEN
0312146618,20/09/26 3:25:57,20260920 032557,MA008,MA002,DIS,OPEN,OPEN
0232747914,20/09/26 3:29:21,20260920 032921,MB025,MB031,TRA,EARLY,EARLY
0232748090,20/09/26 3:30:54,20260920 033054,MB025,MB029,TRA,EARLY,EARLY
0232748092,20/09/26 3:31:02,20260920 033102,MB025,MB029,TRA,EARLY,EARLY
0232748099,20/09/26 3:31:10,20260920 033110,MB025,MB029,TRA,EARLY,EARLY
0232748121,20/09/26 3:31:13,20260920 033113,MB025,MB029,TRA,EARLY,EARLY
0232747914,20/09/26 3:31:21,20260920 033121,MB025,MB025,DIS,EARLY,EARLY
0232747938,20/09/26 3:32:13,20260920 033213,MB025,MB037,TRA,EARLY,EARLY
0312147789,20/09/26 3:32:49,20260920 033249,MA008,MA008,TRA,OPEN,OPEN
0232748090,20/09/26 3:32:53,20260920 033253,MB025,MB025,DIS,EARLY,EARLY
0312147875,20/09/26 3:32:57,20260920 033257,MA008,MA008,TRA,OPEN,OPEN
0232748092,20/09/26 3:33:01,20260920 033301,MB025,MB025,DIS,EARLY,EARLY
0232748099,20/09/26 3:33:09,20260920 033309,MB025,MB025,DIS,EARLY,EARLY
0232748121,20/09/26 3:33:13,20260920 033313,MB025,MB025,DIS,EARLY,EARLY
0232747938,20/09/26 3:34:13,20260920 033413,MB025,MB025,DIS,EARLY,EARLY
0232747909,20/09/26 3:35:33,20260920 033533,MB025,MA031,TRA,EARLY,EARLY
0312147789,20/09/26 3:36:29,20260920 033629,MA008,MA002,DIS,OPEN,OPEN
0312147875,20/09/26 3:36:37,20260920 033637,MA008,MA002,DIS,OPEN,OPEN
0232748155,20/09/26 3:36:41,20260920 033641,MB025,MB051,TRA,EARLY,EARLY
0232747909,20/09/26 3:37:33,20260920 033733,MB025,MB025,DIS,EARLY,EARLY
0232748155,20/09/26 3:38:41,20260920 033841,MB025,MB025,DIS,EARLY,EARLY
0232748271,20/09/26 3:40:33,20260920 034033,MB025,MB032,TRA,EARLY,EARLY
0232748275,20/09/26 3:41:01,20260920 034101,MB025,MB032,TRA,EARLY,EARLY
0232748271,20/09/26 3:42:33,20260920 034233,MB025,MB025,DIS,EARLY,EARLY
0232748275,20/09/26 3:43:01,20260920 034301,MB025,MB025,DIS,EARLY,EARLY
0232748162,20/09/26 3:46:21,20260920 034621,MB025,MB045,TRA,EARLY,EARLY
0232748326,20/09/26 3:47:10,20260920 034710,MB025,MA031,TRA,EARLY,EARLY
0232748173,20/09/26 3:47:18,20260920 034718,MB025,MB045,TRA,EARLY,EARLY
0232748122,20/09/26 3:48:25,20260920 034825,MB025,MA010,TRA,EARLY,EARLY
0232748162,20/09/26 3:49:21,20260920 034921,MB025,MB025,DIS,EARLY,EARLY
0232748307,20/09/26 3:49:45,20260920 034945,MB025,MC111,TRA,EARLY,EARLY
0232748131,20/09/26 3:50:01,20260920 035001,MB025,MA010,TRA,EARLY,EARLY
0232748326,20/09/26 3:50:09,20260920 035009,MB025,MB025,DIS,EARLY,EARLY
0232748173,20/09/26 3:50:17,20260920 035017,MB025,MB025,DIS,EARLY,EARLY
0232748122,20/09/26 3:51:29,20260920 035129,MB025,MB025,DIS,EARLY,EARLY
0232748137,20/09/26 3:52:05,20260920 035205,MB025,MA010,TRA,EARLY,EARLY
0232748307,20/09/26 3:52:45,20260920 035245,MB025,MB025,DIS,EARLY,EARLY
0232748131,20/09/26 3:53:05,20260920 035305,MB025,MB025,DIS,EARLY,EARLY
0232748592,20/09/26 3:54:01,20260920 035401,MA003,MA031,TRA,EARLY,EARLY
0232748625,20/09/26 3:54:13,20260920 035413,MA003,MA031,TRA,EARLY,EARLY
0781174164,20/09/26 3:54:50,20260920 035450,MC235,MC243,TRA,EARLY,EARLY
0232748137,20/09/26 3:55:01,20260920 035501,MB025,MB025,DIS,EARLY,EARLY
0232740775,20/09/26 3:55:01,20260920 035501,MA003,MB043,TRA,EARLY,EARLY
0781447498,20/09/26 3:55:06,20260920 035506,MC235,MC243,TRA,EARLY,EARLY
0232748504,20/09/26 3:55:09,20260920 035509,MB025,MA031,TRA,EARLY,EARLY
0232740790,20/09/26 3:55:21,20260920 035521,MA003,MB043,TRA,EARLY,EARLY
6816106807,20/09/26 3:55:25,20260920 035525,MA003,MB054,TRA,EARLY,EARLY
0781389138,20/09/26 3:55:30,20260920 035530,MC235,MC243,TRA,EARLY,EARLY
6816106808,20/09/26 3:55:37,20260920 035537,MA003,MB054,TRA,EARLY,EARLY
0232748652,20/09/26 3:55:37,20260920 035537,MA003,MA031,TRA,EARLY,EARLY
0232748592,20/09/26 3:55:57,20260920 035557,MA003,MA003,DIS,EARLY,EARLY
0232748655,20/09/26 3:56:09,20260920 035609,MA003,MA031,TRA,EARLY,EARLY
0232748625,20/09/26 3:56:25,20260920 035625,MA003,MA003,DIS,EARLY,EARLY
0781174164,20/09/26 3:56:26,20260920 035626,MC235,MC235,DIS,EARLY,EARLY
0781447498,20/09/26 3:56:42,20260920 035642,MC235,MC235,DIS,EARLY,EARLY
0232740775,20/09/26 3:56:57,20260920 035657,MA003,MA003,DIS,EARLY,EARLY
0781389138,20/09/26 3:57:06,20260920 035706,MC235,MC235,DIS,EARLY,EARLY
0232748666,20/09/26 3:57:17,20260920 035717,MA003,MA031,TRA,EARLY,EARLY
6816106807,20/09/26 3:57:21,20260920 035721,MA003,MA003,DIS,EARLY,EARLY
0232740790,20/09/26 3:57:33,20260920 035733,MA003,MA003,DIS,EARLY,EARLY
6816106808,20/09/26 3:57:37,20260920 035737,MA003,MA003,DIS,EARLY,EARLY
0232748652,20/09/26 3:57:49,20260920 035749,MA003,MA003,DIS,EARLY,EARLY
0232748655,20/09/26 3:58:05,20260920 035805,MA003,MA003,DIS,EARLY,EARLY
0232748504,20/09/26 3:58:05,20260920 035805,MB025,MB025,DIS,EARLY,EARLY
0232748503,20/09/26 3:58:21,20260920 035821,MB025,MA031,TRA,EARLY,EARLY
0232748701,20/09/26 3:58:21,20260920 035821,MA003,MA031,TRA,EARLY,EARLY
0232748562,20/09/26 3:58:37,20260920 035837,MB025,MB031,TRA,EARLY,EARLY
0232748666,20/09/26 3:59:13,20260920 035913,MA003,MA003,DIS,EARLY,EARLY
0232748628,20/09/26 3:59:26,20260920 035926,MB025,MB031,TRA,EARLY,EARLY
0232748737,20/09/26 3:59:46,20260920 035946,MA003,MA031,TRA,EARLY,EARLY
0232748701,20/09/26 4:00:33,20260920 040033,MA030,MA003,DIS,OPEN,OPEN
0232748709,20/09/26 4:00:34,20260920 040034,MA030,MA030,TRA,OPEN,OPEN
0232748569,20/09/26 4:00:41,20260920 040041,MB031,MB031,TRA,OPEN,OPEN
0232748520,20/09/26 4:00:53,20260920 040053,MB027,MA030,TRA,OPEN,OPEN
0232748514,20/09/26 4:01:01,20260920 040101,MB027,MA030,TRA,OPEN,OPEN
0232748503,20/09/26 4:01:17,20260920 040117,MB027,MB025,DIS,OPEN,OPEN
0232748562,20/09/26 4:01:33,20260920 040133,MB031,MB025,DIS,OPEN,OPEN
0232748527,20/09/26 4:01:38,20260920 040138,MB027,MA030,TRA,OPEN,OPEN
0232748737,20/09/26 4:01:42,20260920 040142,MA031,MA003,DIS,OPEN,OPEN
0232748532,20/09/26 4:01:46,20260920 040146,MB027,MA030,TRA,OPEN,OPEN
0232748568,20/09/26 4:01:50,20260920 040150,MB030,MB030,TRA,OPEN,OPEN
0232748732,20/09/26 4:01:54,20260920 040154,MB027,MA030,TRA,OPEN,OPEN
0232748747,20/09/26 4:02:02,20260920 040202,MB025,MB037,TRA,EARLY,EARLY
0232748615,20/09/26 4:02:06,20260920 040206,MB025,MB041,TRA,EARLY,EARLY
0232748628,20/09/26 4:02:22,20260920 040222,MB030,MB025,DIS,OPEN,OPEN
0232748709,20/09/26 4:02:33,20260920 040233,MA030,MA003,DIS,OPEN,OPEN
0232748756,20/09/26 4:02:37,20260920 040237,MB025,MA043,TRA,EARLY,EARLY
0232748569,20/09/26 4:02:49,20260920 040249,MB031,MB025,DIS,OPEN,OPEN
0232748520,20/09/26 4:03:01,20260920 040301,MB027,MB025,DIS,OPEN,OPEN
0232748514,20/09/26 4:03:09,20260920 040309,MB027,MB025,DIS,OPEN,OPEN
0232748757,20/09/26 4:03:25,20260920 040325,MB025,MA043,TRA,EARLY,EARLY
0232748527,20/09/26 4:03:37,20260920 040337,MB027,MB025,DIS,OPEN,OPEN
0232748532,20/09/26 4:03:45,20260920 040345,MB027,MB025,DIS,OPEN,OPEN
0232748568,20/09/26 4:03:49,20260920 040349,MB030,MB025,DIS,OPEN,OPEN
0232748732,20/09/26 4:03:53,20260920 040353,MB027,MB025,DIS,OPEN,OPEN
0232748747,20/09/26 4:04:02,20260920 040402,MB025,MB025,DIS,EARLY,EARLY
0232748615,20/09/26 4:04:06,20260920 040406,MB025,MB025,DIS,EARLY,EARLY
0232748756,20/09/26 4:04:38,20260920 040438,MB025,MB025,DIS,EARLY,EARLY
0232748265,20/09/26 4:04:53,20260920 040453,MB025,MB035,TRA,EARLY,EARLY
0232748757,20/09/26 4:05:26,20260920 040526,MB025,MB025,DIS,EARLY,EARLY
0232748265,20/09/26 4:06:53,20260920 040653,MB025,MB025,DIS,EARLY,EARLY
0232749050,20/09/26 4:14:01,20260920 041401,MA031,MA031,TRA,OPEN,OPEN
0232748703,20/09/26 4:14:53,20260920 041453,MA031,MA031,TRA,OPEN,OPEN
0232748866,20/09/26 4:15:13,20260920 041513,MA030,MA030,TRA,OPEN,OPEN
0232748743,20/09/26 4:15:26,20260920 041526,MA030,MA030,TRA,OPEN,OPEN
0232748775,20/09/26 4:15:45,20260920 041545,MA031,MA031,TRA,OPEN,OPEN
0232748802,20/09/26 4:16:05,20260920 041605,MA030,MA030,TRA,OPEN,OPEN
0232748834,20/09/26 4:16:29,20260920 041629,MA031,MA031,TRA,OPEN,OPEN
0232749050,20/09/26 4:17:45,20260920 041745,MA031,MA002,DIS,OPEN,OPEN
0232748703,20/09/26 4:18:25,20260920 041825,MA031,MA002,DIS,OPEN,OPEN
0232748866,20/09/26 4:18:53,20260920 041853,MA030,MA002,DIS,OPEN,OPEN
0232748743,20/09/26 4:19:02,20260920 041902,MA030,MA002,DIS,OPEN,OPEN
0232748775,20/09/26 4:19:17,20260920 041917,MA031,MA002,DIS,OPEN,OPEN
0232748802,20/09/26 4:19:41,20260920 041941,MA030,MA002,DIS,OPEN,OPEN
0232748834,20/09/26 4:20:13,20260920 042013,MA031,MA002,DIS,OPEN,OPEN
0232749219,20/09/26 4:21:50,20260920 042150,MA030,MA030,TRA,OPEN,OPEN
0232749105,20/09/26 4:24:58,20260920 042458,MA031,MA031,TRA,OPEN,OPEN
0232749219,20/09/26 4:25:37,20260920 042537,MA030,MA002,DIS,OPEN,OPEN
0232749105,20/09/26 4:28:34,20260920 042834,MA031,MA002,DIS,OPEN,OPEN
0232749826,20/09/26 4:54:41,20260920 045441,MA032,MA032,TRA,OPEN,OPEN
0232749713,20/09/26 4:56:13,20260920 045613,MB030,MB030,TRA,OPEN,OPEN
0232749826,20/09/26 4:58:13,20260920 045813,MA032,MA002,DIS,OPEN,OPEN
0232749713,20/09/26 4:59:49,20260920 045949,MB030,MB025,DIS,OPEN,OPEN
0232749809,20/09/26 5:03:17,20260920 050317,MB030,MB030,TRA,OPEN,OPEN
0232749809,20/09/26 5:06:53,20260920 050653,MB030,MB025,DIS,OPEN,OPEN
0232736596,20/09/26 5:20:13,20260920 052013,MB025,MC166,TRA,EARLY,EARLY
0232738062,20/09/26 5:20:21,20260920 052021,MB027,MC148,TRA,OPEN,OPEN
0232738307,20/09/26 5:20:42,20260920 052042,MB027,MC149,TRA,OPEN,OPEN
0232736596,20/09/26 5:22:13,20260920 052213,MB025,MB025,DIS,EARLY,EARLY
0232738062,20/09/26 5:22:21,20260920 052221,MB027,MB026,DIS,OPEN,OPEN
0232750162,20/09/26 5:22:25,20260920 052225,MB027,MA010,TRA,OPEN,OPEN
0232738307,20/09/26 5:22:46,20260920 052246,MB027,MB026,DIS,OPEN,OPEN
0232750162,20/09/26 5:24:25,20260920 052425,MB027,MB025,DIS,OPEN,OPEN
0232749975,20/09/26 5:26:29,20260920 052629,MB027,MC103,TRA,OPEN,OPEN
0232750482,20/09/26 5:26:49,20260920 052649,MA033,MA033,TRA,OPEN,OPEN
0232749980,20/09/26 5:26:58,20260920 052658,MB027,MC102,TRA,OPEN,OPEN
0232737916,20/09/26 5:27:06,20260920 052706,MB027,MC160,TRA,OPEN,OPEN
0232749998,20/09/26 5:27:09,20260920 052709,MB027,MC103,TRA,OPEN,OPEN
0232738548,20/09/26 5:27:21,20260920 052721,MB027,MA046,TRA,OPEN,OPEN
0232750486,20/09/26 5:27:34,20260920 052734,MA033,MA033,TRA,OPEN,OPEN
0232750502,20/09/26 5:27:54,20260920 052754,MA032,MA032,TRA,OPEN,OPEN
0232750509,20/09/26 5:28:05,20260920 052805,MA033,MA033,TRA,OPEN,OPEN
0232750483,20/09/26 5:28:17,20260920 052817,MA032,MA032,TRA,OPEN,OPEN
0232750506,20/09/26 5:28:34,20260920 052834,MA033,MA033,TRA,OPEN,OPEN
0232749975,20/09/26 5:28:37,20260920 052837,MB027,MB026,DIS,OPEN,OPEN
0232749980,20/09/26 5:29:05,20260920 052905,MB027,MB026,DIS,OPEN,OPEN
0232749998,20/09/26 5:29:17,20260920 052917,MB027,MB026,DIS,OPEN,OPEN
0232737294,20/09/26 5:29:30,20260920 052930,MB027,MC148,TRA,OPEN,OPEN
0232750540,20/09/26 5:29:30,20260920 052930,MA033,MA033,TRA,OPEN,OPEN
0232738548,20/09/26 5:29:30,20260920 052930,MB027,MB026,DIS,OPEN,OPEN
0232750037,20/09/26 5:29:45,20260920 052945,MB027,MC102,TRA,OPEN,OPEN
0232750352,20/09/26 5:29:45,20260920 052945,MB044,MB044,TRA,OPEN,OPEN
0232750355,20/09/26 5:29:54,20260920 052954,MB044,MB044,TRA,OPEN,OPEN
0232750050,20/09/26 5:30:02,20260920 053002,MB027,MC103,TRA,OPEN,OPEN
0232750048,20/09/26 5:30:13,20260920 053013,MB027,MA038,TRA,OPEN,OPEN
0131159596,20/09/26 5:30:17,20260920 053017,MB016,MB016,TRA,OPEN,OPEN
0232750482,20/09/26 5:30:22,20260920 053022,MA033,MA002,DIS,OPEN,OPEN
0232737916,20/09/26 5:30:41,20260920 053041,MB027,MB025,DIS,OPEN,OPEN
0232750486,20/09/26 5:31:17,20260920 053117,MA033,MA002,DIS,OPEN,OPEN
0232750502,20/09/26 5:31:26,20260920 053126,MA032,MA002,DIS,OPEN,OPEN
0232737294,20/09/26 5:31:30,20260920 053130,MB027,MB026,DIS,OPEN,OPEN
0160352566,20/09/26 5:31:41,20260920 053141,MB027,MC156,TRA,OPEN,OPEN
0232750509,20/09/26 5:31:49,20260920 053149,MA033,MA002,DIS,OPEN,OPEN
0232750037,20/09/26 5:31:54,20260920 053154,MB027,MB026,DIS,OPEN,OPEN
0232750483,20/09/26 5:31:54,20260920 053154,MA032,MA002,DIS,OPEN,OPEN
0232750050,20/09/26 5:32:02,20260920 053202,MB027,MB026,DIS,OPEN,OPEN
0131159596,20/09/26 5:32:17,20260920 053217,MB016,MB026,DIS,OPEN,OPEN
0232750048,20/09/26 5:32:21,20260920 053221,MB027,MB026,DIS,OPEN,OPEN
0232750506,20/09/26 5:32:21,20260920 053221,MA033,MA002,DIS,OPEN,OPEN
0232741736,20/09/26 5:33:02,20260920 053302,MB027,MC161,TRA,OPEN,OPEN
0232750540,20/09/26 5:33:02,20260920 053302,MA033,MA002,DIS,OPEN,OPEN
0232750352,20/09/26 5:33:21,20260920 053321,MB044,MB025,DIS,OPEN,OPEN
0232750600,20/09/26 5:33:26,20260920 053326,MA032,MA032,TRA,OPEN,OPEN
0232750355,20/09/26 5:33:30,20260920 053330,MB044,MB025,DIS,OPEN,OPEN
0160352566,20/09/26 5:33:41,20260920 053341,MB027,MB026,DIS,OPEN,OPEN
0232736924,20/09/26 5:33:45,20260920 053345,MB027,MC149,TRA,OPEN,OPEN
0232738098,20/09/26 5:33:54,20260920 053354,MB027,MC148,TRA,OPEN,OPEN
0232741736,20/09/26 5:35:02,20260920 053502,MB027,MB026,DIS,OPEN,OPEN
0232737653,20/09/26 5:35:21,20260920 053521,MB027,MC161,TRA,OPEN,OPEN
0232750134,20/09/26 5:35:29,20260920 053529,MB027,MA043,TRA,OPEN,OPEN
0232736924,20/09/26 5:35:45,20260920 053545,MB027,MB026,DIS,OPEN,OPEN
0232750043,20/09/26 5:35:49,20260920 053549,MB018,MB018,TRA,OPEN,OPEN
0232738098,20/09/26 5:35:53,20260920 053553,MB027,MB026,DIS,OPEN,OPEN
0232741788,20/09/26 5:36:01,20260920 053601,MB044,MB044,TRA,OPEN,OPEN
0232743053,20/09/26 5:36:10,20260920 053610,MB025,MB024,TRA,EARLY,EARLY
0232743098,20/09/26 5:36:30,20260920 053630,MB027,MC150,TRA,OPEN,OPEN
0232750600,20/09/26 5:37:13,20260920 053713,MA032,MA002,DIS,OPEN,OPEN
0232741811,20/09/26 5:37:17,20260920 053717,MB027,MA041,TRA,OPEN,OPEN
0232737653,20/09/26 5:37:22,20260920 053722,MB027,MB026,DIS,OPEN,OPEN
0232750134,20/09/26 5:37:29,20260920 053729,MB027,MB026,DIS,OPEN,OPEN
0232743092,20/09/26 5:37:33,20260920 053733,MB027,MC151,TRA,OPEN,OPEN
0232743181,20/09/26 5:37:50,20260920 053750,MB027,MC150,TRA,OPEN,OPEN
0232750043,20/09/26 5:37:57,20260920 053757,MB018,MB026,DIS,OPEN,OPEN
0232742993,20/09/26 5:37:57,20260920 053757,MB027,MA035,TRA,OPEN,OPEN
0232741788,20/09/26 5:38:10,20260920 053810,MB044,MB026,DIS,OPEN,OPEN
0232743148,20/09/26 5:38:10,20260920 053810,MB027,MC151,TRA,OPEN,OPEN
0232743280,20/09/26 5:38:13,20260920 053813,MB027,MA041,TRA,OPEN,OPEN
0131159590,20/09/26 5:38:30,20260920 053830,MB016,MB016,TRA,OPEN,OPEN
0232743098,20/09/26 5:38:30,20260920 053830,MB027,MB026,DIS,OPEN,OPEN
0232738532,20/09/26 5:38:37,20260920 053837,MB027,MA045,TRA,OPEN,OPEN
0232736940,20/09/26 5:38:41,20260920 053841,MB027,MC149,TRA,OPEN,OPEN
0232736782,20/09/26 5:38:45,20260920 053845,MB027,MA043,TRA,OPEN,OPEN
0232742344,20/09/26 5:38:50,20260920 053850,MB027,MC150,TRA,OPEN,OPEN
0232742924,20/09/26 5:38:58,20260920 053858,MB027,MA045,TRA,OPEN,OPEN
0232750055,20/09/26 5:39:13,20260920 053913,MB019,MB019,TRA,OPEN,OPEN
0232741811,20/09/26 5:39:17,20260920 053917,MB027,MB026,DIS,OPEN,OPEN
0232750069,20/09/26 5:39:22,20260920 053922,MB019,MB019,TRA,OPEN,OPEN
0232738585,20/09/26 5:39:29,20260920 053929,MB027,MA043,TRA,OPEN,OPEN
0232743092,20/09/26 5:39:33,20260920 053933,MB027,MB026,DIS,OPEN,OPEN
0232750070,20/09/26 5:39:41,20260920 053941,MB018,MB018,TRA,OPEN,OPEN
0232738554,20/09/26 5:39:42,20260920 053942,MB027,MA043,TRA,OPEN,OPEN
0232743053,20/09/26 5:39:46,20260920 053946,MB025,MB025,DIS,EARLY,EARLY
0232750079,20/09/26 5:39:49,20260920 053949,MB019,MB019,TRA,OPEN,OPEN
0232743181,20/09/26 5:39:57,20260920 053957,MB027,MB026,DIS,OPEN,OPEN
0232742993,20/09/26 5:40:06,20260920 054006,MB027,MB026,DIS,OPEN,OPEN
0232743280,20/09/26 5:40:13,20260920 054013,MB027,MB026,DIS,OPEN,OPEN
0232741958,20/09/26 5:40:17,20260920 054017,MB027,MC160,TRA,OPEN,OPEN
0232743148,20/09/26 5:40:17,20260920 054017,MB027,MB026,DIS,OPEN,OPEN
0232750253,20/09/26 5:40:21,20260920 054021,MB046,MB046,TRA,OPEN,OPEN
0131159590,20/09/26 5:40:30,20260920 054030,MB016,MB026,DIS,OPEN,OPEN
0232738532,20/09/26 5:40:37,20260920 054037,MB027,MB026,DIS,OPEN,OPEN
0232736940,20/09/26 5:40:41,20260920 054041,MB027,MB026,DIS,OPEN,OPEN
0232736782,20/09/26 5:40:45,20260920 054045,MB027,MB026,DIS,OPEN,OPEN
0232742344,20/09/26 5:40:49,20260920 054049,MB027,MB026,DIS,OPEN,OPEN
0232738531,20/09/26 5:40:58,20260920 054058,MB027,MA043,TRA,OPEN,OPEN
0232750055,20/09/26 5:41:14,20260920 054114,MB019,MB026,DIS,OPEN,OPEN
0232750069,20/09/26 5:41:22,20260920 054122,MB019,MB026,DIS,OPEN,OPEN
0232738585,20/09/26 5:41:33,20260920 054133,MB027,MB026,DIS,OPEN,OPEN
0232750070,20/09/26 5:41:41,20260920 054141,MB018,MB026,DIS,OPEN,OPEN
0232738554,20/09/26 5:41:50,20260920 054150,MB027,MB026,DIS,OPEN,OPEN
0232750079,20/09/26 5:41:58,20260920 054158,MB019,MB026,DIS,OPEN,OPEN
0232738873,20/09/26 5:42:01,20260920 054201,MB027,MA044,TRA,OPEN,OPEN
0232750301,20/09/26 5:42:21,20260920 054221,MB027,MA009,TRA,OPEN,OPEN
0232750253,20/09/26 5:42:21,20260920 054221,MB046,MB026,DIS,OPEN,OPEN
0232743227,20/09/26 5:42:21,20260920 054221,MB027,MA041,TRA,OPEN,OPEN
0232741958,20/09/26 5:42:25,20260920 054225,MB027,MB026,DIS,OPEN,OPEN
0232742924,20/09/26 5:42:33,20260920 054233,MB027,MB025,DIS,OPEN,OPEN
0232738531,20/09/26 5:42:57,20260920 054257,MB027,MB026,DIS,OPEN,OPEN
0232737961,20/09/26 5:43:58,20260920 054358,MB027,MA043,TRA,OPEN,OPEN
0232738873,20/09/26 5:44:01,20260920 054401,MB027,MB026,DIS,OPEN,OPEN
0232743227,20/09/26 5:44:21,20260920 054421,MB027,MB026,DIS,OPEN,OPEN
0232750301,20/09/26 5:44:29,20260920 054429,MB027,MB026,DIS,OPEN,OPEN
0232737229,20/09/26 5:45:02,20260920 054502,MB027,MC112,TRA,OPEN,OPEN
0232737650,20/09/26 5:45:13,20260920 054513,MB027,MA036,TRA,OPEN,OPEN
0232737497,20/09/26 5:45:17,20260920 054517,MB027,MC161,TRA,OPEN,OPEN
0232741743,20/09/26 5:45:17,20260920 054517,MB027,MC160,TRA,OPEN,OPEN
0232737630,20/09/26 5:45:26,20260920 054526,MB027,MA038,TRA,OPEN,OPEN
0232737961,20/09/26 5:46:01,20260920 054601,MB027,MB026,DIS,OPEN,OPEN
0232736768,20/09/26 5:46:05,20260920 054605,MB027,MA043,TRA,OPEN,OPEN
0232737485,20/09/26 5:46:21,20260920 054621,MB027,MC160,TRA,OPEN,OPEN
0232750225,20/09/26 5:46:53,20260920 054653,MB027,MA038,TRA,OPEN,OPEN
0232737229,20/09/26 5:47:05,20260920 054705,MB027,MB026,DIS,OPEN,OPEN
0232737650,20/09/26 5:47:13,20260920 054713,MB027,MB026,DIS,OPEN,OPEN
0232741743,20/09/26 5:47:18,20260920 054718,MB027,MB026,DIS,OPEN,OPEN
0232737497,20/09/26 5:47:22,20260920 054722,MB027,MB026,DIS,OPEN,OPEN
0232737630,20/09/26 5:47:34,20260920 054734,MB027,MB026,DIS,OPEN,OPEN
0232737174,20/09/26 5:47:41,20260920 054741,MB027,MA043,TRA,OPEN,OPEN
0232736784,20/09/26 5:47:41,20260920 054741,MB027,MA043,TRA,OPEN,OPEN
0232735746,20/09/26 5:47:46,20260920 054746,MB027,MA037,TRA,OPEN,OPEN
0232737473,20/09/26 5:47:57,20260920 054757,MB027,MC161,TRA,OPEN,OPEN
0232736768,20/09/26 5:48:06,20260920 054806,MB027,MB026,DIS,OPEN,OPEN
0232737322,20/09/26 5:48:17,20260920 054817,MB027,MA043,TRA,OPEN,OPEN
0232737485,20/09/26 5:48:25,20260920 054825,MB027,MB026,DIS,OPEN,OPEN
0232750046,20/09/26 5:48:34,20260920 054834,MB018,MB018,TRA,OPEN,OPEN
0232737624,20/09/26 5:48:40,20260920 054840,MA037,MA037,TRA,OPEN,OPEN
0232750225,20/09/26 5:49:01,20260920 054901,MB027,MB026,DIS,OPEN,OPEN
0232736784,20/09/26 5:49:42,20260920 054942,MB027,MB026,DIS,OPEN,OPEN
0232737174,20/09/26 5:49:50,20260920 054950,MB027,MB026,DIS,OPEN,OPEN
0232735746,20/09/26 5:49:53,20260920 054953,MB027,MB026,DIS,OPEN,OPEN
0232737322,20/09/26 5:50:18,20260920 055018,MB027,MB026,DIS,OPEN,OPEN
0232735888,20/09/26 5:50:37,20260920 055037,MB027,MA045,TRA,OPEN,OPEN
0232750046,20/09/26 5:50:37,20260920 055037,MB018,MB026,DIS,OPEN,OPEN
0232737624,20/09/26 5:50:46,20260920 055046,MA037,MA001,DIS,OPEN,OPEN
0232739105,20/09/26 5:50:46,20260920 055046,MB027,MA043,TRA,OPEN,OPEN
0232737473,20/09/26 5:51:30,20260920 055130,MB027,MB025,DIS,OPEN,OPEN
0232736281,20/09/26 5:52:26,20260920 055226,MB027,MA036,TRA,OPEN,OPEN
0232735888,20/09/26 5:52:37,20260920 055237,MB027,MB026,DIS,OPEN,OPEN
0232739105,20/09/26 5:52:45,20260920 055245,MB027,MB026,DIS,OPEN,OPEN
0081810098,20/09/26 5:54:05,20260920 055405,MB027,MA039,TRA,OPEN,OPEN
0232736281,20/09/26 5:54:34,20260920 055434,MB027,MB026,DIS,OPEN,OPEN
0232736248,20/09/26 5:54:45,20260920 055445,MB027,MC109,TRA,OPEN,OPEN
0232735215,20/09/26 5:55:13,20260920 055513,MB027,MC149,TRA,OPEN,OPEN
0232736267,20/09/26 5:55:21,20260920 055521,MB027,MA037,TRA,OPEN,OPEN
0232736517,20/09/26 5:55:34,20260920 055534,MB027,MC202,TRA,OPEN,OPEN
0232736976,20/09/26 5:55:38,20260920 055538,MB027,MA036,TRA,OPEN,OPEN
0081810098,20/09/26 5:56:05,20260920 055605,MB027,MB026,DIS,OPEN,OPEN
0232736248,20/09/26 5:56:45,20260920 055645,MB027,MB026,DIS,OPEN,OPEN
0232735496,20/09/26 5:56:45,20260920 055645,MB027,MC149,TRA,OPEN,OPEN
0232735215,20/09/26 5:57:13,20260920 055713,MB027,MB026,DIS,OPEN,OPEN
0232736267,20/09/26 5:57:26,20260920 055726,MB027,MB026,DIS,OPEN,OPEN
0232736517,20/09/26 5:57:34,20260920 055734,MB027,MB026,DIS,OPEN,OPEN
0232736976,20/09/26 5:57:38,20260920 055738,MB027,MB026,DIS,OPEN,OPEN
0232735496,20/09/26 5:58:45,20260920 055845,MB027,MB026,DIS,OPEN,OPEN
0232735791,20/09/26 6:01:33,20260920 060133,MB027,MA043,TRA,OPEN,OPEN
0232739437,20/09/26 6:01:42,20260920 060142,MB027,MA016,TRA,OPEN,OPEN
0232751429,20/09/26 6:02:40,20260920 060240,MB030,MB030,TRA,OPEN,OPEN
0232735791,20/09/26 6:03:33,20260920 060333,MB027,MB026,DIS,OPEN,OPEN
0232739437,20/09/26 6:03:50,20260920 060350,MB027,MB026,DIS,OPEN,OPEN
0232736423,20/09/26 6:04:21,20260920 060421,MB027,MA016,TRA,OPEN,OPEN
0232736423,20/09/26 6:06:22,20260920 060622,MB027,MB026,DIS,OPEN,OPEN
0232751429,20/09/26 6:06:22,20260920 060622,MB030,MB025,DIS,OPEN,OPEN
0232741676,20/09/26 6:13:06,20260920 061306,MC165,MC165,TRA,OPEN,OPEN
0232741713,20/09/26 6:14:02,20260920 061402,MC165,MC165,TRA,OPEN,OPEN
0232741179,20/09/26 6:14:10,20260920 061410,MC165,MC165,TRA,OPEN,OPEN
0784443156,20/09/26 6:14:30,20260920 061430,MC166,MC166,TRA,OPEN,OPEN
0232741373,20/09/26 6:15:22,20260920 061522,MC166,MC166,TRA,OPEN,OPEN
0232741676,20/09/26 6:21:21,20260920 062121,MC165,MC104,DIS,OPEN,OPEN
0232741713,20/09/26 6:22:18,20260920 062218,MC165,MC104,DIS,OPEN,OPEN
0232741179,20/09/26 6:22:21,20260920 062221,MC165,MC104,DIS,OPEN,OPEN
0784443156,20/09/26 6:22:42,20260920 062242,MC166,MC104,DIS,OPEN,OPEN
0232741373,20/09/26 6:23:33,20260920 062333,MC166,MC104,DIS,OPEN,OPEN
0232738930,20/09/26 6:24:06,20260920 062406,MC244,MC244,TRA,OPEN,OPEN
0232737468,20/09/26 6:25:06,20260920 062506,MC244,MC244,TRA,OPEN,OPEN
0232738930,20/09/26 6:29:02,20260920 062902,MC244,MC233,DIS,OPEN,OPEN
0232737468,20/09/26 6:30:25,20260920 063025,MC244,MC233,DIS,OPEN,OPEN
0232741363,20/09/26 6:30:53,20260920 063053,MB039,MB039,TRA,OPEN,OPEN
0232741363,20/09/26 6:34:30,20260920 063430,MB039,MB025,DIS,OPEN,OPEN
0232741348,20/09/26 6:36:05,20260920 063605,MB039,MB039,TRA,OPEN,OPEN
0232738466,20/09/26 6:36:17,20260920 063617,MB039,MB039,TRA,OPEN,OPEN
0232741348,20/09/26 6:39:46,20260920 063946,MB039,MB025,DIS,OPEN,OPEN
0232738466,20/09/26 6:40:02,20260920 064002,MB039,MB025,DIS,OPEN,OPEN
0232738312,20/09/26 6:41:38,20260920 064138,,MC148,TRA,OPEN,HBS
0232738259,20/09/26 6:41:50,20260920 064150,,MC148,TRA,OPEN,HBS
0232738246,20/09/26 6:42:10,20260920 064210,,MC149,TRA,OPEN,HBS
0232752667,20/09/26 6:42:18,20260920 064218,MB039,MB039,TRA,OPEN,OPEN
0232752345,20/09/26 6:42:41,20260920 064241,MB039,MB039,TRA,OPEN,OPEN
0232738312,20/09/26 6:43:10,20260920 064310,,MC104,DIS,OPEN,HBS
0232738246,20/09/26 6:43:42,20260920 064342,,MC104,DIS,OPEN,HBS
0232738259,20/09/26 6:44:06,20260920 064406,,MC104,DIS,OPEN,HBS
0232752160,20/09/26 6:45:21,20260920 064521,MB039,MB039,TRA,OPEN,OPEN
0232753100,20/09/26 6:45:37,20260920 064537,MB039,MB039,TRA,OPEN,OPEN
0232752346,20/09/26 6:45:53,20260920 064553,MB039,MB039,TRA,OPEN,OPEN
0232752667,20/09/26 6:46:02,20260920 064602,MB039,MB025,DIS,OPEN,OPEN
0232752345,20/09/26 6:46:18,20260920 064618,MB039,MB025,DIS,OPEN,OPEN
0232738305,20/09/26 6:46:33,20260920 064633,MA032,MA032,TRA,OPEN,OPEN
0232752347,20/09/26 6:46:42,20260920 064642,MB039,MB039,TRA,OPEN,OPEN
0232753170,20/09/26 6:46:49,20260920 064649,MB039,MB039,TRA,OPEN,OPEN
0232753252,20/09/26 6:47:09,20260920 064709,MB039,MB039,TRA,OPEN,OPEN
0232736934,20/09/26 6:47:09,20260920 064709,,MC149,TRA,OPEN,HBS
0232753048,20/09/26 6:47:54,20260920 064754,MB037,MB037,TRA,OPEN,OPEN
0232753208,20/09/26 6:48:01,20260920 064801,MB037,MB037,TRA,OPEN,OPEN
0232753053,20/09/26 6:48:14,20260920 064814,MB038,MB038,TRA,OPEN,OPEN
0232736934,20/09/26 6:48:42,20260920 064842,,MC104,DIS,OPEN,HBS
0232752160,20/09/26 6:48:54,20260920 064854,MB039,MB025,DIS,OPEN,OPEN
0232753100,20/09/26 6:49:13,20260920 064913,MB039,MB025,DIS,OPEN,OPEN
0232752346,20/09/26 6:49:38,20260920 064938,MB039,MB025,DIS,OPEN,OPEN
0232738305,20/09/26 6:50:13,20260920 065013,MA032,MA002,DIS,OPEN,OPEN
0232752347,20/09/26 6:50:18,20260920 065018,MB039,MB025,DIS,OPEN,OPEN
0232752981,20/09/26 6:50:22,20260920 065022,MB038,MB038,TRA,OPEN,OPEN
0232753170,20/09/26 6:50:25,20260920 065025,MB039,MB025,DIS,OPEN,OPEN
0232753252,20/09/26 6:50:49,20260920 065049,MB039,MB025,DIS,OPEN,OPEN
0232737769,20/09/26 6:50:53,20260920 065053,,MC148,TRA,OPEN,HBS
0232753103,20/09/26 6:50:57,20260920 065057,MB038,MB038,TRA,OPEN,OPEN
0232745947,20/09/26 6:51:01,20260920 065101,MA039,MA039,TRA,OPEN,OPEN
0232753048,20/09/26 6:51:26,20260920 065126,MB037,MB025,DIS,OPEN,OPEN
0819447272,20/09/26 6:51:26,20260920 065126,MB014,MB014,TRA,OPEN,OPEN
0232753208,20/09/26 6:51:45,20260920 065145,MB037,MB025,DIS,OPEN,OPEN
0232753053,20/09/26 6:51:50,20260920 065150,MB038,MB025,DIS,OPEN,OPEN
0232736705,20/09/26 6:52:02,20260920 065202,MA037,MA037,TRA,OPEN,OPEN
0819447274,20/09/26 6:52:18,20260920 065218,MB014,MB014,TRA,OPEN,OPEN
0232737769,20/09/26 6:52:30,20260920 065230,,MC104,DIS,OPEN,HBS
0232739771,20/09/26 6:53:06,20260920 065306,MA045,MA045,TRA,OPEN,OPEN
0232745903,20/09/26 6:53:50,20260920 065350,MA039,MA039,TRA,OPEN,OPEN
0232752981,20/09/26 6:53:57,20260920 065357,MB038,MB025,DIS,OPEN,OPEN
0232752815,20/09/26 6:54:18,20260920 065418,MA001,MC112,TRA,OPEN,OPEN
0232745947,20/09/26 6:54:34,20260920 065434,MA039,MA002,DIS,OPEN,OPEN
0232753103,20/09/26 6:54:34,20260920 065434,MB038,MB025,DIS,OPEN,OPEN
0232744664,20/09/26 6:54:53,20260920 065453,MA001,MC142,TRA,OPEN,OPEN
0819447272,20/09/26 6:55:02,20260920 065502,MB014,MB025,DIS,OPEN,OPEN
0232736705,20/09/26 6:55:42,20260920 065542,MA037,MA002,DIS,OPEN,OPEN
0819447274,20/09/26 6:55:53,20260920 065553,MB014,MB025,DIS,OPEN,OPEN
0819447270,20/09/26 6:56:09,20260920 065609,MB014,MB014,TRA,OPEN,OPEN
0232752815,20/09/26 6:56:30,20260920 065630,MA001,MA001,DIS,OPEN,OPEN
0232739771,20/09/26 6:56:45,20260920 065645,MA045,MA002,DIS,OPEN,OPEN
0232744664,20/09/26 6:56:50,20260920 065650,MA001,MA001,DIS,OPEN,OPEN
0819447289,20/09/26 6:56:54,20260920 065654,MB014,MB014,TRA,OPEN,OPEN
0819447285,20/09/26 6:57:22,20260920 065722,MB014,MB014,TRA,OPEN,OPEN
0232745903,20/09/26 6:57:34,20260920 065734,MA039,MA002,DIS,OPEN,OPEN
0232753004,20/09/26 6:58:06,20260920 065806,MA001,MC142,TRA,OPEN,OPEN
0232752967,20/09/26 6:58:10,20260920 065810,MA001,MC146,TRA,OPEN,OPEN
0819447270,20/09/26 6:59:53,20260920 065953,MB014,MB025,DIS,OPEN,OPEN
0232753004,20/09/26 7:00:06,20260920 070006,MA001,MA001,DIS,OPEN,OPEN
0232752967,20/09/26 7:00:21,20260920 070021,MA001,MA001,DIS,OPEN,OPEN
0819447289,20/09/26 7:00:30,20260920 070030,MB014,MB025,DIS,OPEN,OPEN
0819447302,20/09/26 7:00:54,20260920 070054,MB014,MB014,TRA,OPEN,OPEN
0819447285,20/09/26 7:00:58,20260920 070058,MB014,MB025,DIS,OPEN,OPEN
0819447283,20/09/26 7:01:41,20260920 070141,MB014,MB014,TRA,OPEN,OPEN
0232754114,20/09/26 7:03:09,20260920 070309,MA045,MA045,TRA,OPEN,OPEN
0819447302,20/09/26 7:04:26,20260920 070426,MB014,MB025,DIS,OPEN,OPEN
0819447283,20/09/26 7:05:22,20260920 070522,MB014,MB025,DIS,OPEN,OPEN
0232745679,20/09/26 7:05:26,20260920 070526,MA033,MA033,TRA,OPEN,OPEN
0232752773,20/09/26 7:05:26,20260920 070526,MA033,MA033,TRA,OPEN,OPEN
0232745599,20/09/26 7:05:38,20260920 070538,MA032,MA032,TRA,OPEN,OPEN
0232744676,20/09/26 7:05:38,20260920 070538,MA033,MA033,TRA,OPEN,OPEN
0232744622,20/09/26 7:05:54,20260920 070554,MA033,MA033,TRA,OPEN,OPEN
0232744356,20/09/26 7:06:45,20260920 070645,MA032,MA032,TRA,OPEN,OPEN
4816699828,20/09/26 7:06:45,20260920 070645,MB054,MB054,TRA,OPEN,OPEN
0232754114,20/09/26 7:06:45,20260920 070645,MA045,MA002,DIS,OPEN,OPEN
0819447333,20/09/26 7:08:13,20260920 070813,MB014,MB014,TRA,OPEN,OPEN
4816699828,20/09/26 7:08:54,20260920 070854,MB054,MB026,DIS,OPEN,OPEN
0232745679,20/09/26 7:08:57,20260920 070857,MA033,MA002,DIS,OPEN,OPEN
0232752773,20/09/26 7:09:06,20260920 070906,MA033,MA002,DIS,OPEN,OPEN
0232744676,20/09/26 7:09:09,20260920 070909,MA033,MA002,DIS,OPEN,OPEN
0232745599,20/09/26 7:09:22,20260920 070922,MA032,MA002,DIS,OPEN,OPEN
0232744622,20/09/26 7:09:25,20260920 070925,MA033,MA002,DIS,OPEN,OPEN
0232744319,20/09/26 7:09:37,20260920 070937,MA033,MA033,TRA,OPEN,OPEN
0232745175,20/09/26 7:09:46,20260920 070946,MA032,MA032,TRA,OPEN,OPEN
4816699837,20/09/26 7:09:46,20260920 070946,MB054,MB054,TRA,OPEN,OPEN
0232754040,20/09/26 7:09:49,20260920 070949,MB046,MB046,TRA,OPEN,OPEN
0232754238,20/09/26 7:10:22,20260920 071022,MB044,MB044,TRA,OPEN,OPEN
0232744356,20/09/26 7:10:29,20260920 071029,MA032,MA002,DIS,OPEN,OPEN
0819447337,20/09/26 7:10:34,20260920 071034,MB014,MB014,TRA,OPEN,OPEN
0607556330,20/09/26 7:10:41,20260920 071041,MB027,MA007,TRA,OPEN,OPEN
0232754280,20/09/26 7:11:29,20260920 071129,MB046,MB046,TRA,OPEN,OPEN
4816699895,20/09/26 7:11:50,20260920 071150,MB054,MB054,TRA,OPEN,OPEN
4816699837,20/09/26 7:11:53,20260920 071153,MB054,MB026,DIS,OPEN,OPEN
0819447333,20/09/26 7:11:53,20260920 071153,MB014,MB025,DIS,OPEN,OPEN
0232754448,20/09/26 7:12:05,20260920 071205,MB046,MB046,TRA,OPEN,OPEN
0232754140,20/09/26 7:12:38,20260920 071238,MB046,MB046,TRA,OPEN,OPEN
0607556330,20/09/26 7:12:49,20260920 071249,MB027,MB026,DIS,OPEN,OPEN
0232754181,20/09/26 7:12:58,20260920 071258,MB046,MB046,TRA,OPEN,OPEN
4816699843,20/09/26 7:13:14,20260920 071314,MB054,MB054,TRA,OPEN,OPEN
0232745175,20/09/26 7:13:21,20260920 071321,MA032,MA002,DIS,OPEN,OPEN
0232744319,20/09/26 7:13:26,20260920 071326,MA033,MA002,DIS,OPEN,OPEN
0232754040,20/09/26 7:13:37,20260920 071337,MB046,MB025,DIS,OPEN,OPEN
0232754238,20/09/26 7:13:58,20260920 071358,MB044,MB025,DIS,OPEN,OPEN
0819447337,20/09/26 7:14:10,20260920 071410,MB014,MB025,DIS,OPEN,OPEN
4816699847,20/09/26 7:14:58,20260920 071458,MA001,MB054,TRA,OPEN,OPEN
0232754280,20/09/26 7:15:05,20260920 071505,MB046,MB025,DIS,OPEN,OPEN
4816699843,20/09/26 7:15:22,20260920 071522,MB054,MB026,DIS,OPEN,OPEN
0232754448,20/09/26 7:15:42,20260920 071542,MB046,MB025,DIS,OPEN,OPEN
4816699895,20/09/26 7:15:42,20260920 071542,MB054,MB025,DIS,OPEN,OPEN
0819447348,20/09/26 7:16:01,20260920 071601,MB014,MB014,TRA,OPEN,OPEN
0232743902,20/09/26 7:16:26,20260920 071626,MC235,MC142,TRA,OPEN,OPEN
0232754140,20/09/26 7:16:26,20260920 071626,MB046,MB025,DIS,OPEN,OPEN
0232754181,20/09/26 7:16:45,20260920 071645,MB046,MB025,DIS,OPEN,OPEN
4816699847,20/09/26 7:17:02,20260920 071702,MA001,MA001,DIS,OPEN,OPEN
0819447379,20/09/26 7:17:54,20260920 071754,MB014,MB014,TRA,OPEN,OPEN
0232743902,20/09/26 7:18:30,20260920 071830,MC235,MC235,DIS,OPEN,OPEN
0176207508,20/09/26 7:19:09,20260920 071909,MB025,MA006,TRA,EARLY,EARLY
0819447348,20/09/26 7:19:38,20260920 071938,MB014,MB025,DIS,OPEN,OPEN
0819447378,20/09/26 7:20:14,20260920 072014,MB014,MB014,TRA,OPEN,OPEN
0232745880,20/09/26 7:20:14,20260920 072014,MA001,MC146,TRA,OPEN,OPEN
0819447384,20/09/26 7:20:26,20260920 072026,MB014,MB014,TRA,OPEN,OPEN
0819447350,20/09/26 7:20:54,20260920 072054,MB014,MB014,TRA,OPEN,OPEN
0176207508,20/09/26 7:21:10,20260920 072110,MB027,MB026,DIS,OPEN,OPEN
0819447379,20/09/26 7:21:25,20260920 072125,MB014,MB025,DIS,OPEN,OPEN
0816466054,20/09/26 7:21:34,20260920 072134,MB027,MA005,TRA,OPEN,OPEN
0176207456,20/09/26 7:21:41,20260920 072141,MB027,MA005,TRA,OPEN,OPEN
0232745880,20/09/26 7:22:26,20260920 072226,MA001,MA001,DIS,OPEN,OPEN
0618266355,20/09/26 7:23:38,20260920 072338,MB025,MB007,TRA,EARLY,EARLY
0176207456,20/09/26 7:23:42,20260920 072342,MB027,MB026,DIS,OPEN,OPEN
0232754031,20/09/26 7:23:45,20260920 072345,MB025,MB029,TRA,EARLY,EARLY
0819447388,20/09/26 7:23:50,20260920 072350,MB014,MB014,TRA,OPEN,OPEN
0819447378,20/09/26 7:23:54,20260920 072354,MB014,MB025,DIS,OPEN,OPEN
0819447384,20/09/26 7:24:01,20260920 072401,MB014,MB025,DIS,OPEN,OPEN
0176207499,20/09/26 7:24:10,20260920 072410,MB027,MA005,TRA,OPEN,OPEN
0232743626,20/09/26 7:24:21,20260920 072421,MB025,MA029,TRA,EARLY,EARLY
0819447350,20/09/26 7:24:37,20260920 072437,MB014,MB025,DIS,OPEN,OPEN
0816466054,20/09/26 7:25:17,20260920 072517,MB027,MB025,DIS,OPEN,OPEN
0618266355,20/09/26 7:25:38,20260920 072538,MB025,MB026,DIS,OPEN,OPEN
0232754031,20/09/26 7:25:54,20260920 072554,MB025,MB026,DIS,OPEN,OPEN
0176207499,20/09/26 7:26:18,20260920 072618,MB027,MB026,DIS,OPEN,OPEN
0232743626,20/09/26 7:26:29,20260920 072629,MB025,MB026,DIS,OPEN,OPEN
0819447395,20/09/26 7:27:02,20260920 072702,MB014,MB014,TRA,OPEN,OPEN
0819447388,20/09/26 7:27:26,20260920 072726,MB014,MB025,DIS,OPEN,OPEN
0232753663,20/09/26 7:28:34,20260920 072834,MB027,MA029,TRA,OPEN,OPEN
0176208163,20/09/26 7:29:09,20260920 072909,MB027,MA006,TRA,OPEN,OPEN
0176207137,20/09/26 7:29:17,20260920 072917,MB027,MA005,TRA,OPEN,OPEN
0819447389,20/09/26 7:30:26,20260920 073026,MB014,MB014,TRA,OPEN,OPEN
0232753663,20/09/26 7:30:33,20260920 073033,MB027,MB026,DIS,OPEN,OPEN
0819447395,20/09/26 7:30:42,20260920 073042,MB014,MB025,DIS,OPEN,OPEN
0232753660,20/09/26 7:31:05,20260920 073105,MB029,MB029,TRA,OPEN,OPEN
0176208163,20/09/26 7:31:09,20260920 073109,MB027,MB026,DIS,OPEN,OPEN
0176206908,20/09/26 7:31:14,20260920 073114,MB027,MA005,TRA,OPEN,OPEN
0176207137,20/09/26 7:31:18,20260920 073118,MB027,MB026,DIS,OPEN,OPEN
0176206908,20/09/26 7:33:13,20260920 073313,MB027,MB026,DIS,OPEN,OPEN
0819447414,20/09/26 7:33:22,20260920 073322,MB014,MB014,TRA,OPEN,OPEN
0232753660,20/09/26 7:33:53,20260920 073353,MB029,MB026,DIS,OPEN,OPEN
0819447398,20/09/26 7:34:02,20260920 073402,MB014,MB014,TRA,OPEN,OPEN
0819447389,20/09/26 7:34:05,20260920 073405,MB014,MB025,DIS,OPEN,OPEN
0232746032,20/09/26 7:34:13,20260920 073413,MC235,MB019,TRA,EARLY,EARLY
0176206915,20/09/26 7:34:18,20260920 073418,MB027,MA005,TRA,OPEN,OPEN
0232754553,20/09/26 7:34:25,20260920 073425,MB027,MA029,TRA,OPEN,OPEN
0176207603,20/09/26 7:34:33,20260920 073433,MB027,MA005,TRA,OPEN,OPEN
0232754977,20/09/26 7:34:41,20260920 073441,MB048,MB048,TRA,OPEN,OPEN
0819447401,20/09/26 7:34:50,20260920 073450,MB014,MB014,TRA,OPEN,OPEN
0232755324,20/09/26 7:35:13,20260920 073513,MB048,MB048,TRA,OPEN,OPEN
0176207541,20/09/26 7:35:37,20260920 073537,MB027,MA005,TRA,OPEN,OPEN
0232744017,20/09/26 7:36:01,20260920 073601,MA001,MC146,TRA,OPEN,OPEN
0232746032,20/09/26 7:36:13,20260920 073613,MC235,MC235,DIS,EARLY,EARLY
0232751530,20/09/26 7:36:18,20260920 073618,MB048,MB048,TRA,OPEN,OPEN
0176206915,20/09/26 7:36:18,20260920 073618,MB027,MB026,DIS,OPEN,OPEN
0819447408,20/09/26 7:36:29,20260920 073629,MB014,MB014,TRA,OPEN,OPEN
0232754553,20/09/26 7:36:34,20260920 073634,MB027,MB026,DIS,OPEN,OPEN
0819447403,20/09/26 7:36:57,20260920 073657,MB014,MB014,TRA,OPEN,OPEN
0819447414,20/09/26 7:36:57,20260920 073657,MB014,MB025,DIS,OPEN,OPEN
0232754020,20/09/26 7:37:05,20260920 073705,MB027,MA029,TRA,OPEN,OPEN
0176208173,20/09/26 7:37:14,20260920 073714,MB027,MA005,TRA,OPEN,OPEN
0176208368,20/09/26 7:37:21,20260920 073721,MB027,MA005,TRA,OPEN,OPEN
0819447413,20/09/26 7:37:25,20260920 073725,MB014,MB014,TRA,OPEN,OPEN
0176207541,20/09/26 7:37:37,20260920 073737,MB027,MB026,DIS,OPEN,OPEN
0819447398,20/09/26 7:37:46,20260920 073746,MB014,MB025,DIS,OPEN,OPEN
0232744017,20/09/26 7:37:57,20260920 073757,MA001,MA001,DIS,OPEN,OPEN
0176207603,20/09/26 7:38:10,20260920 073810,MB027,MB025,DIS,OPEN,OPEN
0232754977,20/09/26 7:38:18,20260920 073818,MB048,MB025,DIS,OPEN,OPEN
0176207745,20/09/26 7:38:30,20260920 073830,MB027,MA006,TRA,OPEN,OPEN
0819447401,20/09/26 7:38:33,20260920 073833,MB014,MB025,DIS,OPEN,OPEN
0819447394,20/09/26 7:38:38,20260920 073838,MB014,MB014,TRA,OPEN,OPEN
0232755324,20/09/26 7:38:58,20260920 073858,MB048,MB025,DIS,OPEN,OPEN
0232754848,20/09/26 7:39:06,20260920 073906,MA001,MC112,TRA,OPEN,OPEN
0232745305,20/09/26 7:39:13,20260920 073913,MA001,MC161,TRA,OPEN,OPEN
0232754020,20/09/26 7:39:13,20260920 073913,MB027,MB026,DIS,OPEN,OPEN
0176208368,20/09/26 7:39:22,20260920 073922,MB027,MB026,DIS,OPEN,OPEN
0819447442,20/09/26 7:39:38,20260920 073938,MB014,MB014,TRA,OPEN,OPEN
0232751530,20/09/26 7:39:50,20260920 073950,MB048,MB025,DIS,OPEN,OPEN
0819447430,20/09/26 7:40:01,20260920 074001,MB014,MB014,TRA,OPEN,OPEN
0819447408,20/09/26 7:40:01,20260920 074001,MB014,MB025,DIS,OPEN,OPEN
0232742677,20/09/26 7:40:09,20260920 074009,MA036,MA036,TRA,OPEN,OPEN
0176207745,20/09/26 7:40:25,20260920 074025,MB027,MB026,DIS,OPEN,OPEN
0819447403,20/09/26 7:40:33,20260920 074033,MB014,MB025,DIS,OPEN,OPEN
0819447450,20/09/26 7:40:38,20260920 074038,MB014,MB014,TRA,OPEN,OPEN
0176208173,20/09/26 7:40:57,20260920 074057,MB027,MB025,DIS,OPEN,OPEN
0232754848,20/09/26 7:41:05,20260920 074105,MA001,MA001,DIS,OPEN,OPEN
0819447444,20/09/26 7:41:10,20260920 074110,MB014,MB014,TRA,OPEN,OPEN
0819447413,20/09/26 7:41:10,20260920 074110,MB014,MB025,DIS,OPEN,OPEN
0232745305,20/09/26 7:41:26,20260920 074126,MA001,MA001,DIS,OPEN,OPEN
0819447455,20/09/26 7:41:46,20260920 074146,MB014,MB014,TRA,OPEN,OPEN
0819447427,20/09/26 7:41:53,20260920 074153,MB014,MB014,TRA,OPEN,OPEN
0176208565,20/09/26 7:41:58,20260920 074158,MA006,MA006,TRA,OPEN,OPEN
0176207264,20/09/26 7:42:13,20260920 074213,MB027,MA005,TRA,OPEN,OPEN
0819447394,20/09/26 7:42:13,20260920 074213,MB014,MB025,DIS,OPEN,OPEN
0176208472,20/09/26 7:42:34,20260920 074234,MA005,MA005,TRA,OPEN,OPEN
0176208336,20/09/26 7:43:14,20260920 074314,MB027,MA006,TRA,OPEN,OPEN
0819447442,20/09/26 7:43:14,20260920 074314,MB014,MB025,DIS,OPEN,OPEN
0819447466,20/09/26 7:43:14,20260920 074314,MB014,MB014,TRA,OPEN,OPEN
0819447448,20/09/26 7:43:21,20260920 074321,MB014,MB014,TRA,OPEN,OPEN
0819447435,20/09/26 7:43:34,20260920 074334,MB014,MB014,TRA,OPEN,OPEN
0819447429,20/09/26 7:43:38,20260920 074338,MB014,MB014,TRA,OPEN,OPEN
0819447430,20/09/26 7:43:38,20260920 074338,MB014,MB025,DIS,OPEN,OPEN
0232742677,20/09/26 7:43:41,20260920 074341,MA036,MA002,DIS,OPEN,OPEN
0819447434,20/09/26 7:43:50,20260920 074350,MB014,MB014,TRA,OPEN,OPEN
0232755064,20/09/26 7:44:01,20260920 074401,MA001,MC166,TRA,OPEN,OPEN
0176208565,20/09/26 7:44:01,20260920 074401,MA006,MA001,DIS,OPEN,OPEN
0176207264,20/09/26 7:44:14,20260920 074414,MB027,MB026,DIS,OPEN,OPEN
0819447450,20/09/26 7:44:22,20260920 074422,MB014,MB025,DIS,OPEN,OPEN
0232754972,20/09/26 7:44:26,20260920 074426,MB029,MB029,TRA,OPEN,OPEN
0232744194,20/09/26 7:44:34,20260920 074434,MA001,MC160,TRA,OPEN,OPEN
0235793076,20/09/26 7:44:34,20260920 074434,MC247,MC247,TRA,OPEN,OPEN
0232755110,20/09/26 7:44:42,20260920 074442,MA001,MC111,TRA,OPEN,OPEN
0232755651,20/09/26 7:44:54,20260920 074454,MB053,MB053,TRA,OPEN,OPEN
0819447444,20/09/26 7:44:54,20260920 074454,MB014,MB025,DIS,OPEN,OPEN
0232754201,20/09/26 7:45:06,20260920 074506,MB027,MA029,TRA,OPEN,OPEN
0232755165,20/09/26 7:45:06,20260920 074506,MA001,MC165,TRA,OPEN,OPEN
0232743541,20/09/26 7:45:09,20260920 074509,MB027,MA029,TRA,OPEN,OPEN
0176208336,20/09/26 7:45:18,20260920 074518,MB027,MB026,DIS,OPEN,OPEN
0819447455,20/09/26 7:45:21,20260920 074521,MB014,MB025,DIS,OPEN,OPEN
0819447427,20/09/26 7:45:29,20260920 074529,MB014,MB025,DIS,OPEN,OPEN
0232732519,20/09/26 7:45:29,20260920 074529,MB027,MA049,TRA,OPEN,OPEN
0232754200,20/09/26 7:45:46,20260920 074546,MB027,MA029,TRA,OPEN,OPEN
0232755133,20/09/26 7:45:53,20260920 074553,MA001,MC110,TRA,OPEN,OPEN
0819447471,20/09/26 7:45:58,20260920 074558,MB014,MB014,TRA,OPEN,OPEN
0232755064,20/09/26 7:45:58,20260920 074558,MA001,MA001,DIS,OPEN,OPEN
0176208472,20/09/26 7:46:13,20260920 074613,MA005,MA002,DIS,OPEN,OPEN
0232744194,20/09/26 7:46:33,20260920 074633,MA001,MA001,DIS,OPEN,OPEN
0232754972,20/09/26 7:46:33,20260920 074633,MB029,MB026,DIS,OPEN,OPEN
0819447466,20/09/26 7:46:50,20260920 074650,MB014,MB025,DIS,OPEN,OPEN
0232755110,20/09/26 7:46:54,20260920 074654,MA001,MA001,DIS,OPEN,OPEN
0819447448,20/09/26 7:46:57,20260920 074657,MB014,MB025,DIS,OPEN,OPEN
0232745027,20/09/26 7:47:01,20260920 074701,MA001,MC160,TRA,OPEN,OPEN
0232755165,20/09/26 7:47:02,20260920 074702,MA001,MA001,DIS,OPEN,OPEN
0232754201,20/09/26 7:47:06,20260920 074706,MB027,MB026,DIS,OPEN,OPEN
0819447429,20/09/26 7:47:13,20260920 074713,MB014,MB025,DIS,OPEN,OPEN
0232743541,20/09/26 7:47:18,20260920 074718,MB027,MB026,DIS,OPEN,OPEN
0819447435,20/09/26 7:47:18,20260920 074718,MB014,MB025,DIS,OPEN,OPEN
0819447434,20/09/26 7:47:26,20260920 074726,MB014,MB025,DIS,OPEN,OPEN
0232732519,20/09/26 7:47:30,20260920 074730,MB027,MB026,DIS,OPEN,OPEN
0232755133,20/09/26 7:47:49,20260920 074749,MA001,MA001,DIS,OPEN,OPEN
0232754200,20/09/26 7:47:54,20260920 074754,MB027,MB026,DIS,OPEN,OPEN
0232755163,20/09/26 7:48:01,20260920 074801,MA001,MC112,TRA,OPEN,OPEN
0232745618,20/09/26 7:48:01,20260920 074801,MA003,MB030,TRA,EARLY,EARLY
0232755651,20/09/26 7:48:26,20260920 074826,MB053,MB025,DIS,OPEN,OPEN
0157423722,20/09/26 7:48:38,20260920 074838,MC204,MC204,TRA,OPEN,OPEN
0819447472,20/09/26 7:48:58,20260920 074858,MB014,MB014,TRA,OPEN,OPEN
0819447496,20/09/26 7:49:09,20260920 074909,MB014,MB014,TRA,OPEN,OPEN
0232745027,20/09/26 7:49:10,20260920 074910,MA001,MA001,DIS,OPEN,OPEN
0819447471,20/09/26 7:49:41,20260920 074941,MB014,MB025,DIS,OPEN,OPEN
0232755163,20/09/26 7:50:01,20260920 075001,MA001,MA001,DIS,OPEN,OPEN
0232755242,20/09/26 7:50:02,20260920 075002,MA001,MC166,TRA,OPEN,OPEN
0232755829,20/09/26 7:50:05,20260920 075005,MB048,MB048,TRA,OPEN,OPEN
0235793076,20/09/26 7:50:06,20260920 075006,MC247,MC233,DIS,OPEN,OPEN
0232744464,20/09/26 7:50:10,20260920 075010,MB027,MA053,TRA,OPEN,OPEN
0232745618,20/09/26 7:50:14,20260920 075014,MA001,MA001,DIS,OPEN,OPEN
0603648142,20/09/26 7:50:17,20260920 075017,MA001,MC150,TRA,OPEN,OPEN
0819447438,20/09/26 7:50:37,20260920 075037,MB014,MB014,TRA,OPEN,OPEN
0232755262,20/09/26 7:50:42,20260920 075042,MA001,MC103,TRA,OPEN,OPEN
0232751515,20/09/26 7:50:58,20260920 075058,MB048,MB048,TRA,OPEN,OPEN
0232755131,20/09/26 7:51:17,20260920 075117,MA001,MC166,TRA,OPEN,OPEN
0232743896,20/09/26 7:51:25,20260920 075125,MB031,MB031,TRA,OPEN,OPEN
0232755388,20/09/26 7:51:53,20260920 075153,MA001,MC109,TRA,OPEN,OPEN
0232732356,20/09/26 7:52:02,20260920 075202,MB027,MA049,TRA,OPEN,OPEN
0232755242,20/09/26 7:52:02,20260920 075202,MA001,MA001,DIS,OPEN,OPEN
0232744464,20/09/26 7:52:09,20260920 075209,MB027,MB026,DIS,OPEN,OPEN
0603648142,20/09/26 7:52:29,20260920 075229,MA001,MA001,DIS,OPEN,OPEN
0819447472,20/09/26 7:52:29,20260920 075229,MB014,MB025,DIS,OPEN,OPEN
0232756051,20/09/26 7:52:34,20260920 075234,MB048,MB048,TRA,OPEN,OPEN
0819447496,20/09/26 7:52:42,20260920 075242,MB014,MB025,DIS,OPEN,OPEN
0235794745,20/09/26 7:52:46,20260920 075246,MC246,MC246,TRA,OPEN,OPEN
0819447510,20/09/26 7:52:53,20260920 075253,MB014,MB014,TRA,OPEN,OPEN
0232755262,20/09/26 7:52:53,20260920 075253,MA001,MA001,DIS,OPEN,OPEN
0232755131,20/09/26 7:53:18,20260920 075318,MA001,MA001,DIS,OPEN,OPEN
0232743896,20/09/26 7:53:30,20260920 075330,MB031,MB026,DIS,OPEN,OPEN
0603648134,20/09/26 7:53:42,20260920 075342,MA001,MC151,TRA,OPEN,OPEN
0232755829,20/09/26 7:53:45,20260920 075345,MB048,MB025,DIS,OPEN,OPEN
0232755388,20/09/26 7:53:54,20260920 075354,MA001,MA001,DIS,OPEN,OPEN
0157423722,20/09/26 7:53:58,20260920 075358,MC204,MC233,DIS,OPEN,OPEN
0232732356,20/09/26 7:54:01,20260920 075401,MB027,MB026,DIS,OPEN,OPEN
0232755136,20/09/26 7:54:06,20260920 075406,MA001,MC112,TRA,OPEN,OPEN
0819447438,20/09/26 7:54:18,20260920 075418,MB014,MB025,DIS,OPEN,OPEN
0819447501,20/09/26 7:54:26,20260920 075426,MB014,MB014,TRA,OPEN,OPEN
0232751515,20/09/26 7:54:41,20260920 075441,MB048,MB025,DIS,OPEN,OPEN
4816699822,20/09/26 7:54:50,20260920 075450,MB054,MB054,TRA,OPEN,OPEN
0232755180,20/09/26 7:54:57,20260920 075457,MB027,MA029,TRA,OPEN,OPEN
0819447517,20/09/26 7:55:06,20260920 075506,MB014,MB014,TRA,OPEN,OPEN
0603648134,20/09/26 7:55:54,20260920 075554,MA001,MA001,DIS,OPEN,OPEN
0232756051,20/09/26 7:56:13,20260920 075613,MB048,MB025,DIS,OPEN,OPEN
0232755136,20/09/26 7:56:18,20260920 075618,MA001,MA001,DIS,OPEN,OPEN
0819447510,20/09/26 7:56:38,20260920 075638,MB014,MB025,DIS,OPEN,OPEN
0819447525,20/09/26 7:56:50,20260920 075650,MB014,MB014,TRA,OPEN,OPEN
0232755180,20/09/26 7:57:06,20260920 075706,MB027,MB026,DIS,OPEN,OPEN
0232743015,20/09/26 7:57:21,20260920 075721,MB030,MB030,TRA,OPEN,OPEN
0819447529,20/09/26 7:57:29,20260920 075729,MB014,MB014,TRA,OPEN,OPEN
0235795433,20/09/26 7:57:45,20260920 075745,MC247,MC247,TRA,OPEN,OPEN
0235794745,20/09/26 7:58:06,20260920 075806,MC246,MC233,DIS,OPEN,OPEN
0232755582,20/09/26 7:58:06,20260920 075806,MA001,MC165,TRA,OPEN,OPEN
0819447501,20/09/26 7:58:09,20260920 075809,MB014,MB025,DIS,OPEN,OPEN
0232744930,20/09/26 7:58:25,20260920 075825,MB030,MB030,TRA,OPEN,OPEN
4816699822,20/09/26 7:58:30,20260920 075830,MB054,MB025,DIS,OPEN,OPEN
0232755821,20/09/26 7:58:34,20260920 075834,MA001,MC143,TRA,OPEN,OPEN
0819447517,20/09/26 7:58:38,20260920 075838,MB014,MB025,DIS,OPEN,OPEN
0232756284,20/09/26 7:58:54,20260920 075854,MB049,MB049,TRA,OPEN,OPEN
0232755764,20/09/26 7:58:54,20260920 075854,MA001,MC165,TRA,OPEN,OPEN
0232755508,20/09/26 7:59:02,20260920 075902,MA001,MC110,TRA,OPEN,OPEN
0232743015,20/09/26 7:59:18,20260920 075918,MB030,MB026,DIS,OPEN,OPEN
0819447548,20/09/26 7:59:34,20260920 075934,MB014,MB014,TRA,OPEN,OPEN
0819447532,20/09/26 7:59:38,20260920 075938,MB014,MB014,TRA,OPEN,OPEN
0819447547,20/09/26 7:59:49,20260920 075949,MB014,MB014,TRA,OPEN,OPEN
0232755582,20/09/26 8:00:06,20260920 080006,MA001,MA001,DIS,OPEN,OPEN
0232749927,20/09/26 8:00:18,20260920 080018,MB049,MB049,TRA,OPEN,OPEN
0819447525,20/09/26 8:00:26,20260920 080026,MB014,MB025,DIS,OPEN,OPEN
0232744930,20/09/26 8:00:26,20260920 080026,MB030,MB026,DIS,OPEN,OPEN
0232755699,20/09/26 8:00:30,20260920 080030,MA001,MC112,TRA,OPEN,OPEN
0232755821,20/09/26 8:00:34,20260920 080034,MA001,MA001,DIS,OPEN,OPEN
0232747710,20/09/26 8:00:38,20260920 080038,MA043,MA043,TRA,OPEN,OPEN
0232755764,20/09/26 8:00:50,20260920 080050,MA001,MA001,DIS,OPEN,OPEN
0819447565,20/09/26 8:01:02,20260920 080102,MB014,MB014,TRA,OPEN,OPEN
0819447529,20/09/26 8:01:14,20260920 080114,MB014,MB025,DIS,OPEN,OPEN
0232755508,20/09/26 8:01:14,20260920 080114,MA001,MA001,DIS,OPEN,OPEN
0819447568,20/09/26 8:01:26,20260920 080126,MB014,MB014,TRA,OPEN,OPEN
0232749373,20/09/26 8:01:41,20260920 080141,MA001,MC102,TRA,OPEN,OPEN
0232756027,20/09/26 8:02:10,20260920 080210,MA001,MC165,TRA,OPEN,OPEN
0819447573,20/09/26 8:02:22,20260920 080222,MB014,MB014,TRA,OPEN,OPEN
0232755699,20/09/26 8:02:30,20260920 080230,MA001,MA001,DIS,OPEN,OPEN
0232756284,20/09/26 8:02:30,20260920 080230,MB049,MB025,DIS,OPEN,OPEN
0618270220,20/09/26 8:02:30,20260920 080230,MA001,MB009,TRA,OPEN,OPEN
0618270221,20/09/26 8:02:38,20260920 080238,MA001,MB009,TRA,OPEN,OPEN
0232748491,20/09/26 8:02:50,20260920 080250,MA001,MC103,TRA,OPEN,OPEN
0232755986,20/09/26 8:02:58,20260920 080258,MA001,MC165,TRA,OPEN,OPEN
0819447561,20/09/26 8:02:58,20260920 080258,MB014,MB014,TRA,OPEN,OPEN
0232749372,20/09/26 8:03:01,20260920 080301,MA001,MC102,TRA,OPEN,OPEN
0819447548,20/09/26 8:03:06,20260920 080306,MB014,MB025,DIS,OPEN,OPEN
0819447532,20/09/26 8:03:13,20260920 080313,MB014,MB025,DIS,OPEN,OPEN
0235795433,20/09/26 8:03:17,20260920 080317,MC247,MC233,DIS,OPEN,OPEN
0819447547,20/09/26 8:03:26,20260920 080326,MB014,MB025,DIS,OPEN,OPEN
0232749373,20/09/26 8:03:42,20260920 080342,MA001,MA001,DIS,OPEN,OPEN
0819447518,20/09/26 8:03:54,20260920 080354,MB014,MB014,TRA,OPEN,OPEN
0232749927,20/09/26 8:04:05,20260920 080405,MB049,MB025,DIS,OPEN,OPEN
0232756027,20/09/26 8:04:10,20260920 080410,MA001,MA001,DIS,OPEN,OPEN
0232747710,20/09/26 8:04:10,20260920 080410,MA043,MA002,DIS,OPEN,OPEN
0618270220,20/09/26 8:04:29,20260920 080429,MA001,MA001,DIS,OPEN,OPEN
0232742425,20/09/26 8:04:29,20260920 080429,MB025,MA039,TRA,EARLY,EARLY
0819447581,20/09/26 8:04:30,20260920 080430,MB014,MB014,TRA,OPEN,OPEN
0819447565,20/09/26 8:04:42,20260920 080442,MB014,MB025,DIS,OPEN,OPEN
0618270221,20/09/26 8:04:46,20260920 080446,MA001,MA001,DIS,OPEN,OPEN
0232748049,20/09/26 8:04:53,20260920 080453,MC235,MA029,TRA,OPEN,OPEN
0232755986,20/09/26 8:04:58,20260920 080458,MA001,MA001,DIS,OPEN,OPEN
0232749372,20/09/26 8:05:01,20260920 080501,MA001,MA001,DIS,OPEN,OPEN
0819447568,20/09/26 8:05:06,20260920 080506,MB014,MB025,DIS,OPEN,OPEN
4816699061,20/09/26 8:05:46,20260920 080546,MB054,MB054,TRA,OPEN,OPEN
0819447573,20/09/26 8:05:58,20260920 080558,MB014,MB025,DIS,OPEN,OPEN
0232731592,20/09/26 8:05:58,20260920 080558,MB016,MB016,TRA,OPEN,OPEN
4816699093,20/09/26 8:06:22,20260920 080622,MB054,MB054,TRA,OPEN,OPEN
0232748491,20/09/26 8:06:22,20260920 080622,MA001,MA002,DIS,OPEN,OPEN
0819447579,20/09/26 8:06:34,20260920 080634,MB014,MB014,TRA,OPEN,OPEN
0819447561,20/09/26 8:06:37,20260920 080637,MB014,MB025,DIS,OPEN,OPEN
0819447582,20/09/26 8:06:57,20260920 080657,MB014,MB014,TRA,OPEN,OPEN
0232748049,20/09/26 8:06:58,20260920 080658,MC235,MC235,DIS,OPEN,OPEN
0232757049,20/09/26 8:07:21,20260920 080721,MA029,MA029,TRA,OPEN,OPEN
0819447518,20/09/26 8:07:38,20260920 080738,MB014,MB025,DIS,OPEN,OPEN
0235795726,20/09/26 8:07:49,20260920 080749,MC247,MC247,TRA,OPEN,OPEN
0232756339,20/09/26 8:07:50,20260920 080750,MA001,MC143,TRA,OPEN,OPEN
0232742425,20/09/26 8:08:02,20260920 080802,MB025,MB025,DIS,EARLY,EARLY
0232731592,20/09/26 8:08:06,20260920 080806,MB016,MB026,DIS,OPEN,OPEN
0232756075,20/09/26 8:08:09,20260920 080809,MA001,MC165,TRA,OPEN,OPEN
0819447581,20/09/26 8:08:14,20260920 080814,MB014,MB025,DIS,OPEN,OPEN
0232749456,20/09/26 8:08:53,20260920 080853,MA001,MC102,TRA,OPEN,OPEN
0819447598,20/09/26 8:08:54,20260920 080854,MB014,MB014,TRA,OPEN,OPEN
0235794369,20/09/26 8:09:14,20260920 080914,MC246,MC246,TRA,OPEN,OPEN
0819447585,20/09/26 8:09:18,20260920 080918,MB014,MB014,TRA,OPEN,OPEN
0232744778,20/09/26 8:09:18,20260920 080918,MA029,MA029,TRA,OPEN,OPEN
4816699061,20/09/26 8:09:26,20260920 080926,MB054,MB025,DIS,OPEN,OPEN
0819447591,20/09/26 8:09:42,20260920 080942,MB014,MB014,TRA,OPEN,OPEN
0232756339,20/09/26 8:09:45,20260920 080945,MA001,MA001,DIS,OPEN,OPEN
4816699093,20/09/26 8:09:58,20260920 080958,MB054,MB025,DIS,OPEN,OPEN
0232756075,20/09/26 8:10:10,20260920 081010,MA001,MA001,DIS,OPEN,OPEN
0232756832,20/09/26 8:10:10,20260920 081010,MA028,MA028,TRA,OPEN,OPEN
0819447579,20/09/26 8:10:10,20260920 081010,MB014,MB025,DIS,OPEN,OPEN
0819447582,20/09/26 8:10:33,20260920 081033,MB014,MB025,DIS,OPEN,OPEN
0232756278,20/09/26 8:10:42,20260920 081042,MA028,MA028,TRA,OPEN,OPEN
0232749456,20/09/26 8:10:50,20260920 081050,MA001,MA001,DIS,OPEN,OPEN
0232757049,20/09/26 8:11:06,20260920 081106,MA029,MA002,DIS,OPEN,OPEN
0819447609,20/09/26 8:11:09,20260920 081109,MB014,MB014,TRA,OPEN,OPEN
0176209907,20/09/26 8:11:14,20260920 081114,MA005,MA005,TRA,OPEN,OPEN
0819447598,20/09/26 8:12:30,20260920 081230,MB014,MB025,DIS,OPEN,OPEN
0819447599,20/09/26 8:12:50,20260920 081250,MB014,MB014,TRA,OPEN,OPEN
0232744778,20/09/26 8:12:54,20260920 081254,MA029,MA002,DIS,OPEN,OPEN
0618270564,20/09/26 8:12:54,20260920 081254,MB010,MB010,TRA,OPEN,OPEN
0819447585,20/09/26 8:13:02,20260920 081302,MB014,MB025,DIS,OPEN,OPEN
0235795726,20/09/26 8:13:09,20260920 081309,MC247,MC233,DIS,OPEN,OPEN
0819447591,20/09/26 8:13:21,20260920 081321,MB014,MB025,DIS,OPEN,OPEN
0232756866,20/09/26 8:13:34,20260920 081334,MA042,MA042,TRA,OPEN,OPEN
0232743783,20/09/26 8:13:54,20260920 081354,MB024,MB024,TRA,OPEN,OPEN
0232756832,20/09/26 8:13:58,20260920 081358,MA028,MA002,DIS,OPEN,OPEN
0232756278,20/09/26 8:14:13,20260920 081413,MA028,MA002,DIS,OPEN,OPEN
0235794369,20/09/26 8:14:33,20260920 081433,MC246,MC233,DIS,OPEN,OPEN
0819447609,20/09/26 8:14:45,20260920 081445,MB014,MB025,DIS,OPEN,OPEN
0176209907,20/09/26 8:14:45,20260920 081445,MA005,MA002,DIS,OPEN,OPEN
0232747582,20/09/26 8:14:50,20260920 081450,MA042,MA042,TRA,OPEN,OPEN
0819447611,20/09/26 8:14:50,20260920 081450,MB014,MB014,TRA,OPEN,OPEN
0618270564,20/09/26 8:14:54,20260920 081454,MB010,MB026,DIS,OPEN,OPEN
0232751018,20/09/26 8:15:30,20260920 081530,MB028,MB028,TRA,OPEN,OPEN
0232757176,20/09/26 8:15:54,20260920 081554,MB028,MB028,TRA,OPEN,OPEN
0232743783,20/09/26 8:15:54,20260920 081554,MB024,MB026,DIS,OPEN,OPEN
0232731899,20/09/26 8:16:02,20260920 081602,MB027,MA034,TRA,OPEN,OPEN
0232750135,20/09/26 8:16:05,20260920 081605,MA001,MC143,TRA,OPEN,OPEN
0819447627,20/09/26 8:16:17,20260920 081617,MB014,MB014,TRA,OPEN,OPEN
0819447599,20/09/26 8:16:25,20260920 081625,MB014,MB025,DIS,OPEN,OPEN
0232756866,20/09/26 8:17:06,20260920 081706,MA042,MA002,DIS,OPEN,OPEN
0816466041,20/09/26 8:17:18,20260920 081718,MC246,MC246,TRA,OPEN,OPEN
0235795444,20/09/26 8:17:46,20260920 081746,MC247,MC247,TRA,OPEN,OPEN
0232750135,20/09/26 8:18:01,20260920 081801,MA001,MA001,DIS,OPEN,OPEN
0232731899,20/09/26 8:18:06,20260920 081806,MB027,MB026,DIS,OPEN,OPEN
0819447646,20/09/26 8:18:13,20260920 081813,MB014,MB014,TRA,OPEN,OPEN
0232749375,20/09/26 8:18:13,20260920 081813,MA001,MC102,TRA,OPEN,OPEN
0819447611,20/09/26 8:18:25,20260920 081825,MB014,MB025,DIS,OPEN,OPEN
0232747582,20/09/26 8:18:30,20260920 081830,MA042,MA002,DIS,OPEN,OPEN
0232751018,20/09/26 8:19:05,20260920 081905,MB028,MB025,DIS,OPEN,OPEN
0232757176,20/09/26 8:19:38,20260920 081938,MB028,MB025,DIS,OPEN,OPEN
0819447627,20/09/26 8:19:53,20260920 081953,MB014,MB025,DIS,OPEN,OPEN
0232749375,20/09/26 8:20:10,20260920 082010,MA001,MA001,DIS,OPEN,OPEN
0819447614,20/09/26 8:20:50,20260920 082050,MB014,MB014,TRA,OPEN,OPEN
0235797458,20/09/26 8:20:50,20260920 082050,MC247,MC247,TRA,OPEN,OPEN
0232748166,20/09/26 8:20:53,20260920 082053,MA043,MA043,TRA,OPEN,OPEN
0232748704,20/09/26 8:20:53,20260920 082053,MA001,MC112,TRA,OPEN,OPEN
0232747482,20/09/26 8:21:57,20260920 082157,MA043,MA043,TRA,OPEN,OPEN
0819447646,20/09/26 8:21:57,20260920 082157,MB014,MB025,DIS,OPEN,OPEN
0232756350,20/09/26 8:22:22,20260920 082222,MA001,MC110,TRA,OPEN,OPEN
0232755464,20/09/26 8:22:30,20260920 082230,MA001,MC109,TRA,OPEN,OPEN
0819447600,20/09/26 8:22:34,20260920 082234,MB014,MB014,TRA,OPEN,OPEN
0816466041,20/09/26 8:22:50,20260920 082250,MC246,MC233,DIS,OPEN,OPEN
0232748704,20/09/26 8:22:53,20260920 082253,MA001,MA001,DIS,OPEN,OPEN
4816699167,20/09/26 8:23:05,20260920 082305,MB054,MB054,TRA,OPEN,OPEN
0235795444,20/09/26 8:23:05,20260920 082305,MC247,MC233,DIS,OPEN,OPEN
0819447657,20/09/26 8:23:14,20260920 082314,MB014,MB014,TRA,OPEN,OPEN
0819447669,20/09/26 8:23:21,20260920 082321,MB014,MB014,TRA,OPEN,OPEN
0819447691,20/09/26 8:23:37,20260920 082337,MB014,MB014,TRA,OPEN,OPEN
0125144238,20/09/26 8:23:46,20260920 082346,MB030,MB030,TRA,OPEN,OPEN
0232756717,20/09/26 8:23:53,20260920 082353,MA051,MA051,TRA,OPEN,OPEN
0819447698,20/09/26 8:23:58,20260920 082358,MB014,MB014,TRA,OPEN,OPEN
0819447614,20/09/26 8:24:26,20260920 082426,MB014,MB025,DIS,OPEN,OPEN
0232756350,20/09/26 8:24:33,20260920 082433,MA001,MA001,DIS,OPEN,OPEN
0819447638,20/09/26 8:24:42,20260920 082442,MB014,MB014,TRA,OPEN,OPEN
0232755464,20/09/26 8:24:42,20260920 082442,MA001,MA001,DIS,OPEN,OPEN
0819447721,20/09/26 8:24:53,20260920 082453,MB014,MB014,TRA,OPEN,OPEN
0819447682,20/09/26 8:25:22,20260920 082522,MB014,MB014,TRA,OPEN,OPEN
0819447676,20/09/26 8:25:33,20260920 082533,MB014,MB014,TRA,OPEN,OPEN
0232747482,20/09/26 8:25:38,20260920 082538,MA043,MA002,DIS,OPEN,OPEN
0819447600,20/09/26 8:26:09,20260920 082609,MB014,MB025,DIS,OPEN,OPEN
0232748166,20/09/26 8:26:09,20260920 082609,MA043,MA002,DIS,OPEN,OPEN
0235797458,20/09/26 8:26:22,20260920 082622,MC247,MC233,DIS,OPEN,OPEN
4816699167,20/09/26 8:26:42,20260920 082642,MB054,MB025,DIS,OPEN,OPEN
0819447657,20/09/26 8:26:53,20260920 082653,MB014,MB025,DIS,OPEN,OPEN
0819447669,20/09/26 8:27:05,20260920 082705,MB014,MB025,DIS,OPEN,OPEN
0819447691,20/09/26 8:27:18,20260920 082718,MB014,MB025,DIS,OPEN,OPEN
0125144238,20/09/26 8:27:25,20260920 082725,MB030,MB025,DIS,OPEN,OPEN
0819447698,20/09/26 8:27:34,20260920 082734,MB014,MB025,DIS,OPEN,OPEN
0232756717,20/09/26 8:27:34,20260920 082734,MA051,MA002,DIS,OPEN,OPEN
0819447638,20/09/26 8:28:18,20260920 082818,MB014,MB025,DIS,OPEN,OPEN
0819447742,20/09/26 8:28:25,20260920 082825,MB014,MB014,TRA,OPEN,OPEN
0819447721,20/09/26 8:28:34,20260920 082834,MB014,MB025,DIS,OPEN,OPEN
0819447745,20/09/26 8:28:38,20260920 082838,MB014,MB014,TRA,OPEN,OPEN
0232747513,20/09/26 8:28:41,20260920 082841,MA042,MA042,TRA,OPEN,OPEN
0819447729,20/09/26 8:28:57,20260920 082857,MB014,MB014,TRA,OPEN,OPEN
0819447682,20/09/26 8:29:06,20260920 082906,MB014,MB025,DIS,OPEN,OPEN
0819447676,20/09/26 8:29:09,20260920 082909,MB014,MB025,DIS,OPEN,OPEN
0232757150,20/09/26 8:30:50,20260920 083050,MB027,MA030,TRA,OPEN,OPEN
0235798011,20/09/26 8:30:57,20260920 083057,MC247,MC247,TRA,OPEN,OPEN
0819447742,20/09/26 8:32:01,20260920 083201,MB014,MB025,DIS,OPEN,OPEN
0819447766,20/09/26 8:32:10,20260920 083210,MB014,MB014,TRA,OPEN,OPEN
0232747513,20/09/26 8:32:21,20260920 083221,MA042,MA002,DIS,OPEN,OPEN
0819447745,20/09/26 8:32:21,20260920 083221,MB014,MB025,DIS,OPEN,OPEN
0819447729,20/09/26 8:32:33,20260920 083233,MB014,MB025,DIS,OPEN,OPEN
0232757150,20/09/26 8:32:49,20260920 083249,MB027,MB026,DIS,OPEN,OPEN
0232757298,20/09/26 8:33:14,20260920 083314,MA001,MC143,TRA,OPEN,OPEN
0232747096,20/09/26 8:34:21,20260920 083421,MA028,MA028,TRA,OPEN,OPEN
0232746778,20/09/26 8:34:41,20260920 083441,MA029,MA029,TRA,OPEN,OPEN
0232757145,20/09/26 8:34:41,20260920 083441,MB020,MB020,TRA,OPEN,OPEN
0819447741,20/09/26 8:34:53,20260920 083453,MB014,MB014,TRA,OPEN,OPEN
0819447793,20/09/26 8:35:14,20260920 083514,MB014,MB014,TRA,OPEN,OPEN
0232757298,20/09/26 8:35:26,20260920 083526,MA001,MA001,DIS,OPEN,OPEN
0819447766,20/09/26 8:35:45,20260920 083545,MB014,MB025,DIS,OPEN,OPEN
0081810148,20/09/26 8:36:14,20260920 083614,MA049,MA049,TRA,OPEN,OPEN
0235798011,20/09/26 8:36:18,20260920 083618,MC247,MC233,DIS,OPEN,OPEN
0232757145,20/09/26 8:36:41,20260920 083641,MB020,MB026,DIS,OPEN,OPEN
4816699172,20/09/26 8:37:02,20260920 083702,MB054,MB054,TRA,OPEN,OPEN
0819447741,20/09/26 8:38:25,20260920 083825,MB014,MB025,DIS,OPEN,OPEN
0819447793,20/09/26 8:38:57,20260920 083857,MB014,MB025,DIS,OPEN,OPEN
4816699172,20/09/26 8:39:01,20260920 083901,MB054,MB026,DIS,OPEN,OPEN
0819447795,20/09/26 8:39:25,20260920 083925,MB014,MB014,TRA,OPEN,OPEN
0232746778,20/09/26 8:39:34,20260920 083934,MA029,MA002,DIS,OPEN,OPEN
0232757844,20/09/26 8:40:09,20260920 084009,MB020,MB020,TRA,OPEN,OPEN
0232757848,20/09/26 8:40:18,20260920 084018,MB020,MB020,TRA,OPEN,OPEN
0232747096,20/09/26 8:40:38,20260920 084038,MA028,MA002,DIS,OPEN,OPEN
0232757749,20/09/26 8:40:41,20260920 084041,MB020,MB020,TRA,OPEN,OPEN
0081810148,20/09/26 8:40:50,20260920 084050,MA049,MA002,DIS,OPEN,OPEN
0176211403,20/09/26 8:42:21,20260920 084221,MA005,MA005,TRA,OPEN,OPEN
0819447795,20/09/26 8:43:10,20260920 084310,MB014,MB025,DIS,OPEN,OPEN
0232757844,20/09/26 8:43:41,20260920 084341,MB020,MB025,DIS,OPEN,OPEN
0232757848,20/09/26 8:43:50,20260920 084350,MB020,MB025,DIS,OPEN,OPEN
0232757749,20/09/26 8:44:17,20260920 084417,MB020,MB025,DIS,OPEN,OPEN
0232748343,20/09/26 8:45:22,20260920 084522,MA001,MC141,TRA,OPEN,OPEN
0176211403,20/09/26 8:45:57,20260920 084557,MA005,MA002,DIS,OPEN,OPEN
0232746473,20/09/26 8:46:46,20260920 084646,MB028,MB028,TRA,OPEN,OPEN
0232746317,20/09/26 8:46:57,20260920 084657,MB019,MB019,TRA,OPEN,OPEN
0232746331,20/09/26 8:47:21,20260920 084721,MB019,MB019,TRA,OPEN,OPEN
0232748343,20/09/26 8:47:33,20260920 084733,MA001,MA001,DIS,OPEN,OPEN
0232747503,20/09/26 8:47:50,20260920 084750,MB019,MB019,TRA,OPEN,OPEN
4816700253,20/09/26 8:48:01,20260920 084801,MB054,MB054,TRA,OPEN,OPEN
0232747415,20/09/26 8:48:01,20260920 084801,MB018,MB018,TRA,OPEN,OPEN
0232744028,20/09/26 8:48:10,20260920 084810,MB018,MB018,TRA,OPEN,OPEN
0232744013,20/09/26 8:48:34,20260920 084834,MB018,MB018,TRA,OPEN,OPEN
0819447849,20/09/26 8:49:30,20260920 084930,MB014,MB014,TRA,OPEN,OPEN
4816700247,20/09/26 8:49:46,20260920 084946,MB054,MB054,TRA,OPEN,OPEN
0819447857,20/09/26 8:50:05,20260920 085005,MB014,MB014,TRA,OPEN,OPEN
0232747025,20/09/26 8:50:13,20260920 085013,MB018,MB018,TRA,OPEN,OPEN
0232746473,20/09/26 8:50:22,20260920 085022,MB028,MB025,DIS,OPEN,OPEN
0232743588,20/09/26 8:50:25,20260920 085025,MB018,MB018,TRA,OPEN,OPEN
0232746317,20/09/26 8:50:46,20260920 085046,MB019,MB025,DIS,OPEN,OPEN
0232747061,20/09/26 8:51:01,20260920 085101,MB034,MB034,TRA,OPEN,OPEN
0232746331,20/09/26 8:51:10,20260920 085110,MB019,MB025,DIS,OPEN,OPEN
0232758211,20/09/26 8:51:10,20260920 085110,MB033,MB033,TRA,OPEN,OPEN
0232747503,20/09/26 8:51:30,20260920 085130,MB019,MB025,DIS,OPEN,OPEN
0232747415,20/09/26 8:51:38,20260920 085138,MB018,MB025,DIS,OPEN,OPEN
0819447858,20/09/26 8:51:41,20260920 085141,MB014,MB014,TRA,OPEN,OPEN
0232744028,20/09/26 8:51:45,20260920 085145,MB018,MB025,DIS,OPEN,OPEN
0232758186,20/09/26 8:51:45,20260920 085145,MB018,MB018,TRA,OPEN,OPEN
4816700253,20/09/26 8:51:53,20260920 085153,MB054,MB025,DIS,OPEN,OPEN
0232757785,20/09/26 8:52:01,20260920 085201,MB032,MB032,TRA,OPEN,OPEN
0232744013,20/09/26 8:52:09,20260920 085209,MB018,MB025,DIS,OPEN,OPEN
0232758188,20/09/26 8:52:18,20260920 085218,MB032,MB032,TRA,OPEN,OPEN
0232743588,20/09/26 8:52:25,20260920 085225,MB018,MB026,DIS,OPEN,OPEN
0232746667,20/09/26 8:52:38,20260920 085238,MB018,MB018,TRA,OPEN,OPEN
0232746334,20/09/26 8:52:45,20260920 085245,MB019,MB019,TRA,OPEN,OPEN
0232746014,20/09/26 8:53:01,20260920 085301,MB027,MA009,TRA,OPEN,OPEN
0819447849,20/09/26 8:53:05,20260920 085305,MB014,MB025,DIS,OPEN,OPEN
0232747061,20/09/26 8:53:09,20260920 085309,MB034,MB026,DIS,OPEN,OPEN
0232757670,20/09/26 8:53:10,20260920 085310,MB037,MB037,TRA,OPEN,OPEN
0232742744,20/09/26 8:53:14,20260920 085314,MB019,MB019,TRA,OPEN,OPEN
0819447852,20/09/26 8:53:26,20260920 085326,MB014,MB014,TRA,OPEN,OPEN
4816700247,20/09/26 8:53:33,20260920 085333,MB054,MB025,DIS,OPEN,OPEN
0819447857,20/09/26 8:53:37,20260920 085337,MB014,MB025,DIS,OPEN,OPEN
0232738383,20/09/26 8:53:37,20260920 085337,MA049,MA049,TRA,OPEN,OPEN
0232747025,20/09/26 8:53:46,20260920 085346,MB018,MB025,DIS,OPEN,OPEN
0235799632,20/09/26 8:53:49,20260920 085349,MC247,MC247,TRA,OPEN,OPEN
0819447861,20/09/26 8:53:57,20260920 085357,MB014,MB014,TRA,OPEN,OPEN
0232744228,20/09/26 8:54:34,20260920 085434,MB027,MA009,TRA,OPEN,OPEN
0232746667,20/09/26 8:54:38,20260920 085438,MB018,MB026,DIS,OPEN,OPEN
0232747504,20/09/26 8:54:38,20260920 085438,MB019,MB019,TRA,OPEN,OPEN
0232746334,20/09/26 8:54:45,20260920 085445,MB019,MB026,DIS,OPEN,OPEN
0232758211,20/09/26 8:54:45,20260920 085445,MB033,MB025,DIS,OPEN,OPEN
0819447871,20/09/26 8:54:54,20260920 085454,MB014,MB014,TRA,OPEN,OPEN
0232744252,20/09/26 8:54:54,20260920 085454,MB027,MA009,TRA,OPEN,OPEN
0232746014,20/09/26 8:55:09,20260920 085509,MB027,MB026,DIS,OPEN,OPEN
0819447858,20/09/26 8:55:18,20260920 085518,MB014,MB025,DIS,OPEN,OPEN
0232758186,20/09/26 8:55:18,20260920 085518,MB018,MB025,DIS,OPEN,OPEN
0232743886,20/09/26 8:55:22,20260920 085522,MB036,MB036,TRA,OPEN,OPEN
0232743882,20/09/26 8:55:29,20260920 085529,MB036,MB036,TRA,OPEN,OPEN
0232757785,20/09/26 8:55:38,20260920 085538,MB032,MB025,DIS,OPEN,OPEN
0232758188,20/09/26 8:55:53,20260920 085553,MB032,MB025,DIS,OPEN,OPEN
0232746845,20/09/26 8:56:34,20260920 085634,MB037,MB037,TRA,OPEN,OPEN
0232758145,20/09/26 8:56:37,20260920 085637,MB018,MB018,TRA,OPEN,OPEN
0232744228,20/09/26 8:56:41,20260920 085641,MB027,MB026,DIS,OPEN,OPEN
0232757670,20/09/26 8:56:46,20260920 085646,MB037,MB025,DIS,OPEN,OPEN
0232742744,20/09/26 8:56:50,20260920 085650,MB019,MB025,DIS,OPEN,OPEN
0232744252,20/09/26 8:56:53,20260920 085653,MB027,MB026,DIS,OPEN,OPEN
0819447852,20/09/26 8:56:57,20260920 085657,MB014,MB025,DIS,OPEN,OPEN
0232738383,20/09/26 8:57:17,20260920 085717,MA049,MA002,DIS,OPEN,OPEN
0232743886,20/09/26 8:57:30,20260920 085730,MB036,MB026,DIS,OPEN,OPEN
0819447861,20/09/26 8:57:33,20260920 085733,MB014,MB025,DIS,OPEN,OPEN
0232747504,20/09/26 8:58:17,20260920 085817,MB019,MB025,DIS,OPEN,OPEN
0819447871,20/09/26 8:58:30,20260920 085830,MB014,MB025,DIS,OPEN,OPEN
0232746845,20/09/26 8:58:33,20260920 085833,MB037,MB026,DIS,OPEN,OPEN
0232746819,20/09/26 8:58:45,20260920 085845,MB027,MA009,TRA,OPEN,OPEN
0232743882,20/09/26 8:59:05,20260920 085905,MB036,MB025,DIS,OPEN,OPEN
0459655960,20/09/26 8:59:13,20260920 085913,MB019,MB019,TRA,OPEN,OPEN
0235799632,20/09/26 8:59:22,20260920 085922,MC247,MC233,DIS,OPEN,OPEN
0232758145,20/09/26 9:00:17,20260920 090017,MB018,MB025,DIS,OPEN,OPEN
0232750286,20/09/26 9:00:37,20260920 090037,MA032,MA032,TRA,OPEN,OPEN
0232746819,20/09/26 9:00:53,20260920 090053,MB027,MB026,DIS,OPEN,OPEN
0232744831,20/09/26 9:00:53,20260920 090053,MB027,MA009,TRA,OPEN,OPEN
0232743453,20/09/26 9:01:54,20260920 090154,MA028,MA028,TRA,OPEN,OPEN
0459655960,20/09/26 9:02:50,20260920 090250,MB019,MB025,DIS,OPEN,OPEN
0232744831,20/09/26 9:02:53,20260920 090253,MB027,MB026,DIS,OPEN,OPEN
0232750286,20/09/26 9:04:09,20260920 090409,MA032,MA002,DIS,OPEN,OPEN
0232743453,20/09/26 9:05:33,20260920 090533,MA028,MA002,DIS,OPEN,OPEN
0232747330,20/09/26 9:05:37,20260920 090537,MA028,MA028,TRA,OPEN,OPEN
0232737050,20/09/26 9:05:49,20260920 090549,MB036,MB036,TRA,OPEN,OPEN
0232751157,20/09/26 9:05:58,20260920 090558,MA028,MA028,TRA,OPEN,OPEN
0232737050,20/09/26 9:07:53,20260920 090753,MB036,MB026,DIS,OPEN,OPEN
0232747330,20/09/26 9:09:18,20260920 090918,MA028,MA002,DIS,OPEN,OPEN
0232751157,20/09/26 9:09:45,20260920 090945,MA028,MA002,DIS,OPEN,OPEN
0232758755,20/09/26 9:09:53,20260920 090953,MA032,MA032,TRA,OPEN,OPEN
4816700330,20/09/26 9:11:30,20260920 091130,MB054,MB054,TRA,OPEN,OPEN
7816942317,20/09/26 9:11:34,20260920 091134,MB054,MB054,TRA,OPEN,OPEN
0232737837,20/09/26 9:11:45,20260920 091145,MB054,MB054,TRA,OPEN,OPEN
0232743614,20/09/26 9:13:10,20260920 091310,MB036,MB036,TRA,OPEN,OPEN
0232758755,20/09/26 9:13:29,20260920 091329,MA032,MA002,DIS,OPEN,OPEN
0232743614,20/09/26 9:15:09,20260920 091509,MB036,MB026,DIS,OPEN,OPEN
7816942317,20/09/26 9:15:18,20260920 091518,MB054,MB025,DIS,OPEN,OPEN
4816700330,20/09/26 9:15:18,20260920 091518,MB054,MB025,DIS,OPEN,OPEN
0232737837,20/09/26 9:15:22,20260920 091522,MB054,MB025,DIS,OPEN,OPEN
0232758292,20/09/26 9:18:45,20260920 091845,MB027,MC238,TRA,OPEN,OPEN
6816106851,20/09/26 9:18:58,20260920 091858,MB054,MB054,TRA,OPEN,OPEN
6816106834,20/09/26 9:19:26,20260920 091926,MB054,MB054,TRA,OPEN,OPEN
6816106836,20/09/26 9:19:30,20260920 091930,MB054,MB054,TRA,OPEN,OPEN
6816106853,20/09/26 9:19:34,20260920 091934,MB054,MB054,TRA,OPEN,OPEN
4816700345,20/09/26 9:19:45,20260920 091945,MB054,MB054,TRA,OPEN,OPEN
4816700346,20/09/26 9:20:49,20260920 092049,MB054,MB054,TRA,OPEN,OPEN
0232758292,20/09/26 9:20:53,20260920 092053,MB027,MB026,DIS,OPEN,OPEN
0910833476,20/09/26 9:21:53,20260920 092153,MB027,MC236,TRA,OPEN,OPEN
0235590515,20/09/26 9:22:21,20260920 092221,MB054,MB054,TRA,OPEN,OPEN
6816106851,20/09/26 9:22:29,20260920 092229,MB054,MB025,DIS,OPEN,OPEN
6816106834,20/09/26 9:23:01,20260920 092301,MB054,MB025,DIS,OPEN,OPEN
6816106836,20/09/26 9:23:05,20260920 092305,MB054,MB025,DIS,OPEN,OPEN
6816106853,20/09/26 9:23:10,20260920 092310,MB054,MB025,DIS,OPEN,OPEN
0232758536,20/09/26 9:23:18,20260920 092318,MB027,MC238,TRA,OPEN,OPEN
0232758454,20/09/26 9:23:25,20260920 092325,MB038,MB038,TRA,OPEN,OPEN
4816700345,20/09/26 9:23:34,20260920 092334,MB054,MB025,DIS,OPEN,OPEN
0910833476,20/09/26 9:23:53,20260920 092353,MB027,MB026,DIS,OPEN,OPEN
0235590515,20/09/26 9:24:21,20260920 092421,MB054,MB026,DIS,OPEN,OPEN
4816700346,20/09/26 9:24:37,20260920 092437,MB054,MB025,DIS,OPEN,OPEN
0232743979,20/09/26 9:24:49,20260920 092449,MB027,MA010,TRA,OPEN,OPEN
0232758536,20/09/26 9:25:17,20260920 092517,MB027,MB026,DIS,OPEN,OPEN
0232758454,20/09/26 9:25:22,20260920 092522,MB038,MB026,DIS,OPEN,OPEN
0232758587,20/09/26 9:25:37,20260920 092537,MB027,MC238,TRA,OPEN,OPEN
0098663377,20/09/26 9:26:05,20260920 092605,MB054,MB054,TRA,OPEN,OPEN
0098663944,20/09/26 9:26:21,20260920 092621,MB054,MB054,TRA,OPEN,OPEN
0098666295,20/09/26 9:26:25,20260920 092625,MB054,MB054,TRA,OPEN,OPEN
4816700355,20/09/26 9:26:38,20260920 092638,MB054,MB054,TRA,OPEN,OPEN
0232743979,20/09/26 9:26:46,20260920 092646,MB027,MB026,DIS,OPEN,OPEN
4816700371,20/09/26 9:27:01,20260920 092701,MB054,MB054,TRA,OPEN,OPEN
4816700370,20/09/26 9:27:25,20260920 092725,MB054,MB054,TRA,OPEN,OPEN
0176103156,20/09/26 9:27:29,20260920 092729,MC139,MC139,TRA,OPEN,OPEN
0098661980,20/09/26 9:27:41,20260920 092741,MB054,MB054,TRA,OPEN,OPEN
0232758587,20/09/26 9:27:45,20260920 092745,MB027,MB026,DIS,OPEN,OPEN
3816933279,20/09/26 9:27:50,20260920 092750,MB054,MB054,TRA,OPEN,OPEN
4816700379,20/09/26 9:28:05,20260920 092805,MB054,MB054,TRA,OPEN,OPEN
0176162139,20/09/26 9:28:17,20260920 092817,MC139,MC139,TRA,OPEN,OPEN
0176162135,20/09/26 9:28:58,20260920 092858,MC139,MC139,TRA,OPEN,OPEN
0232758554,20/09/26 9:29:02,20260920 092902,MB025,MB042,TRA,EARLY,EARLY
0098663377,20/09/26 9:29:41,20260920 092941,MB054,MB025,DIS,OPEN,OPEN
0232759390,20/09/26 9:29:49,20260920 092949,MB030,MB030,TRA,OPEN,OPEN
0098663944,20/09/26 9:30:02,20260920 093002,MB054,MB025,DIS,OPEN,OPEN
0098666295,20/09/26 9:30:06,20260920 093006,MB054,MB025,DIS,OPEN,OPEN
4816700355,20/09/26 9:30:25,20260920 093025,MB054,MB025,DIS,OPEN,OPEN
4816700371,20/09/26 9:30:49,20260920 093049,MB054,MB025,DIS,OPEN,OPEN
0232758554,20/09/26 9:31:01,20260920 093101,MB025,MB026,DIS,OPEN,OPEN
4816700370,20/09/26 9:31:13,20260920 093113,MB054,MB025,DIS,OPEN,OPEN
0098661980,20/09/26 9:31:17,20260920 093117,MB054,MB025,DIS,OPEN,OPEN
3816933279,20/09/26 9:31:22,20260920 093122,MB054,MB025,DIS,OPEN,OPEN
0157330792,20/09/26 9:31:25,20260920 093125,MC235,MB019,TRA,OPEN,REBOOK_BSM
4816700379,20/09/26 9:31:57,20260920 093157,MB054,MB025,DIS,OPEN,OPEN
0157330792,20/09/26 9:33:02,20260920 093302,MC235,MC235,DIS,OPEN,REBOOK_BSM
0232759390,20/09/26 9:33:25,20260920 093325,MB030,MB025,DIS,OPEN,OPEN
0176103156,20/09/26 9:35:41,20260920 093541,MC139,MC104,DIS,OPEN,OPEN
0176162139,20/09/26 9:36:34,20260920 093634,MC139,MC104,DIS,OPEN,OPEN
0232758003,20/09/26 9:36:34,20260920 093634,MC238,MC238,TRA,OPEN,OPEN
0176162135,20/09/26 9:37:10,20260920 093710,MC139,MC104,DIS,OPEN,OPEN
0232760039,20/09/26 9:37:41,20260920 093741,MA032,MA032,TRA,OPEN,OPEN
0232760039,20/09/26 9:41:13,20260920 094113,MA032,MA002,DIS,OPEN,OPEN
0232758003,20/09/26 9:41:54,20260920 094154,MC238,MC233,DIS,OPEN,OPEN
0157345475,20/09/26 9:49:09,20260920 094909,MA010,MA010,TRA,OPEN,OPEN
0232744785,20/09/26 9:50:33,20260920 095033,MB027,MC244,TRA,OPEN,OPEN
0232744785,20/09/26 9:52:33,20260920 095233,MB027,MB026,DIS,OPEN,OPEN
0232760668,20/09/26 9:52:42,20260920 095242,MA032,MA032,TRA,OPEN,OPEN
0918652851,20/09/26 9:52:46,20260920 095246,MB038,MB038,TRA,OPEN,OPEN
0157345475,20/09/26 9:52:50,20260920 095250,MA010,MA002,DIS,OPEN,OPEN
0232759391,20/09/26 9:53:13,20260920 095313,MB038,MB038,TRA,OPEN,OPEN
0160367049,20/09/26 9:53:45,20260920 095345,MB027,MA011,TRA,OPEN,OPEN
0232760570,20/09/26 9:54:06,20260920 095406,MB038,MB038,TRA,OPEN,OPEN
0160367049,20/09/26 9:55:45,20260920 095545,MB027,MB026,DIS,OPEN,OPEN
0232760668,20/09/26 9:56:29,20260920 095629,MA032,MA002,DIS,OPEN,OPEN
0918652851,20/09/26 9:56:33,20260920 095633,MB038,MB025,DIS,OPEN,OPEN
0232759391,20/09/26 9:56:45,20260920 095645,MB038,MB025,DIS,OPEN,OPEN
0232751137,20/09/26 9:57:10,20260920 095710,MA038,MA038,TRA,OPEN,OPEN
0232750564,20/09/26 9:57:33,20260920 095733,MB027,MA038,TRA,OPEN,OPEN
0232760570,20/09/26 9:57:46,20260920 095746,MB038,MB025,DIS,OPEN,OPEN
0232760748,20/09/26 9:57:57,20260920 095757,MB035,MB035,TRA,OPEN,OPEN
0232751137,20/09/26 10:00:49,20260920 100049,MA038,MA002,DIS,OPEN,OPEN
0232750564,20/09/26 10:00:58,20260920 100058,MB027,MB026,DIS,OPEN,OPEN
0232760748,20/09/26 10:03:46,20260920 100346,MB035,MB025,DIS,OPEN,OPEN
0232759963,20/09/26 10:04:01,20260920 100401,MB019,MB019,TRA,OPEN,OPEN
0232759963,20/09/26 10:06:01,20260920 100601,MB019,MB026,DIS,OPEN,OPEN
0232760680,20/09/26 10:09:18,20260920 100918,MC238,MC238,TRA,OPEN,OPEN
0232760680,20/09/26 10:14:50,20260920 101450,MC238,MC233,DIS,OPEN,OPEN
0126714217,20/09/26 10:16:26,20260920 101626,MC150,MC150,TRA,OPEN,OPEN
0126714217,20/09/26 10:23:10,20260920 102310,MC150,MC104,DIS,OPEN,OPEN
0126714392,20/09/26 10:31:17,20260920 103117,,MC150,TRA,OPEN,HBS
0126714392,20/09/26 10:33:33,20260920 103333,,MC104,DIS,OPEN,HBS
0232762471,20/09/26 10:36:00,20260920 103600,MB038,MB038,TRA,OPEN,OPEN
0232762492,20/09/26 10:36:04,20260920 103604,MB038,MB038,TRA,OPEN,OPEN
0232762513,20/09/26 10:36:09,20260920 103609,MB038,MB038,TRA,OPEN,OPEN
0232762497,20/09/26 10:37:13,20260920 103713,MB038,MB038,TRA,OPEN,OPEN
0232762517,20/09/26 10:37:21,20260920 103721,MB038,MB038,TRA,OPEN,OPEN
0232762584,20/09/26 10:38:13,20260920 103813,MB038,MB038,TRA,OPEN,OPEN
0695808683,20/09/26 10:39:09,20260920 103909,MB027,MC145,TRA,OPEN,OPEN
0232762471,20/09/26 10:39:33,20260920 103933,MB038,MB025,DIS,OPEN,OPEN
0232762492,20/09/26 10:39:37,20260920 103937,MB038,MB025,DIS,OPEN,OPEN
0232762513,20/09/26 10:39:53,20260920 103953,MB038,MB025,DIS,OPEN,OPEN
0232762497,20/09/26 10:40:49,20260920 104049,MB038,MB025,DIS,OPEN,OPEN
0232762517,20/09/26 10:40:57,20260920 104057,MB038,MB025,DIS,OPEN,OPEN
0695808683,20/09/26 10:41:13,20260920 104113,MB027,MB026,DIS,OPEN,OPEN
0232762584,20/09/26 10:41:49,20260920 104149,MB038,MB025,DIS,OPEN,OPEN
0232762475,20/09/26 10:44:09,20260920 104409,MB025,MB052,TRA,EARLY,EARLY
0232762791,20/09/26 10:44:20,20260920 104420,MB025,MB017,TRA,EARLY,EARLY
0232762787,20/09/26 10:44:24,20260920 104424,MB025,MB017,TRA,EARLY,EARLY
0232762875,20/09/26 10:45:29,20260920 104529,MB016,MB016,TRA,OPEN,OPEN
0232762763,20/09/26 10:45:37,20260920 104537,MB025,MA048,TRA,EARLY,EARLY
0232762840,20/09/26 10:46:05,20260920 104605,MA003,MA017,TRA,EARLY,EARLY
0232762475,20/09/26 10:46:09,20260920 104609,MB025,MB025,DIS,EARLY,EARLY
0232762787,20/09/26 10:46:29,20260920 104629,MB025,MB025,DIS,OPEN,OPEN
0232762791,20/09/26 10:46:29,20260920 104629,MB025,MB025,DIS,OPEN,OPEN
0232762875,20/09/26 10:47:29,20260920 104729,MB016,MB025,DIS,OPEN,OPEN
0618278591,20/09/26 10:47:40,20260920 104740,MA003,MB005,TRA,EARLY,EARLY
0232762763,20/09/26 10:47:45,20260920 104745,MB025,MB025,DIS,EARLY,EARLY
0232762840,20/09/26 10:48:04,20260920 104804,MA003,MA003,DIS,EARLY,EARLY
0126714686,20/09/26 10:48:10,20260920 104810,MC150,MC150,TRA,OPEN,OPEN
0618278883,20/09/26 10:48:45,20260920 104845,MA003,MB005,TRA,EARLY,EARLY
0232762198,20/09/26 10:49:21,20260920 104921,MB025,MB052,TRA,EARLY,EARLY
0618278591,20/09/26 10:49:37,20260920 104937,MA003,MA003,DIS,EARLY,EARLY
0232763061,20/09/26 10:49:40,20260920 104940,MA003,MA017,TRA,EARLY,EARLY
0232762175,20/09/26 10:50:13,20260920 105013,MB025,MB052,TRA,EARLY,EARLY
0618278883,20/09/26 10:50:56,20260920 105056,MA003,MA003,DIS,EARLY,EARLY
0232762198,20/09/26 10:51:28,20260920 105128,MB025,MB025,DIS,EARLY,EARLY
0232763061,20/09/26 10:51:42,20260920 105142,MA003,MA003,DIS,EARLY,EARLY
0232762175,20/09/26 10:52:12,20260920 105212,MB025,MB025,DIS,EARLY,EARLY
0232762438,20/09/26 10:54:37,20260920 105437,MB017,MB017,TRA,OPEN,OPEN
0126714686,20/09/26 10:56:21,20260920 105621,MC150,MC104,DIS,OPEN,OPEN
0232762438,20/09/26 10:56:37,20260920 105637,MB017,MB026,DIS,OPEN,OPEN
0232763447,20/09/26 10:57:29,20260920 105729,MA003,MA017,TRA,EARLY,EARLY
0232763455,20/09/26 10:58:00,20260920 105800,MA003,MA017,TRA,EARLY,EARLY
0232763380,20/09/26 10:58:09,20260920 105809,MB025,MB050,TRA,EARLY,EARLY
0232763485,20/09/26 10:58:13,20260920 105813,MA003,MA017,TRA,EARLY,EARLY
0232763421,20/09/26 10:58:17,20260920 105817,MA003,MB024,TRA,EARLY,EARLY
0232763424,20/09/26 10:58:17,20260920 105817,MA003,MB024,TRA,EARLY,EARLY
0232763486,20/09/26 10:58:33,20260920 105833,MA003,MA017,TRA,EARLY,EARLY
0232763390,20/09/26 10:58:37,20260920 105837,MA003,MA017,TRA,EARLY,EARLY
0232763384,20/09/26 10:58:37,20260920 105837,MB038,MB038,TRA,OPEN,OPEN
0232763515,20/09/26 10:58:49,20260920 105849,MA003,MA017,TRA,EARLY,EARLY
0232763405,20/09/26 10:58:49,20260920 105849,MB025,MB050,TRA,EARLY,EARLY
0232763401,20/09/26 10:58:49,20260920 105849,MA003,MA017,TRA,EARLY,EARLY
0232763519,20/09/26 10:58:56,20260920 105856,MA003,MA017,TRA,EARLY,EARLY
0232763397,20/09/26 10:58:56,20260920 105856,MA003,MA017,TRA,EARLY,EARLY
0232763521,20/09/26 10:59:04,20260920 105904,MA003,MA017,TRA,EARLY,EARLY
0232763411,20/09/26 10:59:09,20260920 105909,MA003,MA017,TRA,EARLY,EARLY
0232763530,20/09/26 10:59:13,20260920 105913,MA003,MA017,TRA,EARLY,EARLY
0232763426,20/09/26 10:59:17,20260920 105917,MA003,MA017,TRA,EARLY,EARLY
0232763447,20/09/26 10:59:29,20260920 105929,MA003,MA003,DIS,EARLY,EARLY
0232763425,20/09/26 10:59:33,20260920 105933,MA003,MB024,TRA,EARLY,EARLY
0232763455,20/09/26 10:59:57,20260920 105957,MA003,MA003,DIS,EARLY,EARLY
0232763380,20/09/26 11:00:09,20260920 110009,MB025,MB025,DIS,OPEN,OPEN
0232763485,20/09/26 11:00:12,20260920 110012,MA003,MA003,DIS,EARLY,EARLY
0232763424,20/09/26 11:00:16,20260920 110016,MA003,MA003,DIS,OPEN,OPEN
0232763421,20/09/26 11:00:29,20260920 110029,MA003,MA003,DIS,OPEN,OPEN
0232763390,20/09/26 11:00:36,20260920 110036,MA003,MA003,DIS,EARLY,EARLY
0232763486,20/09/26 11:00:45,20260920 110045,MA003,MA003,DIS,EARLY,EARLY
0232763405,20/09/26 11:00:49,20260920 110049,MB025,MB025,DIS,OPEN,OPEN
0232763515,20/09/26 11:00:49,20260920 110049,MA003,MA003,DIS,EARLY,EARLY
0232763555,20/09/26 11:00:49,20260920 110049,MA003,MA017,TRA,EARLY,EARLY
0232763519,20/09/26 11:00:56,20260920 110056,MA003,MA003,DIS,EARLY,EARLY
0232763401,20/09/26 11:01:01,20260920 110101,MA003,MA003,DIS,EARLY,EARLY
0232763411,20/09/26 11:01:05,20260920 110105,MA003,MA003,DIS,EARLY,EARLY
0232762044,20/09/26 11:01:09,20260920 110109,MB050,MB050,TRA,OPEN,OPEN
0232763397,20/09/26 11:01:09,20260920 110109,MA003,MA003,DIS,EARLY,EARLY
0232763530,20/09/26 11:01:13,20260920 110113,MA003,MA003,DIS,EARLY,EARLY
0232763521,20/09/26 11:01:17,20260920 110117,MA003,MA003,DIS,EARLY,EARLY
0232763425,20/09/26 11:01:29,20260920 110129,MA003,MA003,DIS,OPEN,OPEN
0232763426,20/09/26 11:01:29,20260920 110129,MA003,MA003,DIS,EARLY,EARLY
0232763655,20/09/26 11:02:08,20260920 110208,MA003,MA017,TRA,EARLY,EARLY
0232763384,20/09/26 11:02:12,20260920 110212,MB038,MB025,DIS,OPEN,OPEN
0232763555,20/09/26 11:02:48,20260920 110248,MA003,MA003,DIS,EARLY,EARLY
0232763696,20/09/26 11:02:52,20260920 110252,MA003,MA017,TRA,EARLY,EARLY
0232762044,20/09/26 11:03:16,20260920 110316,MB050,MB026,DIS,OPEN,OPEN
0232763722,20/09/26 11:03:21,20260920 110321,MA003,MA017,TRA,EARLY,EARLY
0232763686,20/09/26 11:03:25,20260920 110325,MA003,MA017,TRA,EARLY,EARLY
0232763749,20/09/26 11:03:45,20260920 110345,MA003,MA017,TRA,EARLY,EARLY
0232755323,20/09/26 11:03:53,20260920 110353,MB050,MB050,TRA,OPEN,OPEN
0232763139,20/09/26 11:03:53,20260920 110353,MC238,MC238,TRA,OPEN,OPEN
0232763655,20/09/26 11:04:09,20260920 110409,MA003,MA003,DIS,EARLY,EARLY
0232763765,20/09/26 11:04:17,20260920 110417,MA003,MA017,TRA,EARLY,EARLY
0232763766,20/09/26 11:04:37,20260920 110437,MA003,MA017,TRA,EARLY,EARLY
0232763696,20/09/26 11:05:04,20260920 110504,MA003,MA003,DIS,EARLY,EARLY
0232763722,20/09/26 11:05:21,20260920 110521,MA003,MA003,DIS,EARLY,EARLY
0232763817,20/09/26 11:05:21,20260920 110521,MA003,MA017,TRA,EARLY,EARLY
0232763686,20/09/26 11:05:37,20260920 110537,MA003,MA003,DIS,EARLY,EARLY
0232763822,20/09/26 11:05:41,20260920 110541,MA003,MA017,TRA,EARLY,EARLY
0232763749,20/09/26 11:05:41,20260920 110541,MA003,MA003,DIS,EARLY,EARLY
0232763753,20/09/26 11:05:45,20260920 110545,MB025,MB052,TRA,EARLY,EARLY
0232755323,20/09/26 11:06:00,20260920 110600,MB050,MB026,DIS,OPEN,OPEN
0232763828,20/09/26 11:06:04,20260920 110604,MA003,MA017,TRA,EARLY,EARLY
0232763765,20/09/26 11:06:16,20260920 110616,MA003,MA003,DIS,EARLY,EARLY
0232763831,20/09/26 11:06:20,20260920 110620,MA003,MA017,TRA,EARLY,EARLY
0232763819,20/09/26 11:06:25,20260920 110625,MA003,MA017,TRA,EARLY,EARLY
0232763827,20/09/26 11:06:37,20260920 110637,MA003,MA017,TRA,EARLY,EARLY
0232763766,20/09/26 11:06:37,20260920 110637,MA003,MA003,DIS,EARLY,EARLY
0232763871,20/09/26 11:07:21,20260920 110721,MA003,MA017,TRA,EARLY,EARLY
0232763817,20/09/26 11:07:21,20260920 110721,MA003,MA003,DIS,EARLY,EARLY
0232763840,20/09/26 11:07:29,20260920 110729,MA003,MA017,TRA,EARLY,EARLY
0232763845,20/09/26 11:07:33,20260920 110733,MA003,MA017,TRA,EARLY,EARLY
0232763883,20/09/26 11:07:36,20260920 110736,MA003,MA017,TRA,EARLY,EARLY
0232763753,20/09/26 11:07:45,20260920 110745,MB025,MB025,DIS,EARLY,EARLY
0232763822,20/09/26 11:07:53,20260920 110753,MA003,MA003,DIS,EARLY,EARLY
0232763828,20/09/26 11:08:01,20260920 110801,MA003,MA003,DIS,EARLY,EARLY
0232763831,20/09/26 11:08:28,20260920 110828,MA003,MA003,DIS,EARLY,EARLY
0232763819,20/09/26 11:08:33,20260920 110833,MA003,MA003,DIS,EARLY,EARLY
0232763827,20/09/26 11:08:49,20260920 110849,MA003,MA003,DIS,EARLY,EARLY
0232763139,20/09/26 11:09:13,20260920 110913,MC238,MC233,DIS,OPEN,OPEN
0232763871,20/09/26 11:09:33,20260920 110933,MA003,MA003,DIS,EARLY,EARLY
0232763883,20/09/26 11:09:37,20260920 110937,MA003,MA003,DIS,EARLY,EARLY
0232763840,20/09/26 11:09:41,20260920 110941,MA003,MA003,DIS,EARLY,EARLY
0232763845,20/09/26 11:09:45,20260920 110945,MA003,MA003,DIS,EARLY,EARLY
0126715724,20/09/26 11:10:26,20260920 111026,MC150,MC150,TRA,OPEN,OPEN
0232763660,20/09/26 11:10:29,20260920 111029,MB038,MB038,TRA,OPEN,OPEN
0618278879,20/09/26 11:10:41,20260920 111041,MB005,MB005,TRA,OPEN,OPEN
0232763065,20/09/26 11:11:40,20260920 111140,MB038,MB038,TRA,OPEN,OPEN
0618278879,20/09/26 11:12:41,20260920 111241,MB005,MB026,DIS,OPEN,OPEN
0232763600,20/09/26 11:13:04,20260920 111304,MB040,MB040,TRA,OPEN,OPEN
0232749608,20/09/26 11:13:04,20260920 111304,MA003,MA034,TRA,EARLY,EARLY
0232763102,20/09/26 11:13:17,20260920 111317,MB038,MB038,TRA,OPEN,OPEN
0232748583,20/09/26 11:13:33,20260920 111333,MA003,MA034,TRA,EARLY,EARLY
0232748553,20/09/26 11:13:37,20260920 111337,MA003,MA034,TRA,EARLY,EARLY
0232764126,20/09/26 11:13:45,20260920 111345,MA003,MA017,TRA,EARLY,EARLY
0232763645,20/09/26 11:14:01,20260920 111401,MB040,MB040,TRA,OPEN,OPEN
0232763660,20/09/26 11:14:04,20260920 111404,MB038,MB025,DIS,OPEN,OPEN
0232763936,20/09/26 11:14:09,20260920 111409,MA003,MA051,TRA,EARLY,EARLY
0232763932,20/09/26 11:14:21,20260920 111421,MA003,MA051,TRA,EARLY,EARLY
0232763524,20/09/26 11:14:33,20260920 111433,MB040,MB040,TRA,OPEN,OPEN
0232764152,20/09/26 11:14:37,20260920 111437,MA003,MA017,TRA,EARLY,EARLY
0232756710,20/09/26 11:14:49,20260920 111449,MA003,MB049,TRA,EARLY,EARLY
0232764039,20/09/26 11:14:53,20260920 111453,MB038,MB038,TRA,OPEN,OPEN
0232764192,20/09/26 11:14:53,20260920 111453,MA003,MA017,TRA,EARLY,EARLY
0232749608,20/09/26 11:15:01,20260920 111501,MA003,MA003,DIS,EARLY,EARLY
0232758426,20/09/26 11:15:01,20260920 111501,MB040,MB040,TRA,OPEN,OPEN
0232758255,20/09/26 11:15:01,20260920 111501,MA003,MA040,TRA,EARLY,EARLY
0232758339,20/09/26 11:15:09,20260920 111509,MA003,MA040,TRA,EARLY,EARLY
0232763065,20/09/26 11:15:17,20260920 111517,MB038,MB025,DIS,OPEN,OPEN
0232763678,20/09/26 11:15:17,20260920 111517,MB044,MB044,TRA,OPEN,OPEN
0232764228,20/09/26 11:15:24,20260920 111524,MA003,MA017,TRA,EARLY,EARLY
0232758222,20/09/26 11:15:24,20260920 111524,MA003,MA010,TRA,EARLY,EARLY
0232757922,20/09/26 11:15:29,20260920 111529,MA001,MB052,TRA,OPEN,OPEN
0232756681,20/09/26 11:15:33,20260920 111533,MA003,MB049,TRA,EARLY,EARLY
0232748583,20/09/26 11:15:33,20260920 111533,MA003,MA003,DIS,EARLY,EARLY
0232758021,20/09/26 11:15:37,20260920 111537,MA001,MB052,TRA,OPEN,OPEN
0232748553,20/09/26 11:15:37,20260920 111537,MA003,MA003,DIS,EARLY,EARLY
0232764126,20/09/26 11:15:44,20260920 111544,MA003,MA003,DIS,EARLY,EARLY
0232763936,20/09/26 11:16:09,20260920 111609,MA003,MA003,DIS,EARLY,EARLY
0232756897,20/09/26 11:16:13,20260920 111613,MA003,MB039,TRA,EARLY,EARLY
0232764277,20/09/26 11:16:20,20260920 111620,MA003,MA033,TRA,EARLY,EARLY
0232757980,20/09/26 11:16:20,20260920 111620,MA001,MB053,TRA,OPEN,OPEN
0232757761,20/09/26 11:16:29,20260920 111629,MA001,MB052,TRA,OPEN,OPEN
0232763932,20/09/26 11:16:33,20260920 111633,MA003,MA003,DIS,EARLY,EARLY
0232763600,20/09/26 11:16:37,20260920 111637,MB040,MB025,DIS,OPEN,OPEN
0232756710,20/09/26 11:16:45,20260920 111645,MA003,MA003,DIS,EARLY,EARLY
0232756903,20/09/26 11:16:49,20260920 111649,MA003,MB039,TRA,EARLY,EARLY
0232764152,20/09/26 11:16:49,20260920 111649,MA003,MA003,DIS,EARLY,EARLY
0232763102,20/09/26 11:17:01,20260920 111701,MB038,MB025,DIS,OPEN,OPEN
0232758255,20/09/26 11:17:01,20260920 111701,MA003,MA003,DIS,EARLY,EARLY
0232764240,20/09/26 11:17:01,20260920 111701,MB025,MA030,TRA,EARLY,EARLY
0232764192,20/09/26 11:17:05,20260920 111705,MA003,MA003,DIS,EARLY,EARLY
0232757364,20/09/26 11:17:12,20260920 111712,MA001,MB053,TRA,OPEN,OPEN
0232763678,20/09/26 11:17:17,20260920 111717,MB044,MB027,DIS,OPEN,OPEN
0232758170,20/09/26 11:17:21,20260920 111721,MA003,MB052,TRA,EARLY,EARLY
0232758339,20/09/26 11:17:21,20260920 111721,MA003,MA003,DIS,EARLY,EARLY
0232758151,20/09/26 11:17:25,20260920 111725,MA003,MB040,TRA,EARLY,EARLY
0232758222,20/09/26 11:17:25,20260920 111725,MA003,MA003,DIS,EARLY,EARLY
0232758219,20/09/26 11:17:25,20260920 111725,MA003,MA010,TRA,EARLY,EARLY
0232757922,20/09/26 11:17:25,20260920 111725,MA001,MA003,DIS,OPEN,OPEN
0232763645,20/09/26 11:17:33,20260920 111733,MB040,MB025,DIS,OPEN,OPEN
0232758021,20/09/26 11:17:33,20260920 111733,MA001,MA003,DIS,OPEN,OPEN
0232764228,20/09/26 11:17:36,20260920 111736,MA003,MA003,DIS,EARLY,EARLY
0232756681,20/09/26 11:17:45,20260920 111745,MA003,MA003,DIS,EARLY,EARLY
0232756645,20/09/26 11:17:45,20260920 111745,MA003,MB049,TRA,EARLY,EARLY
0232756897,20/09/26 11:18:12,20260920 111812,MA003,MA003,DIS,EARLY,EARLY
0232763524,20/09/26 11:18:17,20260920 111817,MB040,MB025,DIS,OPEN,OPEN
0232757980,20/09/26 11:18:17,20260920 111817,MA001,MA003,DIS,OPEN,OPEN
0232764320,20/09/26 11:18:25,20260920 111825,MA003,MA017,TRA,EARLY,EARLY
0232764321,20/09/26 11:18:28,20260920 111828,MA003,MA017,TRA,EARLY,EARLY
0232764039,20/09/26 11:18:28,20260920 111828,MB038,MB025,DIS,OPEN,OPEN
0232764277,20/09/26 11:18:33,20260920 111833,MA003,MA003,DIS,EARLY,EARLY
0232764317,20/09/26 11:18:36,20260920 111836,MA003,MA017,TRA,EARLY,EARLY
0126715724,20/09/26 11:18:37,20260920 111837,MC150,MC104,DIS,OPEN,OPEN
0232758130,20/09/26 11:18:45,20260920 111845,MA003,MB040,TRA,EARLY,EARLY
0232757761,20/09/26 11:18:45,20260920 111845,MA001,MA003,DIS,OPEN,OPEN
0232758426,20/09/26 11:18:49,20260920 111849,MB040,MB025,DIS,OPEN,OPEN
0232764337,20/09/26 11:19:01,20260920 111901,MA003,MA017,TRA,EARLY,EARLY
0232764240,20/09/26 11:19:01,20260920 111901,MB025,MB025,DIS,EARLY,EARLY
0232756903,20/09/26 11:19:05,20260920 111905,MA003,MA003,DIS,EARLY,EARLY
0232758377,20/09/26 11:19:05,20260920 111905,MA003,MB040,TRA,EARLY,EARLY
0232764335,20/09/26 11:19:09,20260920 111909,MA003,MA017,TRA,EARLY,EARLY
0232757364,20/09/26 11:19:12,20260920 111912,MA001,MA003,DIS,OPEN,OPEN
0232764371,20/09/26 11:19:21,20260920 111921,MA003,MA017,TRA,EARLY,EARLY
0232758151,20/09/26 11:19:24,20260920 111924,MA003,MA003,DIS,EARLY,EARLY
0232758170,20/09/26 11:19:33,20260920 111933,MA003,MA003,DIS,EARLY,EARLY
0232756620,20/09/26 11:19:37,20260920 111937,MA003,MB049,TRA,EARLY,EARLY
0232764399,20/09/26 11:19:38,20260920 111938,MA003,MA017,TRA,EARLY,EARLY
0232758219,20/09/26 11:19:38,20260920 111938,MA003,MA003,DIS,EARLY,EARLY
0232756645,20/09/26 11:19:41,20260920 111941,MA003,MA003,DIS,EARLY,EARLY
0232757353,20/09/26 11:19:45,20260920 111945,MA003,MB035,TRA,EARLY,EARLY
0232758171,20/09/26 11:19:57,20260920 111957,MA003,MB052,TRA,EARLY,EARLY
0232764320,20/09/26 11:20:21,20260920 112021,MA003,MA003,DIS,EARLY,EARLY
0232764321,20/09/26 11:20:25,20260920 112025,MA003,MA003,DIS,EARLY,EARLY
0232764439,20/09/26 11:20:32,20260920 112032,MA003,MA017,TRA,EARLY,EARLY
0232764429,20/09/26 11:20:37,20260920 112037,MA003,MA017,TRA,EARLY,EARLY
0232764317,20/09/26 11:20:37,20260920 112037,MA003,MA003,DIS,EARLY,EARLY
0232764449,20/09/26 11:20:45,20260920 112045,MA003,MA017,TRA,EARLY,EARLY
0232764427,20/09/26 11:20:53,20260920 112053,MA003,MA017,TRA,EARLY,EARLY
5816611506,20/09/26 11:20:53,20260920 112053,MB025,MB054,TRA,EARLY,EARLY
0232758130,20/09/26 11:20:57,20260920 112057,MA003,MA003,DIS,EARLY,EARLY
0232764337,20/09/26 11:21:01,20260920 112101,MA003,MA003,DIS,EARLY,EARLY
0232758377,20/09/26 11:21:04,20260920 112104,MA003,MA003,DIS,EARLY,EARLY
5816611517,20/09/26 11:21:04,20260920 112104,MB025,MB054,TRA,EARLY,EARLY
0232764502,20/09/26 11:21:09,20260920 112109,MA003,MA017,TRA,EARLY,EARLY
0232758090,20/09/26 11:21:09,20260920 112109,MB052,MB052,TRA,OPEN,OPEN
5816611524,20/09/26 11:21:13,20260920 112113,MB025,MB054,TRA,EARLY,EARLY
0232764494,20/09/26 11:21:17,20260920 112117,MA003,MA017,TRA,EARLY,EARLY
0232764327,20/09/26 11:21:17,20260920 112117,MB025,MB035,TRA,EARLY,EARLY
0232764371,20/09/26 11:21:21,20260920 112121,MA003,MA003,DIS,EARLY,EARLY
5816611630,20/09/26 11:21:21,20260920 112121,MB025,MB054,TRA,EARLY,EARLY
0232764335,20/09/26 11:21:21,20260920 112121,MA003,MA003,DIS,EARLY,EARLY
5816611475,20/09/26 11:21:29,20260920 112129,MB025,MB054,TRA,EARLY,EARLY
0232758257,20/09/26 11:21:29,20260920 112129,MA003,MA019,TRA,EARLY,EARLY
0232764505,20/09/26 11:21:33,20260920 112133,MA003,MA017,TRA,EARLY,EARLY
0232758239,20/09/26 11:21:33,20260920 112133,MA003,MA019,TRA,EARLY,EARLY
0232757273,20/09/26 11:21:33,20260920 112133,MB052,MB052,TRA,OPEN,OPEN
5816611502,20/09/26 11:21:37,20260920 112137,MB025,MB054,TRA,EARLY,EARLY
0232764399,20/09/26 11:21:37,20260920 112137,MA003,MA003,DIS,EARLY,EARLY
0232757353,20/09/26 11:21:45,20260920 112145,MA003,MA003,DIS,EARLY,EARLY
0232756620,20/09/26 11:21:49,20260920 112149,MA003,MA003,DIS,EARLY,EARLY
0232758171,20/09/26 11:21:53,20260920 112153,MA003,MA003,DIS,EARLY,EARLY
0232764466,20/09/26 11:21:53,20260920 112153,MA003,MA017,TRA,EARLY,EARLY
0232764531,20/09/26 11:22:01,20260920 112201,MA003,MA017,TRA,EARLY,EARLY
5816611503,20/09/26 11:22:05,20260920 112205,MB025,MB054,TRA,EARLY,EARLY
0232764493,20/09/26 11:22:17,20260920 112217,MA003,MA017,TRA,EARLY,EARLY
5816611543,20/09/26 11:22:17,20260920 112217,MB025,MB054,TRA,EARLY,EARLY
0232764507,20/09/26 11:22:17,20260920 112217,MA003,MA017,TRA,EARLY,EARLY
5816611398,20/09/26 11:22:29,20260920 112229,MB025,MB054,TRA,EARLY,EARLY
0232764439,20/09/26 11:22:33,20260920 112233,MA003,MA003,DIS,EARLY,EARLY
5816611610,20/09/26 11:22:33,20260920 112233,MB025,MB054,TRA,EARLY,EARLY
0232764567,20/09/26 11:22:45,20260920 112245,MA003,MA017,TRA,EARLY,EARLY
0232764429,20/09/26 11:22:49,20260920 112249,MA003,MA003,DIS,EARLY,EARLY
5816611506,20/09/26 11:22:52,20260920 112252,MB025,MB025,DIS,EARLY,EARLY
0232764427,20/09/26 11:22:52,20260920 112252,MA003,MA003,DIS,EARLY,EARLY
5816611533,20/09/26 11:22:52,20260920 112252,MB025,MB054,TRA,EARLY,EARLY
0232764449,20/09/26 11:22:57,20260920 112257,MA003,MA003,DIS,EARLY,EARLY
0232764423,20/09/26 11:22:57,20260920 112257,MA003,MA017,TRA,EARLY,EARLY
0232764444,20/09/26 11:23:05,20260920 112305,MA003,MA017,TRA,EARLY,EARLY
5816611263,20/09/26 11:23:05,20260920 112305,MB025,MB054,TRA,EARLY,EARLY
3781105270,20/09/26 11:23:09,20260920 112309,MB025,MC163,TRA,EARLY,EARLY
0232764568,20/09/26 11:23:09,20260920 112309,MA003,MA017,TRA,EARLY,EARLY
0232764502,20/09/26 11:23:09,20260920 112309,MA003,MA003,DIS,EARLY,EARLY
5816611517,20/09/26 11:23:13,20260920 112313,MB025,MB025,DIS,EARLY,EARLY
0232764327,20/09/26 11:23:17,20260920 112317,MB025,MB025,DIS,EARLY,EARLY
3781185739,20/09/26 11:23:17,20260920 112317,MB025,MC163,TRA,EARLY,EARLY
5816611524,20/09/26 11:23:17,20260920 112317,MB025,MB025,DIS,EARLY,EARLY
5816611630,20/09/26 11:23:20,20260920 112320,MB025,MB025,DIS,EARLY,EARLY
0232758257,20/09/26 11:23:25,20260920 112325,MA003,MA003,DIS,EARLY,EARLY
0232764603,20/09/26 11:23:29,20260920 112329,MA003,MA017,TRA,EARLY,EARLY
0232764591,20/09/26 11:23:29,20260920 112329,MA003,MA031,TRA,EARLY,EARLY
0232764494,20/09/26 11:23:29,20260920 112329,MA003,MA003,DIS,EARLY,EARLY
0232758239,20/09/26 11:23:33,20260920 112333,MA003,MA003,DIS,EARLY,EARLY
5816611475,20/09/26 11:23:37,20260920 112337,MB025,MB025,DIS,EARLY,EARLY
5816611502,20/09/26 11:23:45,20260920 112345,MB025,MB025,DIS,EARLY,EARLY
0232764505,20/09/26 11:23:45,20260920 112345,MA003,MA003,DIS,EARLY,EARLY
0232764609,20/09/26 11:23:49,20260920 112349,MA003,MA017,TRA,EARLY,EARLY
0232764466,20/09/26 11:23:49,20260920 112349,MA003,MA003,DIS,EARLY,EARLY
0232757978,20/09/26 11:23:57,20260920 112357,MA003,MA019,TRA,EARLY,EARLY
5816611503,20/09/26 11:24:01,20260920 112401,MB025,MB025,DIS,EARLY,EARLY
0232764531,20/09/26 11:24:09,20260920 112409,MA003,MA003,DIS,EARLY,EARLY
0232764493,20/09/26 11:24:12,20260920 112412,MA003,MA003,DIS,EARLY,EARLY
0232764507,20/09/26 11:24:16,20260920 112416,MA003,MA003,DIS,EARLY,EARLY
0232764625,20/09/26 11:24:16,20260920 112416,MA003,MA017,TRA,EARLY,EARLY
5816611543,20/09/26 11:24:25,20260920 112425,MB025,MB025,DIS,EARLY,EARLY
0232764551,20/09/26 11:24:25,20260920 112425,MA003,MA017,TRA,EARLY,EARLY
5816611398,20/09/26 11:24:29,20260920 112429,MB025,MB025,DIS,EARLY,EARLY
0232764579,20/09/26 11:24:32,20260920 112432,MA003,MA017,TRA,EARLY,EARLY
5816611610,20/09/26 11:24:36,20260920 112436,MB025,MB025,DIS,EARLY,EARLY
0232764567,20/09/26 11:24:45,20260920 112445,MA003,MA003,DIS,EARLY,EARLY
0232764639,20/09/26 11:24:45,20260920 112445,MA003,MA017,TRA,EARLY,EARLY
0232764602,20/09/26 11:24:49,20260920 112449,MA003,MA017,TRA,EARLY,EARLY
0232758016,20/09/26 11:24:53,20260920 112453,MA003,MA019,TRA,EARLY,EARLY
0232764423,20/09/26 11:24:56,20260920 112456,MA003,MA003,DIS,EARLY,EARLY
0232758090,20/09/26 11:24:56,20260920 112456,MB052,MB025,DIS,OPEN,OPEN
0126716135,20/09/26 11:25:01,20260920 112501,MC150,MC150,TRA,OPEN,OPEN
0232764544,20/09/26 11:25:01,20260920 112501,MA003,MA017,TRA,EARLY,EARLY
5816611533,20/09/26 11:25:01,20260920 112501,MB025,MB025,DIS,EARLY,EARLY
0232764444,20/09/26 11:25:05,20260920 112505,MA003,MA003,DIS,EARLY,EARLY
5816611263,20/09/26 11:25:12,20260920 112512,MB025,MB025,DIS,EARLY,EARLY
3781185739,20/09/26 11:25:17,20260920 112517,MB025,MB025,DIS,EARLY,EARLY
3781105270,20/09/26 11:25:17,20260920 112517,MB025,MB025,DIS,EARLY,EARLY
0232757273,20/09/26 11:25:21,20260920 112521,MB052,MB025,DIS,OPEN,OPEN
0232764568,20/09/26 11:25:21,20260920 112521,MA003,MA003,DIS,EARLY,EARLY
0232764603,20/09/26 11:25:28,20260920 112528,MA003,MA003,DIS,EARLY,EARLY
0232764682,20/09/26 11:25:33,20260920 112533,MA003,MA017,TRA,EARLY,EARLY
0232764598,20/09/26 11:25:33,20260920 112533,MA003,MA017,TRA,EARLY,EARLY
0232764646,20/09/26 11:25:36,20260920 112536,MA003,MA017,TRA,EARLY,EARLY
0232764591,20/09/26 11:25:41,20260920 112541,MA003,MA003,DIS,EARLY,EARLY
5816611534,20/09/26 11:25:45,20260920 112545,MB025,MB054,TRA,EARLY,EARLY
0232764687,20/09/26 11:25:45,20260920 112545,MA003,MA017,TRA,EARLY,EARLY
0232764609,20/09/26 11:25:49,20260920 112549,MA003,MA003,DIS,EARLY,EARLY
0232757978,20/09/26 11:25:56,20260920 112556,MA003,MA003,DIS,EARLY,EARLY
0232764723,20/09/26 11:26:09,20260920 112609,MA003,MA017,TRA,EARLY,EARLY
0232764625,20/09/26 11:26:13,20260920 112613,MA003,MA003,DIS,EARLY,EARLY
0232764551,20/09/26 11:26:21,20260920 112621,MA003,MA003,DIS,EARLY,EARLY
0232749061,20/09/26 11:26:29,20260920 112629,MB025,MC151,TRA,EARLY,EARLY
0232764579,20/09/26 11:26:33,20260920 112633,MA003,MA003,DIS,EARLY,EARLY
0232749148,20/09/26 11:26:33,20260920 112633,MB025,MC143,TRA,EARLY,EARLY
0232764639,20/09/26 11:26:41,20260920 112641,MA003,MA003,DIS,EARLY,EARLY
0232764602,20/09/26 11:26:45,20260920 112645,MA003,MA003,DIS,EARLY,EARLY
0232764737,20/09/26 11:26:52,20260920 112652,MA003,MA017,TRA,EARLY,EARLY
0232764544,20/09/26 11:26:57,20260920 112657,MA003,MA003,DIS,EARLY,EARLY
0232748248,20/09/26 11:27:01,20260920 112701,MB025,MC155,TRA,EARLY,EARLY
0232758016,20/09/26 11:27:05,20260920 112705,MA003,MA003,DIS,EARLY,EARLY
0232748280,20/09/26 11:27:08,20260920 112708,MB025,MC128,TRA,EARLY,EARLY
0232747864,20/09/26 11:27:24,20260920 112724,MB025,MC128,TRA,EARLY,EARLY
0232764682,20/09/26 11:27:33,20260920 112733,MA003,MA003,DIS,EARLY,EARLY
0232764687,20/09/26 11:27:41,20260920 112741,MA003,MA003,DIS,EARLY,EARLY
0232754903,20/09/26 11:27:44,20260920 112744,MA003,MA032,TRA,EARLY,EARLY
5816611534,20/09/26 11:27:45,20260920 112745,MB025,MB025,DIS,EARLY,EARLY
0232764598,20/09/26 11:27:45,20260920 112745,MA003,MA003,DIS,EARLY,EARLY
0232749118,20/09/26 11:27:45,20260920 112745,MB025,MC155,TRA,EARLY,EARLY
0232764760,20/09/26 11:27:49,20260920 112749,MA003,MA017,TRA,EARLY,EARLY
0232764646,20/09/26 11:27:49,20260920 112749,MA003,MA003,DIS,EARLY,EARLY
0232747809,20/09/26 11:27:49,20260920 112749,MB025,MC155,TRA,EARLY,EARLY
0232764723,20/09/26 11:28:05,20260920 112805,MA003,MA003,DIS,EARLY,EARLY
0232748917,20/09/26 11:28:05,20260920 112805,MB025,MC128,TRA,EARLY,EARLY
0232748686,20/09/26 11:28:05,20260920 112805,MB025,MC128,TRA,EARLY,EARLY
0232748554,20/09/26 11:28:12,20260920 112812,MB025,MC128,TRA,EARLY,EARLY
2232954543,20/09/26 11:28:21,20260920 112821,MA003,MC128,TRA,EARLY,EARLY
0232764815,20/09/26 11:28:21,20260920 112821,MA003,MA017,TRA,EARLY,EARLY
0232749103,20/09/26 11:28:21,20260920 112821,MB025,MC128,TRA,EARLY,EARLY
0232749061,20/09/26 11:28:28,20260920 112828,MB025,MB025,DIS,EARLY,EARLY
0232764824,20/09/26 11:28:33,20260920 112833,MA003,MA017,TRA,EARLY,EARLY
0232749148,20/09/26 11:28:33,20260920 112833,MB025,MB025,DIS,EARLY,EARLY
0232748689,20/09/26 11:28:33,20260920 112833,MB025,MC128,TRA,EARLY,EARLY
0232764817,20/09/26 11:28:41,20260920 112841,MA003,MA017,TRA,EARLY,EARLY
0232748905,20/09/26 11:28:41,20260920 112841,MB025,MC151,TRA,EARLY,EARLY
0232757434,20/09/26 11:28:45,20260920 112845,MB053,MB053,TRA,OPEN,OPEN
0232747957,20/09/26 11:28:56,20260920 112856,MB025,MC128,TRA,EARLY,EARLY
0232748248,20/09/26 11:29:00,20260920 112900,MB025,MB025,DIS,EARLY,EARLY
0232747668,20/09/26 11:29:01,20260920 112901,MB025,MC128,TRA,EARLY,EARLY
0232748133,20/09/26 11:29:05,20260920 112905,MB025,MC128,TRA,EARLY,EARLY
5816611505,20/09/26 11:29:05,20260920 112905,MB025,MB054,TRA,EARLY,EARLY
0232764737,20/09/26 11:29:05,20260920 112905,MA003,MA003,DIS,EARLY,EARLY
0232764557,20/09/26 11:29:05,20260920 112905,MA003,MA017,TRA,EARLY,EARLY
0232764863,20/09/26 11:29:09,20260920 112909,MA003,MA017,TRA,EARLY,EARLY
0232764577,20/09/26 11:29:12,20260920 112912,MA003,MA017,TRA,EARLY,EARLY
0232748948,20/09/26 11:29:12,20260920 112912,MB025,MC151,TRA,EARLY,EARLY
0232748280,20/09/26 11:29:16,20260920 112916,MB025,MB025,DIS,EARLY,EARLY
0232747983,20/09/26 11:29:21,20260920 112921,MB025,MC128,TRA,EARLY,EARLY
0232747864,20/09/26 11:29:25,20260920 112925,MB025,MB025,DIS,EARLY,EARLY
0232764610,20/09/26 11:29:28,20260920 112928,MA003,MA017,TRA,EARLY,EARLY
0232764828,20/09/26 11:29:33,20260920 112933,MA003,MA017,TRA,EARLY,EARLY
0232747979,20/09/26 11:29:33,20260920 112933,MB025,MC128,TRA,EARLY,EARLY
0232764615,20/09/26 11:29:36,20260920 112936,MA003,MA017,TRA,EARLY,EARLY
0232754903,20/09/26 11:29:41,20260920 112941,MA003,MA003,DIS,EARLY,EARLY
2232954539,20/09/26 11:29:41,20260920 112941,MA003,MC128,TRA,EARLY,EARLY
0232748699,20/09/26 11:29:41,20260920 112941,MB025,MC128,TRA,EARLY,EARLY
0232764586,20/09/26 11:29:45,20260920 112945,MA003,MA017,TRA,EARLY,EARLY
0232764760,20/09/26 11:29:45,20260920 112945,MA003,MA003,DIS,EARLY,EARLY
0232764864,20/09/26 11:29:48,20260920 112948,MA003,MA017,TRA,EARLY,EARLY
0232748881,20/09/26 11:29:52,20260920 112952,MB025,MC128,TRA,EARLY,EARLY
0232747809,20/09/26 11:29:52,20260920 112952,MB025,MB025,DIS,EARLY,EARLY
0232749118,20/09/26 11:29:52,20260920 112952,MB025,MB025,DIS,EARLY,EARLY
0232748917,20/09/26 11:30:04,20260920 113004,MB025,MB025,DIS,EARLY,EARLY
0232764627,20/09/26 11:30:04,20260920 113004,MA016,MA016,TRA,OPEN,OPEN
2232954515,20/09/26 11:30:09,20260920 113009,MA003,MC128,TRA,EARLY,EARLY
0232764669,20/09/26 11:30:09,20260920 113009,MA016,MA016,TRA,OPEN,OPEN
5816611262,20/09/26 11:30:09,20260920 113009,MB025,MB054,TRA,EARLY,EARLY
0232748263,20/09/26 11:30:09,20260920 113009,MB025,MC128,TRA,EARLY,EARLY
0232748554,20/09/26 11:30:12,20260920 113012,MB025,MB025,DIS,EARLY,EARLY
0232748686,20/09/26 11:30:12,20260920 113012,MB025,MB025,DIS,EARLY,EARLY
0232747798,20/09/26 11:30:13,20260920 113013,MB025,MC155,TRA,EARLY,EARLY
5816611611,20/09/26 11:30:13,20260920 113013,MB025,MB054,TRA,EARLY,EARLY
2232954543,20/09/26 11:30:17,20260920 113017,MA003,MA003,DIS,EARLY,EARLY
2232954545,20/09/26 11:30:17,20260920 113017,MA003,MC128,TRA,EARLY,EARLY
0232764700,20/09/26 11:30:17,20260920 113017,MA016,MA016,TRA,OPEN,OPEN
0232749103,20/09/26 11:30:21,20260920 113021,MB025,MB025,DIS,EARLY,EARLY
0232764846,20/09/26 11:30:24,20260920 113024,MA016,MA016,TRA,OPEN,OPEN
0232747982,20/09/26 11:30:24,20260920 113024,MB025,MC128,TRA,EARLY,EARLY
0232764705,20/09/26 11:30:29,20260920 113029,MA016,MA016,TRA,OPEN,OPEN
0232764824,20/09/26 11:30:33,20260920 113033,MA003,MA003,DIS,OPEN,OPEN
0232764815,20/09/26 11:30:33,20260920 113033,MA003,MA003,DIS,OPEN,OPEN
0232748689,20/09/26 11:30:33,20260920 113033,MB025,MB025,DIS,EARLY,EARLY
0232764416,20/09/26 11:30:41,20260920 113041,MB025,MA051,TRA,EARLY,EARLY
0232764817,20/09/26 11:30:41,20260920 113041,MA003,MA003,DIS,OPEN,OPEN
2232954535,20/09/26 11:30:41,20260920 113041,MA003,MC128,TRA,EARLY,EARLY
0232748905,20/09/26 11:30:45,20260920 113045,MB025,MB025,DIS,EARLY,EARLY
0232764621,20/09/26 11:30:45,20260920 113045,MA017,MA017,TRA,OPEN,OPEN
5816611269,20/09/26 11:30:49,20260920 113049,MB025,MB054,TRA,EARLY,EARLY
5816611542,20/09/26 11:30:56,20260920 113056,MB025,MB054,TRA,EARLY,EARLY
5816611525,20/09/26 11:31:01,20260920 113101,MB025,MB054,TRA,EARLY,EARLY
0232764557,20/09/26 11:31:01,20260920 113101,MA003,MA003,DIS,OPEN,OPEN
0232748133,20/09/26 11:31:05,20260920 113105,MB025,MB025,DIS,EARLY,EARLY
0232764863,20/09/26 11:31:05,20260920 113105,MA003,MA003,DIS,OPEN,OPEN
0232747957,20/09/26 11:31:05,20260920 113105,MB025,MB025,DIS,EARLY,EARLY
0232747668,20/09/26 11:31:09,20260920 113109,MB025,MB025,DIS,EARLY,EARLY
5816611389,20/09/26 11:31:13,20260920 113113,MB025,MB054,TRA,EARLY,EARLY
2232954522,20/09/26 11:31:13,20260920 113113,MA003,MC128,TRA,EARLY,EARLY
0232748948,20/09/26 11:31:13,20260920 113113,MB025,MB025,DIS,EARLY,EARLY
5816611505,20/09/26 11:31:13,20260920 113113,MB025,MB025,DIS,EARLY,EARLY
0232764577,20/09/26 11:31:13,20260920 113113,MA003,MA003,DIS,OPEN,OPEN
2232954537,20/09/26 11:31:17,20260920 113117,MA003,MC128,TRA,EARLY,EARLY
5816611474,20/09/26 11:31:17,20260920 113117,MB025,MB054,TRA,EARLY,EARLY
5816611270,20/09/26 11:31:21,20260920 113121,MB025,MB054,TRA,EARLY,EARLY
0232747983,20/09/26 11:31:21,20260920 113121,MB025,MB025,DIS,EARLY,EARLY
0232764828,20/09/26 11:31:29,20260920 113129,MA003,MA003,DIS,OPEN,OPEN
0232747979,20/09/26 11:31:33,20260920 113133,MB025,MB025,DIS,EARLY,EARLY
0232764615,20/09/26 11:31:33,20260920 113133,MA003,MA003,DIS,OPEN,OPEN
0232747806,20/09/26 11:31:36,20260920 113136,MB025,MC155,TRA,EARLY,EARLY
0232764610,20/09/26 11:31:40,20260920 113140,MA003,MA003,DIS,OPEN,OPEN
2232954539,20/09/26 11:31:41,20260920 113141,MA003,MA003,DIS,EARLY,EARLY
0232748699,20/09/26 11:31:41,20260920 113141,MB025,MB025,DIS,EARLY,EARLY
0232764923,20/09/26 11:31:41,20260920 113141,MA017,MA017,TRA,OPEN,OPEN
0232764586,20/09/26 11:31:45,20260920 113145,MA003,MA003,DIS,OPEN,OPEN
0523491117,20/09/26 11:31:45,20260920 113145,MB027,MB102,TRA,OPEN,OPEN
0232764929,20/09/26 11:31:45,20260920 113145,MA050,MA050,TRA,OPEN,OPEN
0232764864,20/09/26 11:31:49,20260920 113149,MA003,MA003,DIS,OPEN,OPEN
0232748951,20/09/26 11:31:49,20260920 113149,MB025,MC128,TRA,EARLY,EARLY
0232764946,20/09/26 11:31:49,20260920 113149,MA017,MA017,TRA,OPEN,OPEN
0232748881,20/09/26 11:31:52,20260920 113152,MB025,MB025,DIS,EARLY,EARLY
0126716135,20/09/26 11:31:57,20260920 113157,MC150,MC104,DIS,OPEN,OPEN
0232764627,20/09/26 11:32:01,20260920 113201,MA016,MA003,DIS,OPEN,OPEN
0232764936,20/09/26 11:32:05,20260920 113205,MA017,MA017,TRA,OPEN,OPEN
0232764669,20/09/26 11:32:05,20260920 113205,MA016,MA003,DIS,OPEN,OPEN
2232954520,20/09/26 11:32:08,20260920 113208,MA003,MC128,TRA,EARLY,EARLY
5816611262,20/09/26 11:32:08,20260920 113208,MB025,MB025,DIS,EARLY,EARLY
0232764700,20/09/26 11:32:13,20260920 113213,MA016,MA003,DIS,OPEN,OPEN
0232764846,20/09/26 11:32:20,20260920 113220,MA016,MA003,DIS,OPEN,OPEN
2232954515,20/09/26 11:32:20,20260920 113220,MA003,MA003,DIS,EARLY,EARLY
0232764907,20/09/26 11:32:20,20260920 113220,MA017,MA017,TRA,OPEN,OPEN
0232747798,20/09/26 11:32:21,20260920 113221,MB025,MB025,DIS,EARLY,EARLY
0232764905,20/09/26 11:32:25,20260920 113225,MA016,MA016,TRA,OPEN,OPEN
0232749526,20/09/26 11:32:29,20260920 113229,MB025,MC151,TRA,EARLY,EARLY
2232954545,20/09/26 11:32:29,20260920 113229,MA003,MA003,DIS,EARLY,EARLY
0232757434,20/09/26 11:32:33,20260920 113233,MB053,MB025,DIS,OPEN,OPEN
0232747982,20/09/26 11:32:33,20260920 113233,MB025,MB025,DIS,EARLY,EARLY
0232747958,20/09/26 11:32:36,20260920 113236,MB025,MC128,TRA,EARLY,EARLY
0232749577,20/09/26 11:32:36,20260920 113236,MB025,MC151,TRA,EARLY,EARLY
0232764621,20/09/26 11:32:41,20260920 113241,MA017,MA003,DIS,OPEN,OPEN
0232748927,20/09/26 11:32:41,20260920 113241,MB025,MC243,TRA,EARLY,EARLY
0232764416,20/09/26 11:32:41,20260920 113241,MB025,MB025,DIS,EARLY,EARLY
0232747621,20/09/26 11:32:41,20260920 113241,MA003,MC143,TRA,EARLY,EARLY
0232764705,20/09/26 11:32:41,20260920 113241,MA016,MA003,DIS,OPEN,OPEN
0232747904,20/09/26 11:32:45,20260920 113245,MA003,MA028,TRA,EARLY,EARLY
0232749290,20/09/26 11:32:49,20260920 113249,MB025,MC151,TRA,EARLY,EARLY
5816611269,20/09/26 11:32:49,20260920 113249,MB025,MB025,DIS,EARLY,EARLY
0232748051,20/09/26 11:32:49,20260920 113249,MA003,MC155,TRA,EARLY,EARLY
0232747854,20/09/26 11:32:49,20260920 113249,MA003,MC151,TRA,EARLY,EARLY
2232954535,20/09/26 11:32:53,20260920 113253,MA003,MA003,DIS,EARLY,EARLY
0232747792,20/09/26 11:32:53,20260920 113253,MA003,MC143,TRA,EARLY,EARLY
5816611525,20/09/26 11:33:01,20260920 113301,MB025,MB025,DIS,EARLY,EARLY
5816611542,20/09/26 11:33:04,20260920 113304,MB025,MB025,DIS,EARLY,EARLY
0232747749,20/09/26 11:33:04,20260920 113304,MA003,MC151,TRA,EARLY,EARLY
5816611389,20/09/26 11:33:13,20260920 113313,MB025,MB025,DIS,EARLY,EARLY
2232954537,20/09/26 11:33:17,20260920 113317,MA003,MA003,DIS,EARLY,EARLY
5816611474,20/09/26 11:33:17,20260920 113317,MB025,MB025,DIS,EARLY,EARLY
0232747924,20/09/26 11:33:21,20260920 113321,MA003,MC243,TRA,EARLY,EARLY
0232747766,20/09/26 11:33:21,20260920 113321,MA003,MC151,TRA,EARLY,EARLY
0232748973,20/09/26 11:33:21,20260920 113321,MB025,MC124,TRA,EARLY,EARLY
2232954522,20/09/26 11:33:25,20260920 113325,MA003,MA003,DIS,EARLY,EARLY
5816611270,20/09/26 11:33:28,20260920 113328,MB025,MB025,DIS,EARLY,EARLY
0232747856,20/09/26 11:33:33,20260920 113333,MA003,MC151,TRA,EARLY,EARLY
0232747579,20/09/26 11:33:37,20260920 113337,MA003,MA042,TRA,EARLY,EARLY
0232764923,20/09/26 11:33:37,20260920 113337,MA017,MA003,DIS,OPEN,OPEN
0523491117,20/09/26 11:33:44,20260920 113344,MB027,MB027,DIS,OPEN,OPEN
0232764929,20/09/26 11:33:45,20260920 113345,MA050,MA003,DIS,OPEN,OPEN
5816611611,20/09/26 11:33:49,20260920 113349,MB025,MB025,DIS,EARLY,EARLY
0232748263,20/09/26 11:33:49,20260920 113349,MB025,MB025,DIS,EARLY,EARLY
0232764946,20/09/26 11:33:49,20260920 113349,MA017,MA003,DIS,OPEN,OPEN
0232748053,20/09/26 11:33:49,20260920 113349,MA003,MC155,TRA,EARLY,EARLY
0232747671,20/09/26 11:33:53,20260920 113353,MA003,MC143,TRA,EARLY,EARLY
0232748914,20/09/26 11:33:53,20260920 113353,MB025,MC128,TRA,EARLY,EARLY
0232748951,20/09/26 11:33:57,20260920 113357,MB025,MB025,DIS,EARLY,EARLY
0232747405,20/09/26 11:33:57,20260920 113357,MB025,MC149,TRA,EARLY,EARLY
0232747751,20/09/26 11:34:05,20260920 113405,MA003,MC151,TRA,EARLY,EARLY
0232764936,20/09/26 11:34:05,20260920 113405,MA017,MA003,DIS,OPEN,OPEN
0232747796,20/09/26 11:34:08,20260920 113408,MA003,MC151,TRA,EARLY,EARLY
0232747716,20/09/26 11:34:13,20260920 113413,MB025,MC128,TRA,EARLY,EARLY
0232748808,20/09/26 11:34:17,20260920 113417,MB025,MC151,TRA,EARLY,EARLY
2232954520,20/09/26 11:34:21,20260920 113421,MA003,MA003,DIS,EARLY,EARLY
0232747913,20/09/26 11:34:29,20260920 113429,MB025,MC143,TRA,EARLY,EARLY
0232764907,20/09/26 11:34:33,20260920 113433,MA017,MA003,DIS,OPEN,OPEN
0232747892,20/09/26 11:34:33,20260920 113433,MA003,MC243,TRA,EARLY,EARLY
0232748924,20/09/26 11:34:33,20260920 113433,MB025,MC128,TRA,EARLY,EARLY
0217882373,20/09/26 11:34:33,20260920 113433,MB027,MC203,TRA,OPEN,OPEN
0232747621,20/09/26 11:34:37,20260920 113437,MA003,MA003,DIS,EARLY,EARLY
0232749577,20/09/26 11:34:37,20260920 113437,MB025,MB025,DIS,EARLY,EARLY
0232747974,20/09/26 11:34:37,20260920 113437,MA003,MA042,TRA,EARLY,EARLY
0232749526,20/09/26 11:34:37,20260920 113437,MB025,MB025,DIS,EARLY,EARLY
0232764905,20/09/26 11:34:37,20260920 113437,MA016,MA003,DIS,OPEN,OPEN
0232747958,20/09/26 11:34:45,20260920 113445,MB025,MB025,DIS,EARLY,EARLY
0232748052,20/09/26 11:34:45,20260920 113445,MA003,MC243,TRA,EARLY,EARLY
0232747904,20/09/26 11:34:45,20260920 113445,MA003,MA003,DIS,EARLY,EARLY
0523492829,20/09/26 11:34:49,20260920 113449,MB027,MB102,TRA,OPEN,OPEN
0232748927,20/09/26 11:34:49,20260920 113449,MB025,MB025,DIS,EARLY,EARLY
0232747377,20/09/26 11:34:49,20260920 113449,MB025,MC149,TRA,EARLY,EARLY
0232747854,20/09/26 11:34:49,20260920 113449,MA003,MA003,DIS,EARLY,EARLY
0232747541,20/09/26 11:34:53,20260920 113453,MA003,MC124,TRA,EARLY,EARLY
0232747792,20/09/26 11:34:53,20260920 113453,MA003,MA003,DIS,EARLY,EARLY
0232749290,20/09/26 11:34:57,20260920 113457,MB025,MB025,DIS,EARLY,EARLY
0232747769,20/09/26 11:34:57,20260920 113457,MA003,MC151,TRA,EARLY,EARLY
0232747749,20/09/26 11:35:01,20260920 113501,MA003,MA003,DIS,EARLY,EARLY
0232748051,20/09/26 11:35:01,20260920 113501,MA003,MA003,DIS,EARLY,EARLY
0232748044,20/09/26 11:35:04,20260920 113504,MB025,MC155,TRA,EARLY,EARLY
0232747806,20/09/26 11:35:13,20260920 113513,MB025,MB025,DIS,EARLY,EARLY
0232747924,20/09/26 11:35:17,20260920 113517,MA003,MA003,DIS,EARLY,EARLY
0523491050,20/09/26 11:35:29,20260920 113529,MB027,MB102,TRA,OPEN,OPEN
0232747856,20/09/26 11:35:29,20260920 113529,MA003,MA003,DIS,EARLY,EARLY
0232748973,20/09/26 11:35:29,20260920 113529,MB025,MB025,DIS,EARLY,EARLY
0232748310,20/09/26 11:35:33,20260920 113533,MB025,MA034,TRA,EARLY,EARLY
0232747766,20/09/26 11:35:33,20260920 113533,MA003,MA003,DIS,EARLY,EARLY
0232749070,20/09/26 11:35:36,20260920 113536,MB025,MC149,TRA,EARLY,EARLY
0232747579,20/09/26 11:35:36,20260920 113536,MA003,MA003,DIS,EARLY,EARLY
0232748100,20/09/26 11:35:45,20260920 113545,MB025,MC155,TRA,EARLY,EARLY
0232747826,20/09/26 11:35:45,20260920 113545,MA003,MC151,TRA,EARLY,EARLY
0232748053,20/09/26 11:35:45,20260920 113545,MA003,MA003,DIS,EARLY,EARLY
0232747671,20/09/26 11:35:49,20260920 113549,MA003,MA003,DIS,EARLY,EARLY
0232748700,20/09/26 11:35:53,20260920 113553,MB025,MC128,TRA,EARLY,EARLY
0232747405,20/09/26 11:35:57,20260920 113557,MB025,MB025,DIS,EARLY,EARLY
0232748001,20/09/26 11:35:57,20260920 113557,MB025,MC243,TRA,EARLY,EARLY
0232747540,20/09/26 11:36:01,20260920 113601,MA003,MC124,TRA,EARLY,EARLY
0232748914,20/09/26 11:36:01,20260920 113601,MB025,MB025,DIS,EARLY,EARLY
0232747827,20/09/26 11:36:05,20260920 113605,MA003,MC151,TRA,EARLY,EARLY
0232747911,20/09/26 11:36:05,20260920 113605,MA028,MA028,TRA,OPEN,OPEN
0232747796,20/09/26 11:36:09,20260920 113609,MA003,MA003,DIS,EARLY,EARLY
0232747969,20/09/26 11:36:09,20260920 113609,MA003,MA042,TRA,EARLY,EARLY
0232747716,20/09/26 11:36:13,20260920 113613,MB025,MB025,DIS,EARLY,EARLY
0523487512,20/09/26 11:36:13,20260920 113613,MB027,MB102,TRA,OPEN,OPEN
0232747858,20/09/26 11:36:17,20260920 113617,MB025,MC151,TRA,EARLY,EARLY
0232747751,20/09/26 11:36:17,20260920 113617,MA003,MA003,DIS,EARLY,EARLY
0523491792,20/09/26 11:36:24,20260920 113624,MB027,MB102,TRA,OPEN,OPEN
0232747735,20/09/26 11:36:24,20260920 113624,MA003,MC155,TRA,EARLY,EARLY
0232748808,20/09/26 11:36:24,20260920 113624,MB025,MB025,DIS,EARLY,EARLY
0232747913,20/09/26 11:36:29,20260920 113629,MB025,MB025,DIS,EARLY,EARLY
0232748924,20/09/26 11:36:33,20260920 113633,MB025,MB025,DIS,EARLY,EARLY
0232747488,20/09/26 11:36:33,20260920 113633,MB025,MC143,TRA,EARLY,EARLY
0232748441,20/09/26 11:36:33,20260920 113633,MB025,MC143,TRA,EARLY,EARLY
0232747459,20/09/26 11:36:41,20260920 113641,MA003,MA034,TRA,EARLY,EARLY
0232747892,20/09/26 11:36:41,20260920 113641,MA003,MA003,DIS,EARLY,EARLY
0232748052,20/09/26 11:36:45,20260920 113645,MA003,MA003,DIS,EARLY,EARLY
0232748449,20/09/26 11:36:45,20260920 113645,MB025,MC143,TRA,EARLY,EARLY
0232747461,20/09/26 11:36:49,20260920 113649,MA003,MA034,TRA,EARLY,EARLY
0232747377,20/09/26 11:36:49,20260920 113649,MB025,MB025,DIS,EARLY,EARLY
0232747974,20/09/26 11:36:49,20260920 113649,MA003,MA003,DIS,EARLY,EARLY
0232747541,20/09/26 11:36:49,20260920 113649,MA003,MA003,DIS,EARLY,EARLY
0523492829,20/09/26 11:36:57,20260920 113657,MB027,MB027,DIS,OPEN,OPEN
0232747769,20/09/26 11:36:57,20260920 113657,MA003,MA003,DIS,EARLY,EARLY
0232748044,20/09/26 11:37:04,20260920 113704,MB025,MB025,DIS,EARLY,EARLY
0232748006,20/09/26 11:37:04,20260920 113704,MA003,MC243,TRA,EARLY,EARLY
0232747866,20/09/26 11:37:09,20260920 113709,MA003,MC151,TRA,EARLY,EARLY
0232747600,20/09/26 11:37:17,20260920 113717,MA003,MC243,TRA,EARLY,EARLY
0232748231,20/09/26 11:37:25,20260920 113725,MB025,MC149,TRA,EARLY,EARLY
0523491050,20/09/26 11:37:29,20260920 113729,MB027,MB027,DIS,OPEN,OPEN
0232748608,20/09/26 11:37:29,20260920 113729,MB025,MC151,TRA,EARLY,EARLY
0523488560,20/09/26 11:37:33,20260920 113733,MB027,MB102,TRA,OPEN,OPEN
0232749070,20/09/26 11:37:37,20260920 113737,MB025,MB025,DIS,EARLY,EARLY
0232748310,20/09/26 11:37:41,20260920 113741,MB025,MB025,DIS,EARLY,EARLY
0232748100,20/09/26 11:37:53,20260920 113753,MB025,MB025,DIS,EARLY,EARLY
0232748700,20/09/26 11:37:53,20260920 113753,MB025,MB025,DIS,EARLY,EARLY
0232747626,20/09/26 11:37:57,20260920 113757,MB025,MC124,TRA,EARLY,EARLY
0232747485,20/09/26 11:37:57,20260920 113757,MB025,MA009,TRA,EARLY,EARLY
0232748001,20/09/26 11:37:57,20260920 113757,MB025,MB025,DIS,EARLY,EARLY
0232747826,20/09/26 11:37:57,20260920 113757,MA003,MA003,DIS,EARLY,EARLY
0232758039,20/09/26 11:37:57,20260920 113757,MA003,MC140,TRA,EARLY,EARLY
0232747827,20/09/26 11:38:05,20260920 113805,MA003,MA003,DIS,EARLY,EARLY
0232748894,20/09/26 11:38:09,20260920 113809,MB025,MC155,TRA,EARLY,EARLY
0232747969,20/09/26 11:38:09,20260920 113809,MA003,MA003,DIS,EARLY,EARLY
0232747988,20/09/26 11:38:13,20260920 113813,MB025,MC128,TRA,EARLY,EARLY
0232747540,20/09/26 11:38:13,20260920 113813,MA003,MA003,DIS,EARLY,EARLY
0217882373,20/09/26 11:38:17,20260920 113817,MB027,MB026,DIS,OPEN,OPEN
0232747858,20/09/26 11:38:17,20260920 113817,MB025,MB025,DIS,EARLY,EARLY
0523493732,20/09/26 11:38:17,20260920 113817,MB027,MB102,TRA,OPEN,OPEN
0232757957,20/09/26 11:38:17,20260920 113817,MA003,MC140,TRA,EARLY,EARLY
0232747911,20/09/26 11:38:17,20260920 113817,MA028,MA003,DIS,OPEN,OPEN
0523488561,20/09/26 11:38:21,20260920 113821,MB027,MB102,TRA,OPEN,OPEN
0523484315,20/09/26 11:38:21,20260920 113821,MB027,MB102,TRA,OPEN,OPEN
0523487512,20/09/26 11:38:21,20260920 113821,MB027,MB027,DIS,OPEN,OPEN
0232747735,20/09/26 11:38:25,20260920 113825,MA003,MA003,DIS,EARLY,EARLY
0232747488,20/09/26 11:38:32,20260920 113832,MB025,MB025,DIS,EARLY,EARLY
0523491792,20/09/26 11:38:32,20260920 113832,MB027,MB027,DIS,OPEN,OPEN
5816611518,20/09/26 11:38:37,20260920 113837,MB025,MB054,TRA,EARLY,EARLY
0232748441,20/09/26 11:38:37,20260920 113837,MB025,MB025,DIS,EARLY,EARLY
0232747812,20/09/26 11:38:38,20260920 113838,MB025,MC128,TRA,EARLY,EARLY
0232755409,20/09/26 11:38:41,20260920 113841,MA029,MA029,TRA,OPEN,OPEN
0232748039,20/09/26 11:38:41,20260920 113841,MB025,MC155,TRA,EARLY,EARLY
0232748449,20/09/26 11:38:45,20260920 113845,MB025,MB025,DIS,EARLY,EARLY
0232747810,20/09/26 11:38:48,20260920 113848,MB025,MC128,TRA,EARLY,EARLY
0523494726,20/09/26 11:38:53,20260920 113853,MB027,MB102,TRA,OPEN,OPEN
0232747459,20/09/26 11:38:53,20260920 113853,MA003,MA003,DIS,EARLY,EARLY
0232748719,20/09/26 11:38:57,20260920 113857,MB025,MC128,TRA,EARLY,EARLY
0232747461,20/09/26 11:39:00,20260920 113900,MA003,MA003,DIS,EARLY,EARLY
0232747866,20/09/26 11:39:04,20260920 113904,MA003,MA003,DIS,EARLY,EARLY
0232748299,20/09/26 11:39:13,20260920 113913,MB025,MC151,TRA,EARLY,EARLY
0232748006,20/09/26 11:39:17,20260920 113917,MA003,MA003,DIS,EARLY,EARLY
0232747600,20/09/26 11:39:29,20260920 113929,MA003,MA003,DIS,EARLY,EARLY
0232756451,20/09/26 11:39:29,20260920 113929,MA003,MB035,TRA,EARLY,EARLY
0232748608,20/09/26 11:39:29,20260920 113929,MB025,MB025,DIS,EARLY,EARLY
0232748521,20/09/26 11:39:29,20260920 113929,MB025,MC143,TRA,EARLY,EARLY
0232748231,20/09/26 11:39:33,20260920 113933,MB025,MB025,DIS,EARLY,EARLY
0232747916,20/09/26 11:39:36,20260920 113936,MB025,MC128,TRA,EARLY,EARLY
0523488560,20/09/26 11:39:41,20260920 113941,MB027,MB027,DIS,OPEN,OPEN
0232748865,20/09/26 11:39:45,20260920 113945,MB025,MC151,TRA,EARLY,EARLY
0232758039,20/09/26 11:39:53,20260920 113953,MA003,MA003,DIS,EARLY,EARLY
0232758154,20/09/26 11:39:57,20260920 113957,MA003,MB053,TRA,EARLY,EARLY
0232764631,20/09/26 11:40:01,20260920 114001,MB025,MB030,TRA,EARLY,EARLY
0232747485,20/09/26 11:40:01,20260920 114001,MB025,MB025,DIS,EARLY,EARLY
0232747593,20/09/26 11:40:01,20260920 114001,MB025,MC243,TRA,EARLY,EARLY
0232747626,20/09/26 11:40:05,20260920 114005,MB025,MB025,DIS,EARLY,EARLY
0232748894,20/09/26 11:40:09,20260920 114009,MB025,MB025,DIS,EARLY,EARLY
0232757957,20/09/26 11:40:13,20260920 114013,MA003,MA003,DIS,EARLY,EARLY
0232747988,20/09/26 11:40:13,20260920 114013,MB025,MB025,DIS,EARLY,EARLY
0523494738,20/09/26 11:40:13,20260920 114013,MB027,MB102,TRA,OPEN,OPEN
0523489318,20/09/26 11:40:17,20260920 114017,MB027,MB102,TRA,OPEN,OPEN
0232747955,20/09/26 11:40:21,20260920 114021,MB025,MC128,TRA,EARLY,EARLY
0523488561,20/09/26 11:40:21,20260920 114021,MB027,MB027,DIS,OPEN,OPEN
0523493732,20/09/26 11:40:25,20260920 114025,MB027,MB027,DIS,OPEN,OPEN
0523492960,20/09/26 11:40:29,20260920 114029,MB027,MB102,TRA,OPEN,OPEN
0523484315,20/09/26 11:40:29,20260920 114029,MB027,MB027,DIS,OPEN,OPEN
2232954546,20/09/26 11:40:37,20260920 114037,MB025,MC128,TRA,EARLY,EARLY
5816611518,20/09/26 11:40:37,20260920 114037,MB025,MB025,DIS,EARLY,EARLY
2232954528,20/09/26 11:40:41,20260920 114041,MB025,MC128,TRA,EARLY,EARLY
0232747812,20/09/26 11:40:44,20260920 114044,MB025,MB025,DIS,EARLY,EARLY
0232747810,20/09/26 11:40:49,20260920 114049,MB025,MB025,DIS,EARLY,EARLY
2232954529,20/09/26 11:40:49,20260920 114049,MB025,MC128,TRA,EARLY,EARLY
0232748039,20/09/26 11:40:49,20260920 114049,MB025,MB025,DIS,EARLY,EARLY
0232755409,20/09/26 11:40:53,20260920 114053,MA029,MA003,DIS,OPEN,OPEN
2232954526,20/09/26 11:40:53,20260920 114053,MB025,MC128,TRA,EARLY,EARLY
0232748719,20/09/26 11:40:56,20260920 114056,MB025,MB025,DIS,EARLY,EARLY
0523494726,20/09/26 11:41:01,20260920 114101,MB027,MB027,DIS,OPEN,OPEN
0523494727,20/09/26 11:41:05,20260920 114105,MB027,MB102,TRA,OPEN,OPEN
0232748299,20/09/26 11:41:12,20260920 114112,MB025,MB025,DIS,EARLY,EARLY
0232749546,20/09/26 11:41:21,20260920 114121,MB025,MC151,TRA,EARLY,EARLY
0232756451,20/09/26 11:41:28,20260920 114128,MA003,MA003,DIS,EARLY,EARLY
0232748521,20/09/26 11:41:37,20260920 114137,MB025,MB025,DIS,EARLY,EARLY
0232747916,20/09/26 11:41:37,20260920 114137,MB025,MB025,DIS,EARLY,EARLY
0232758154,20/09/26 11:41:53,20260920 114153,MA003,MA003,DIS,EARLY,EARLY
0232748865,20/09/26 11:41:53,20260920 114153,MB025,MB025,DIS,EARLY,EARLY
0232747593,20/09/26 11:42:01,20260920 114201,MB025,MB025,DIS,EARLY,EARLY
0232764631,20/09/26 11:42:09,20260920 114209,MB025,MB025,DIS,EARLY,EARLY
0523489318,20/09/26 11:42:17,20260920 114217,MB027,MB027,DIS,OPEN,OPEN
0523494738,20/09/26 11:42:21,20260920 114221,MB027,MB027,DIS,OPEN,OPEN
0523491313,20/09/26 11:42:21,20260920 114221,MB027,MB102,TRA,OPEN,OPEN
0232747955,20/09/26 11:42:21,20260920 114221,MB025,MB025,DIS,EARLY,EARLY
0523492960,20/09/26 11:42:37,20260920 114237,MB027,MB027,DIS,OPEN,OPEN
2232954546,20/09/26 11:42:37,20260920 114237,MB025,MB025,DIS,EARLY,EARLY
2232954528,20/09/26 11:42:41,20260920 114241,MB025,MB025,DIS,EARLY,EARLY
2232954529,20/09/26 11:42:49,20260920 114249,MB025,MB025,DIS,EARLY,EARLY
2232954561,20/09/26 11:42:57,20260920 114257,MB025,MC128,TRA,EARLY,EARLY
2232954526,20/09/26 11:42:57,20260920 114257,MB025,MB025,DIS,EARLY,EARLY
0523494727,20/09/26 11:43:04,20260920 114304,MB027,MB027,DIS,OPEN,OPEN
0523487534,20/09/26 11:43:21,20260920 114321,MB027,MB102,TRA,OPEN,OPEN
0523490185,20/09/26 11:43:29,20260920 114329,MB027,MB102,TRA,OPEN,OPEN
0232749546,20/09/26 11:43:29,20260920 114329,MB025,MB025,DIS,EARLY,EARLY
0523497607,20/09/26 11:44:09,20260920 114409,MB027,MB102,TRA,OPEN,OPEN
0523489365,20/09/26 11:44:21,20260920 114421,MB027,MB102,TRA,OPEN,OPEN
0523491313,20/09/26 11:44:21,20260920 114421,MB027,MB027,DIS,OPEN,OPEN
0232748513,20/09/26 11:44:41,20260920 114441,MB025,MC128,TRA,EARLY,EARLY
0523484365,20/09/26 11:44:44,20260920 114444,MB027,MB102,TRA,OPEN,OPEN
2232954514,20/09/26 11:44:57,20260920 114457,MB025,MC128,TRA,EARLY,EARLY
2232954561,20/09/26 11:44:57,20260920 114457,MB025,MB025,DIS,EARLY,EARLY
0232748586,20/09/26 11:44:57,20260920 114457,MB025,MC151,TRA,EARLY,EARLY
2232954557,20/09/26 11:45:07,20260920 114507,MB025,MC128,TRA,EARLY,EARLY
2232954524,20/09/26 11:45:13,20260920 114513,MB025,MC128,TRA,EARLY,EARLY
0523493012,20/09/26 11:45:17,20260920 114517,MB027,MB102,TRA,OPEN,OPEN
0523487534,20/09/26 11:45:20,20260920 114520,MB027,MB027,DIS,OPEN,OPEN
0523491791,20/09/26 11:45:20,20260920 114520,MB027,MB102,TRA,OPEN,OPEN
0523489297,20/09/26 11:45:25,20260920 114525,MB027,MB102,TRA,OPEN,OPEN
3774163791,20/09/26 11:45:26,20260920 114526,MC227,MC227,TRA,OPEN,OPEN
0523490185,20/09/26 11:45:29,20260920 114529,MB027,MB027,DIS,OPEN,OPEN
0523491368,20/09/26 11:45:29,20260920 114529,MB027,MB102,TRA,OPEN,OPEN
0523491383,20/09/26 11:45:49,20260920 114549,MB027,MB102,TRA,OPEN,OPEN
3774114966,20/09/26 11:45:54,20260920 114554,MC227,MC227,TRA,OPEN,OPEN
0523497607,20/09/26 11:46:09,20260920 114609,MB027,MB027,DIS,OPEN,OPEN
0523489365,20/09/26 11:46:20,20260920 114620,MB027,MB027,DIS,OPEN,OPEN
0232748711,20/09/26 11:46:25,20260920 114625,MB025,MC128,TRA,EARLY,EARLY
0232747591,20/09/26 11:46:33,20260920 114633,MB025,MC243,TRA,EARLY,EARLY
0232765617,20/09/26 11:46:33,20260920 114633,MA029,MA029,TRA,OPEN,OPEN
0232748513,20/09/26 11:46:41,20260920 114641,MB025,MB025,DIS,EARLY,EARLY
0523484365,20/09/26 11:46:45,20260920 114645,MB027,MB027,DIS,OPEN,OPEN
0523484378,20/09/26 11:46:49,20260920 114649,MB027,MB102,TRA,OPEN,OPEN
0232765629,20/09/26 11:46:52,20260920 114652,MA029,MA029,TRA,OPEN,OPEN
0232748586,20/09/26 11:47:01,20260920 114701,MB025,MB025,DIS,EARLY,EARLY
2232954557,20/09/26 11:47:05,20260920 114705,MB025,MB025,DIS,EARLY,EARLY
2232954514,20/09/26 11:47:05,20260920 114705,MB025,MB025,DIS,EARLY,EARLY
2232954524,20/09/26 11:47:12,20260920 114712,MB025,MB025,DIS,EARLY,EARLY
0523491791,20/09/26 11:47:21,20260920 114721,MB027,MB027,DIS,OPEN,OPEN
0523490349,20/09/26 11:47:21,20260920 114721,MB027,MB102,TRA,OPEN,OPEN
0523489297,20/09/26 11:47:25,20260920 114725,MB027,MB027,DIS,OPEN,OPEN
0523493012,20/09/26 11:47:25,20260920 114725,MB027,MB027,DIS,OPEN,OPEN
0232745694,20/09/26 11:47:29,20260920 114729,MA029,MA029,TRA,OPEN,OPEN
0523491368,20/09/26 11:47:32,20260920 114732,MB027,MB027,DIS,OPEN,OPEN
2232954517,20/09/26 11:47:48,20260920 114748,MB025,MC128,TRA,EARLY,EARLY
0523491383,20/09/26 11:47:53,20260920 114753,MB027,MB027,DIS,OPEN,OPEN
0523490362,20/09/26 11:47:57,20260920 114757,MB027,MB102,TRA,OPEN,OPEN
0232748711,20/09/26 11:48:25,20260920 114825,MB025,MB025,DIS,EARLY,EARLY
0523495708,20/09/26 11:48:37,20260920 114837,MB027,MB102,TRA,OPEN,OPEN
0232747591,20/09/26 11:48:41,20260920 114841,MB025,MB025,DIS,EARLY,EARLY
0523484378,20/09/26 11:48:48,20260920 114848,MB027,MB027,DIS,OPEN,OPEN
0523490349,20/09/26 11:49:21,20260920 114921,MB027,MB027,DIS,OPEN,OPEN
0523490381,20/09/26 11:49:53,20260920 114953,MB027,MB102,TRA,OPEN,OPEN
2232954517,20/09/26 11:49:57,20260920 114957,MB025,MB025,DIS,EARLY,EARLY
0523490362,20/09/26 11:49:57,20260920 114957,MB027,MB027,DIS,OPEN,OPEN
0232765617,20/09/26 11:50:08,20260920 115008,MA029,MA002,DIS,OPEN,OPEN
0232765629,20/09/26 11:50:36,20260920 115036,MA029,MA002,DIS,OPEN,OPEN
0523495708,20/09/26 11:50:41,20260920 115041,MB027,MB027,DIS,OPEN,OPEN
3774163791,20/09/26 11:50:46,20260920 115046,MC227,MC233,DIS,OPEN,OPEN
0232745694,20/09/26 11:51:01,20260920 115101,MA029,MA002,DIS,OPEN,OPEN
3774114966,20/09/26 11:51:14,20260920 115114,MC227,MC233,DIS,OPEN,OPEN
0523490415,20/09/26 11:51:21,20260920 115121,MB027,MB102,TRA,OPEN,OPEN
0523497765,20/09/26 11:51:25,20260920 115125,MB027,MB102,TRA,OPEN,OPEN
0232765907,20/09/26 11:51:28,20260920 115128,MA016,MA016,TRA,OPEN,OPEN
0523491439,20/09/26 11:51:28,20260920 115128,MB027,MB102,TRA,OPEN,OPEN
0523490394,20/09/26 11:51:33,20260920 115133,MB027,MB102,TRA,OPEN,OPEN
0523490381,20/09/26 11:51:53,20260920 115153,MB027,MB027,DIS,OPEN,OPEN
2232954542,20/09/26 11:51:57,20260920 115157,MB025,MC128,TRA,EARLY,EARLY
0232748030,20/09/26 11:52:08,20260920 115208,MB025,MC155,TRA,EARLY,EARLY
0523490415,20/09/26 11:53:21,20260920 115321,MB027,MB027,DIS,OPEN,OPEN
0523497765,20/09/26 11:53:25,20260920 115325,MB027,MB027,DIS,OPEN,OPEN
0523490394,20/09/26 11:53:33,20260920 115333,MB027,MB027,DIS,OPEN,OPEN
0523491439,20/09/26 11:53:37,20260920 115337,MB027,MB027,DIS,OPEN,OPEN
2232954542,20/09/26 11:53:57,20260920 115357,MB025,MB025,DIS,EARLY,EARLY
0232748030,20/09/26 11:54:16,20260920 115416,MB025,MB025,DIS,EARLY,EARLY
0523494970,20/09/26 11:54:25,20260920 115425,MB027,MB102,TRA,OPEN,OPEN
0523498613,20/09/26 11:55:09,20260920 115509,MB027,MB102,TRA,OPEN,OPEN
0523489522,20/09/26 11:55:25,20260920 115525,MB027,MB102,TRA,OPEN,OPEN
0232765907,20/09/26 11:55:49,20260920 115549,MA016,MA002,DIS,OPEN,OPEN
0523490480,20/09/26 11:56:00,20260920 115600,MB027,MB102,TRA,OPEN,OPEN
0523489523,20/09/26 11:56:05,20260920 115605,MB027,MB102,TRA,OPEN,OPEN
0523490479,20/09/26 11:56:21,20260920 115621,MB027,MB102,TRA,OPEN,OPEN
0523494970,20/09/26 11:56:25,20260920 115625,MB027,MB027,DIS,OPEN,OPEN
0523497813,20/09/26 11:56:41,20260920 115641,MB027,MB102,TRA,OPEN,OPEN
0523498613,20/09/26 11:57:17,20260920 115717,MB027,MB027,DIS,OPEN,OPEN
0523495016,20/09/26 11:57:21,20260920 115721,MB027,MB102,TRA,OPEN,OPEN
0523489522,20/09/26 11:57:29,20260920 115729,MB027,MB027,DIS,OPEN,OPEN
0523490507,20/09/26 11:57:33,20260920 115733,MB027,MB102,TRA,OPEN,OPEN
0523490480,20/09/26 11:58:01,20260920 115801,MB027,MB027,DIS,OPEN,OPEN
0523489523,20/09/26 11:58:05,20260920 115805,MB027,MB027,DIS,OPEN,OPEN
0523491934,20/09/26 11:58:08,20260920 115808,MB027,MB102,TRA,OPEN,OPEN
0523495847,20/09/26 11:58:12,20260920 115812,MB027,MB102,TRA,OPEN,OPEN
0523490479,20/09/26 11:58:21,20260920 115821,MB027,MB027,DIS,OPEN,OPEN
0523496899,20/09/26 11:58:37,20260920 115837,MB027,MB102,TRA,OPEN,OPEN
0523497813,20/09/26 11:58:41,20260920 115841,MB027,MB027,DIS,OPEN,OPEN
0523495048,20/09/26 11:58:57,20260920 115857,MB027,MB102,TRA,OPEN,OPEN
0523497867,20/09/26 11:59:05,20260920 115905,MB027,MB102,TRA,OPEN,OPEN
0523495049,20/09/26 11:59:17,20260920 115917,MB027,MB102,TRA,OPEN,OPEN
0523495016,20/09/26 11:59:29,20260920 115929,MB027,MB027,DIS,OPEN,OPEN
0523490507,20/09/26 11:59:33,20260920 115933,MB027,MB027,DIS,OPEN,OPEN
0523493258,20/09/26 11:59:49,20260920 115949,MB027,MB102,TRA,OPEN,OPEN
0523500598,20/09/26 12:00:09,20260920 120009,MB027,MB102,TRA,OPEN,OPEN
0523491934,20/09/26 12:00:09,20260920 120009,MB027,MB027,DIS,OPEN,OPEN
0523492959,20/09/26 12:00:13,20260920 120013,MB027,MB102,TRA,OPEN,OPEN
0523495847,20/09/26 12:00:13,20260920 120013,MB027,MB027,DIS,OPEN,OPEN
0523496899,20/09/26 12:00:37,20260920 120037,MB027,MB027,DIS,OPEN,OPEN
0523494121,20/09/26 12:00:41,20260920 120041,MB027,MB102,TRA,OPEN,OPEN
0523493271,20/09/26 12:01:05,20260920 120105,MB027,MB102,TRA,OPEN,OPEN
0523495048,20/09/26 12:01:05,20260920 120105,MB027,MB027,DIS,OPEN,OPEN
0523497867,20/09/26 12:01:05,20260920 120105,MB027,MB027,DIS,OPEN,OPEN
0523495049,20/09/26 12:01:16,20260920 120116,MB027,MB027,DIS,OPEN,OPEN
0523493258,20/09/26 12:01:48,20260920 120148,MB027,MB027,DIS,OPEN,OPEN
0523494163,20/09/26 12:01:52,20260920 120152,MB027,MB102,TRA,OPEN,OPEN
0523500598,20/09/26 12:02:09,20260920 120209,MB027,MB027,DIS,OPEN,OPEN
0523492959,20/09/26 12:02:13,20260920 120213,MB027,MB026,DIS,OPEN,OPEN
0523494121,20/09/26 12:02:40,20260920 120240,MB027,MB027,DIS,OPEN,OPEN
0523492049,20/09/26 12:02:53,20260920 120253,MB027,MB102,TRA,OPEN,OPEN
0523493271,20/09/26 12:03:09,20260920 120309,MB027,MB027,DIS,OPEN,OPEN
0523498723,20/09/26 12:03:20,20260920 120320,MB027,MB102,TRA,OPEN,OPEN
0523494163,20/09/26 12:03:56,20260920 120356,MB027,MB027,DIS,OPEN,OPEN
0523498707,20/09/26 12:03:56,20260920 120356,MB027,MB102,TRA,OPEN,OPEN
0523495902,20/09/26 12:04:41,20260920 120441,MB027,MB102,TRA,OPEN,OPEN
0523492049,20/09/26 12:04:53,20260920 120453,MB027,MB027,DIS,OPEN,OPEN
0523497043,20/09/26 12:04:56,20260920 120456,MB027,MB102,TRA,OPEN,OPEN
0523494209,20/09/26 12:05:05,20260920 120505,MB027,MB102,TRA,OPEN,OPEN
0523498723,20/09/26 12:05:21,20260920 120521,MB027,MB027,DIS,OPEN,OPEN
0523498006,20/09/26 12:05:44,20260920 120544,MB027,MB102,TRA,OPEN,OPEN
0523498707,20/09/26 12:06:05,20260920 120605,MB027,MB027,DIS,OPEN,OPEN
0523495902,20/09/26 12:06:41,20260920 120641,MB027,MB027,DIS,OPEN,OPEN
0523501662,20/09/26 12:06:41,20260920 120641,MB027,MB102,TRA,OPEN,OPEN
0523498041,20/09/26 12:06:45,20260920 120645,MB027,MB102,TRA,OPEN,OPEN
0523497043,20/09/26 12:06:57,20260920 120657,MB027,MB027,DIS,OPEN,OPEN
0523494209,20/09/26 12:07:04,20260920 120704,MB027,MB027,DIS,OPEN,OPEN
0523502617,20/09/26 12:07:29,20260920 120729,MB027,MB102,TRA,OPEN,OPEN
0523498006,20/09/26 12:07:44,20260920 120744,MB027,MB027,DIS,OPEN,OPEN
3731187374,20/09/26 12:08:18,20260920 120818,MC103,MC103,TRA,OPEN,OPEN
0523501662,20/09/26 12:08:41,20260920 120841,MB027,MB027,DIS,OPEN,OPEN
0523498041,20/09/26 12:08:45,20260920 120845,MB027,MB027,DIS,OPEN,OPEN
0523502617,20/09/26 12:09:29,20260920 120929,MB027,MB027,DIS,OPEN,OPEN
0232766647,20/09/26 12:11:17,20260920 121117,MB025,MB033,TRA,EARLY,EARLY
0079803853,20/09/26 12:11:32,20260920 121132,MB025,MB048,TRA,EARLY,EARLY
0232766644,20/09/26 12:11:37,20260920 121137,MB025,MB033,TRA,EARLY,EARLY
0232766803,20/09/26 12:12:04,20260920 121204,MA003,MA034,TRA,EARLY,EARLY
0232766681,20/09/26 12:12:09,20260920 121209,MA048,MA048,TRA,OPEN,OPEN
0232766839,20/09/26 12:12:25,20260920 121225,MA003,MA031,TRA,EARLY,EARLY
0232765826,20/09/26 12:12:33,20260920 121233,MB025,MB035,TRA,EARLY,EARLY
0232766647,20/09/26 12:13:16,20260920 121316,MB025,MB025,DIS,EARLY,EARLY
0232766338,20/09/26 12:13:25,20260920 121325,MB046,MB046,TRA,OPEN,OPEN
0079803853,20/09/26 12:13:32,20260920 121332,MB025,MB025,DIS,EARLY,EARLY
0232766644,20/09/26 12:13:37,20260920 121337,MB025,MB025,DIS,EARLY,EARLY
0232766407,20/09/26 12:14:01,20260920 121401,MB046,MB046,TRA,OPEN,OPEN
0232766803,20/09/26 12:14:17,20260920 121417,MA003,MA003,DIS,EARLY,EARLY
0232766839,20/09/26 12:14:21,20260920 121421,MA003,MA003,DIS,EARLY,EARLY
0232765826,20/09/26 12:14:33,20260920 121433,MB025,MB025,DIS,EARLY,EARLY
3731187374,20/09/26 12:15:10,20260920 121510,MC103,MC104,DIS,OPEN,OPEN
0232766681,20/09/26 12:15:41,20260920 121541,MA048,MA002,DIS,OPEN,OPEN
0232766939,20/09/26 12:15:53,20260920 121553,MB031,MB031,TRA,OPEN,OPEN
0232767076,20/09/26 12:16:29,20260920 121629,MA003,MA034,TRA,EARLY,EARLY
0232766338,20/09/26 12:17:00,20260920 121700,MB046,MB025,DIS,OPEN,OPEN
0232766407,20/09/26 12:17:41,20260920 121741,MB046,MB025,DIS,OPEN,OPEN
0232766939,20/09/26 12:18:01,20260920 121801,MB031,MB025,DIS,OPEN,OPEN
0232766824,20/09/26 12:18:08,20260920 121808,MA003,MA034,TRA,EARLY,EARLY
0232767076,20/09/26 12:18:24,20260920 121824,MA003,MA003,DIS,EARLY,EARLY
0523500926,20/09/26 12:19:41,20260920 121941,MB027,MB102,TRA,OPEN,OPEN
0232766824,20/09/26 12:20:05,20260920 122005,MA003,MA003,DIS,EARLY,EARLY
0774300891,20/09/26 12:20:28,20260920 122028,MB025,MC142,TRA,EARLY,EARLY
0523492229,20/09/26 12:20:45,20260920 122045,MB027,MB102,TRA,OPEN,OPEN
0232767126,20/09/26 12:20:53,20260920 122053,MA003,MA034,TRA,EARLY,EARLY
0232767227,20/09/26 12:21:37,20260920 122137,MA003,MA034,TRA,EARLY,EARLY
0523500926,20/09/26 12:21:41,20260920 122141,MB027,MB027,DIS,OPEN,OPEN
0523503625,20/09/26 12:22:08,20260920 122208,MB027,MB102,TRA,OPEN,OPEN
0523494499,20/09/26 12:22:21,20260920 122221,MB027,MB102,TRA,OPEN,OPEN
0774300891,20/09/26 12:22:29,20260920 122229,MB025,MB025,DIS,EARLY,EARLY
0523492229,20/09/26 12:22:52,20260920 122252,MB027,MB027,DIS,OPEN,OPEN
0232767126,20/09/26 12:22:52,20260920 122252,MA003,MA003,DIS,EARLY,EARLY
0232767227,20/09/26 12:23:48,20260920 122348,MA003,MA003,DIS,EARLY,EARLY
0523503625,20/09/26 12:24:09,20260920 122409,MB027,MB027,DIS,OPEN,OPEN
0523497410,20/09/26 12:24:14,20260920 122414,MB027,MB102,TRA,OPEN,OPEN
0523494499,20/09/26 12:24:29,20260920 122429,MB027,MB027,DIS,OPEN,OPEN
0779178881,20/09/26 12:24:45,20260920 122445,MC247,MC247,TRA,OPEN,OPEN
0779178912,20/09/26 12:26:05,20260920 122605,MC246,MC246,TRA,OPEN,OPEN
0523497410,20/09/26 12:26:13,20260920 122613,MB027,MB027,DIS,OPEN,OPEN
0523495425,20/09/26 12:28:17,20260920 122817,MB027,MB102,TRA,OPEN,OPEN
0232767386,20/09/26 12:29:29,20260920 122929,MB025,MB037,TRA,EARLY,EARLY
0523495425,20/09/26 12:30:17,20260920 123017,MB027,MB027,DIS,OPEN,OPEN
0779178881,20/09/26 12:30:18,20260920 123018,MC247,MC233,DIS,OPEN,OPEN
0232767899,20/09/26 12:30:37,20260920 123037,MA003,MA031,TRA,EARLY,EARLY
0232767880,20/09/26 12:31:29,20260920 123129,MA003,MA019,TRA,EARLY,EARLY
0232767386,20/09/26 12:31:37,20260920 123137,MB025,MB025,DIS,EARLY,EARLY
0779178912,20/09/26 12:31:37,20260920 123137,MC246,MC233,DIS,OPEN,OPEN
0232767872,20/09/26 12:31:41,20260920 123141,MA003,MA019,TRA,EARLY,EARLY
0523503785,20/09/26 12:31:53,20260920 123153,MB027,MB102,TRA,OPEN,OPEN
0232767899,20/09/26 12:32:37,20260920 123237,MA003,MA003,DIS,EARLY,EARLY
0232766614,20/09/26 12:32:37,20260920 123237,MB025,MB019,TRA,EARLY,EARLY
0232766617,20/09/26 12:33:05,20260920 123305,MB025,MA047,TRA,EARLY,EARLY
0523504617,20/09/26 12:33:05,20260920 123305,MB027,MB102,TRA,OPEN,OPEN
0232767919,20/09/26 12:33:37,20260920 123337,MA003,MA042,TRA,EARLY,EARLY
0523503784,20/09/26 12:33:37,20260920 123337,MB027,MB102,TRA,OPEN,OPEN
0232767880,20/09/26 12:33:40,20260920 123340,MA003,MA003,DIS,EARLY,EARLY
0232767933,20/09/26 12:33:45,20260920 123345,MA048,MA048,TRA,OPEN,OPEN
0232767938,20/09/26 12:33:49,20260920 123349,MA003,MA042,TRA,EARLY,EARLY
0523503785,20/09/26 12:33:52,20260920 123352,MB027,MB027,DIS,OPEN,OPEN
0232767872,20/09/26 12:33:52,20260920 123352,MA003,MA003,DIS,EARLY,EARLY
0232767833,20/09/26 12:34:05,20260920 123405,MB025,MB019,TRA,EARLY,EARLY
0232766566,20/09/26 12:34:09,20260920 123409,MB025,MA047,TRA,EARLY,EARLY
0232768048,20/09/26 12:34:29,20260920 123429,MA003,MA019,TRA,EARLY,EARLY
0232768082,20/09/26 12:34:37,20260920 123437,MA048,MA048,TRA,OPEN,OPEN
0232766614,20/09/26 12:34:38,20260920 123438,MB025,MB025,DIS,EARLY,EARLY
0232758438,20/09/26 12:34:38,20260920 123438,MB025,MA042,TRA,EARLY,EARLY
0232758437,20/09/26 12:34:52,20260920 123452,MB025,MA042,TRA,EARLY,EARLY
0232766617,20/09/26 12:35:05,20260920 123505,MB025,MB025,DIS,EARLY,EARLY
0232768091,20/09/26 12:35:08,20260920 123508,MA003,MA019,TRA,EARLY,EARLY
0523504617,20/09/26 12:35:13,20260920 123513,MB027,MB027,DIS,OPEN,OPEN
0232768111,20/09/26 12:35:17,20260920 123517,MA003,MA019,TRA,EARLY,EARLY
0232767919,20/09/26 12:35:37,20260920 123537,MA003,MA003,DIS,EARLY,EARLY
0523503784,20/09/26 12:35:45,20260920 123545,MB027,MB027,DIS,OPEN,OPEN
0232767938,20/09/26 12:36:00,20260920 123600,MA003,MA003,DIS,EARLY,EARLY
0232767833,20/09/26 12:36:13,20260920 123613,MB025,MB025,DIS,EARLY,EARLY
0232766566,20/09/26 12:36:13,20260920 123613,MB025,MB025,DIS,EARLY,EARLY
0160380062,20/09/26 12:36:33,20260920 123633,MB025,MC155,TRA,EARLY,EARLY
0232758438,20/09/26 12:36:37,20260920 123637,MB025,MB025,DIS,EARLY,EARLY
0232768048,20/09/26 12:36:41,20260920 123641,MA003,MA003,DIS,EARLY,EARLY
0232758437,20/09/26 12:36:53,20260920 123653,MB025,MB025,DIS,EARLY,EARLY
0232768091,20/09/26 12:37:20,20260920 123720,MA003,MA003,DIS,EARLY,EARLY
0232768170,20/09/26 12:37:25,20260920 123725,MA003,MA019,TRA,EARLY,EARLY
0232768111,20/09/26 12:37:29,20260920 123729,MA003,MA003,DIS,EARLY,EARLY
0232767933,20/09/26 12:37:33,20260920 123733,MA048,MA002,DIS,OPEN,OPEN
0232768082,20/09/26 12:38:20,20260920 123820,MA048,MA002,DIS,OPEN,OPEN
0160380062,20/09/26 12:38:41,20260920 123841,MB025,MB025,DIS,EARLY,EARLY
0232768356,20/09/26 12:38:52,20260920 123852,MA046,MA046,TRA,OPEN,OPEN
0232768170,20/09/26 12:39:37,20260920 123937,MA003,MA003,DIS,EARLY,EARLY
0232763431,20/09/26 12:39:41,20260920 123941,MB025,MB028,TRA,EARLY,EARLY
0523507608,20/09/26 12:39:45,20260920 123945,MB027,MB102,TRA,OPEN,OPEN
0232766978,20/09/26 12:39:45,20260920 123945,MB025,MB053,TRA,EARLY,EARLY
0523501242,20/09/26 12:39:49,20260920 123949,MB027,MB102,TRA,OPEN,OPEN
0232758488,20/09/26 12:41:01,20260920 124101,MB025,MA042,TRA,EARLY,EARLY
0779178966,20/09/26 12:41:14,20260920 124114,MC247,MC247,TRA,OPEN,OPEN
0523502424,20/09/26 12:41:17,20260920 124117,MB027,MB102,TRA,OPEN,OPEN
0232763431,20/09/26 12:41:41,20260920 124141,MB025,MB025,DIS,EARLY,EARLY
0232766978,20/09/26 12:41:45,20260920 124145,MB025,MB025,DIS,EARLY,EARLY
0523501242,20/09/26 12:41:48,20260920 124148,MB027,MB027,DIS,OPEN,OPEN
0523507608,20/09/26 12:41:52,20260920 124152,MB027,MB027,DIS,OPEN,OPEN
0232768356,20/09/26 12:42:41,20260920 124241,MA046,MA002,DIS,OPEN,OPEN
0232758488,20/09/26 12:43:00,20260920 124300,MB025,MB025,DIS,EARLY,EARLY
0523502424,20/09/26 12:43:21,20260920 124321,MB027,MB027,DIS,OPEN,OPEN
3781583440,20/09/26 12:43:50,20260920 124350,MC162,MC162,TRA,OPEN,OPEN
0523503105,20/09/26 12:45:12,20260920 124512,MB027,MB102,TRA,OPEN,OPEN
3781027568,20/09/26 12:45:13,20260920 124513,MC162,MC162,TRA,OPEN,OPEN
0910833777,20/09/26 12:45:53,20260920 124553,MC162,MC162,TRA,OPEN,OPEN
0232768700,20/09/26 12:46:28,20260920 124628,MA051,MA051,TRA,OPEN,OPEN
0523503103,20/09/26 12:46:37,20260920 124637,MB027,MB102,TRA,OPEN,OPEN
0232768600,20/09/26 12:46:41,20260920 124641,MB025,MC151,TRA,EARLY,EARLY
3781583444,20/09/26 12:46:41,20260920 124641,MC162,MC162,TRA,OPEN,OPEN
0779178966,20/09/26 12:46:45,20260920 124645,MC247,MC233,DIS,OPEN,OPEN
0232768764,20/09/26 12:47:09,20260920 124709,MA003,MA019,TRA,EARLY,EARLY
0523503105,20/09/26 12:47:13,20260920 124713,MB027,MB027,DIS,OPEN,OPEN
0232768759,20/09/26 12:47:16,20260920 124716,MA003,MA019,TRA,EARLY,EARLY
8816942030,20/09/26 12:47:17,20260920 124717,MB025,MB054,TRA,EARLY,EARLY
0232768832,20/09/26 12:47:21,20260920 124721,MA051,MA051,TRA,OPEN,OPEN
0232765992,20/09/26 12:47:37,20260920 124737,MB025,MB049,TRA,EARLY,EARLY
0232768708,20/09/26 12:47:37,20260920 124737,MA003,MA019,TRA,EARLY,EARLY
0232768714,20/09/26 12:47:41,20260920 124741,MA003,MA019,TRA,EARLY,EARLY
0779179007,20/09/26 12:47:45,20260920 124745,MC246,MC246,TRA,OPEN,OPEN
0779179008,20/09/26 12:47:49,20260920 124749,MC247,MC247,TRA,OPEN,OPEN
0232768733,20/09/26 12:47:49,20260920 124749,MA003,MA019,TRA,EARLY,EARLY
0232768729,20/09/26 12:47:53,20260920 124753,MA003,MA019,TRA,EARLY,EARLY
0232768827,20/09/26 12:48:00,20260920 124800,MA003,MA019,TRA,EARLY,EARLY
0232768754,20/09/26 12:48:01,20260920 124801,MA003,MA019,TRA,EARLY,EARLY
0232768848,20/09/26 12:48:09,20260920 124809,MA003,MA019,TRA,EARLY,EARLY
0232768785,20/09/26 12:48:09,20260920 124809,MA050,MA050,TRA,OPEN,OPEN
0232768838,20/09/26 12:48:13,20260920 124813,MA003,MA019,TRA,EARLY,EARLY
0232768657,20/09/26 12:48:13,20260920 124813,MA051,MA051,TRA,OPEN,OPEN
0232768495,20/09/26 12:48:13,20260920 124813,MA050,MA050,TRA,OPEN,OPEN
0523503103,20/09/26 12:48:37,20260920 124837,MB027,MB027,DIS,OPEN,OPEN
0232768600,20/09/26 12:48:41,20260920 124841,MB025,MB025,DIS,EARLY,EARLY
0232768882,20/09/26 12:48:48,20260920 124848,MA003,MA019,TRA,EARLY,EARLY
0232768396,20/09/26 12:48:57,20260920 124857,MA050,MA050,TRA,OPEN,OPEN
0232768764,20/09/26 12:49:09,20260920 124909,MA003,MA003,DIS,EARLY,EARLY
0232768759,20/09/26 12:49:13,20260920 124913,MA003,MA003,DIS,EARLY,EARLY
0232768905,20/09/26 12:49:13,20260920 124913,MA003,MA019,TRA,EARLY,EARLY
0232768638,20/09/26 12:49:18,20260920 124918,MB046,MB046,TRA,OPEN,OPEN
0232768840,20/09/26 12:49:18,20260920 124918,MA031,MA031,TRA,OPEN,OPEN
8816942030,20/09/26 12:49:18,20260920 124918,MB025,MB025,DIS,EARLY,EARLY
0232768708,20/09/26 12:49:33,20260920 124933,MA003,MA003,DIS,EARLY,EARLY
0232765992,20/09/26 12:49:36,20260920 124936,MB025,MB025,DIS,EARLY,EARLY
0232768733,20/09/26 12:49:49,20260920 124949,MA003,MA003,DIS,EARLY,EARLY
0232768714,20/09/26 12:49:52,20260920 124952,MA003,MA003,DIS,EARLY,EARLY
0232768754,20/09/26 12:49:57,20260920 124957,MA003,MA003,DIS,EARLY,EARLY
0232768729,20/09/26 12:50:05,20260920 125005,MA003,MA003,DIS,EARLY,EARLY
0232768848,20/09/26 12:50:08,20260920 125008,MA003,MA003,DIS,EARLY,EARLY
0232768827,20/09/26 12:50:08,20260920 125008,MA003,MA003,DIS,EARLY,EARLY
0232768838,20/09/26 12:50:13,20260920 125013,MA003,MA003,DIS,EARLY,EARLY
0232768700,20/09/26 12:50:17,20260920 125017,MA051,MA002,DIS,OPEN,OPEN
0523503104,20/09/26 12:50:37,20260920 125037,MB027,MB102,TRA,OPEN,OPEN
3781583440,20/09/26 12:50:41,20260920 125041,MC162,MC104,DIS,OPEN,OPEN
0232768832,20/09/26 12:50:53,20260920 125053,MA051,MA002,DIS,OPEN,OPEN
0232768882,20/09/26 12:51:00,20260920 125100,MA003,MA003,DIS,EARLY,EARLY
0232768983,20/09/26 12:51:16,20260920 125116,MA003,MA019,TRA,EARLY,EARLY
0232768905,20/09/26 12:51:25,20260920 125125,MA003,MA003,DIS,EARLY,EARLY
0232768785,20/09/26 12:51:45,20260920 125145,MA050,MA002,DIS,OPEN,OPEN
0523503170,20/09/26 12:51:49,20260920 125149,MB027,MB102,TRA,OPEN,OPEN
0232768495,20/09/26 12:51:52,20260920 125152,MA050,MA002,DIS,OPEN,OPEN
3781027568,20/09/26 12:51:54,20260920 125154,MC162,MC104,DIS,OPEN,OPEN
0232768657,20/09/26 12:52:01,20260920 125201,MA051,MA002,DIS,OPEN,OPEN
0232768792,20/09/26 12:52:01,20260920 125201,MB025,MB050,TRA,EARLY,EARLY
0232769079,20/09/26 12:52:21,20260920 125221,MA003,MA019,TRA,EARLY,EARLY
0232768396,20/09/26 12:52:37,20260920 125237,MA050,MA002,DIS,OPEN,OPEN
0523503104,20/09/26 12:52:37,20260920 125237,MB027,MB027,DIS,OPEN,OPEN
0232769102,20/09/26 12:52:45,20260920 125245,MA003,MA019,TRA,EARLY,EARLY
0232769041,20/09/26 12:52:45,20260920 125245,MA003,MA019,TRA,EARLY,EARLY
0910833777,20/09/26 12:52:45,20260920 125245,MC162,MC104,DIS,OPEN,OPEN
0232768638,20/09/26 12:52:49,20260920 125249,MB046,MB025,DIS,OPEN,OPEN
0232769063,20/09/26 12:52:57,20260920 125257,MA003,MA019,TRA,EARLY,EARLY
0232768840,20/09/26 12:52:57,20260920 125257,MA031,MA002,DIS,OPEN,OPEN
0779179007,20/09/26 12:53:05,20260920 125305,MC246,MC233,DIS,OPEN,OPEN
0779179008,20/09/26 12:53:22,20260920 125322,MC247,MC233,DIS,OPEN,OPEN
3781583444,20/09/26 12:53:22,20260920 125322,MC162,MC104,DIS,OPEN,OPEN
0232768983,20/09/26 12:53:29,20260920 125329,MA003,MA003,DIS,EARLY,EARLY
0523503170,20/09/26 12:53:49,20260920 125349,MB027,MB027,DIS,OPEN,OPEN
0232768792,20/09/26 12:54:01,20260920 125401,MB025,MB025,DIS,EARLY,EARLY
0232759959,20/09/26 12:54:05,20260920 125405,MA003,MC131,TRA,EARLY,EARLY
0232769082,20/09/26 12:54:09,20260920 125409,MB025,MA018,TRA,EARLY,EARLY
0232769079,20/09/26 12:54:17,20260920 125417,MA003,MA003,DIS,EARLY,EARLY
0232769212,20/09/26 12:54:25,20260920 125425,MA003,MA019,TRA,EARLY,EARLY
0232769102,20/09/26 12:54:45,20260920 125445,MA003,MA003,DIS,EARLY,EARLY
0232769041,20/09/26 12:54:57,20260920 125457,MA003,MA003,DIS,EARLY,EARLY
0232760017,20/09/26 12:54:57,20260920 125457,MA003,MC131,TRA,EARLY,EARLY
0232769063,20/09/26 12:55:08,20260920 125508,MA003,MA003,DIS,EARLY,EARLY
0232769248,20/09/26 12:55:17,20260920 125517,MA003,MA019,TRA,EARLY,EARLY
0232769229,20/09/26 12:55:20,20260920 125520,MA003,MA042,TRA,EARLY,EARLY
0232769234,20/09/26 12:55:25,20260920 125525,MA003,MA019,TRA,EARLY,EARLY
0232769276,20/09/26 12:55:29,20260920 125529,MA003,MA019,TRA,EARLY,EARLY
0232769077,20/09/26 12:55:44,20260920 125544,MB025,MA042,TRA,EARLY,EARLY
0232760683,20/09/26 12:55:53,20260920 125553,MA003,MA010,TRA,EARLY,EARLY
3774631718,20/09/26 12:56:00,20260920 125600,MB027,MC143,TRA,OPEN,OPEN
0232759959,20/09/26 12:56:00,20260920 125600,MA003,MA003,DIS,EARLY,EARLY
0232769082,20/09/26 12:56:13,20260920 125613,MB025,MB025,DIS,EARLY,EARLY
0232759023,20/09/26 12:56:13,20260920 125613,MA003,MA042,TRA,EARLY,EARLY
0779179021,20/09/26 12:56:14,20260920 125614,MC247,MC247,TRA,OPEN,OPEN
0232769212,20/09/26 12:56:25,20260920 125625,MA003,MA003,DIS,EARLY,EARLY
3781510741,20/09/26 12:56:34,20260920 125634,MC163,MC163,TRA,OPEN,OPEN
0232767129,20/09/26 12:56:36,20260920 125636,MB025,MB045,TRA,EARLY,EARLY
3781540278,20/09/26 12:56:45,20260920 125645,MC162,MC162,TRA,OPEN,OPEN
0232756471,20/09/26 12:56:49,20260920 125649,MB025,MB049,TRA,EARLY,EARLY
0232760017,20/09/26 12:56:53,20260920 125653,MA003,MA003,DIS,EARLY,EARLY
0232769029,20/09/26 12:56:53,20260920 125653,MB025,MA028,TRA,EARLY,EARLY
0232769159,20/09/26 12:56:53,20260920 125653,MB025,MA028,TRA,EARLY,EARLY
3781163993,20/09/26 12:56:57,20260920 125657,MC163,MC163,TRA,OPEN,OPEN
0232759686,20/09/26 12:57:01,20260920 125701,MA003,MC163,TRA,EARLY,EARLY
0232769046,20/09/26 12:57:01,20260920 125701,MB025,MA028,TRA,EARLY,EARLY
0232756347,20/09/26 12:57:09,20260920 125709,MB025,MB041,TRA,EARLY,EARLY
0232769248,20/09/26 12:57:12,20260920 125712,MA003,MA003,DIS,EARLY,EARLY
0232757308,20/09/26 12:57:21,20260920 125721,MB025,MB032,TRA,EARLY,EARLY
0232769234,20/09/26 12:57:21,20260920 125721,MA003,MA003,DIS,EARLY,EARLY
0232769229,20/09/26 12:57:21,20260920 125721,MA003,MA003,DIS,EARLY,EARLY
0232756442,20/09/26 12:57:33,20260920 125733,MB025,MB049,TRA,EARLY,EARLY
0232769413,20/09/26 12:57:33,20260920 125733,MA003,MA019,TRA,EARLY,EARLY
0232769276,20/09/26 12:57:40,20260920 125740,MA003,MA003,DIS,EARLY,EARLY
0232769321,20/09/26 12:57:40,20260920 125740,MA003,MA019,TRA,EARLY,EARLY
0232769371,20/09/26 12:57:45,20260920 125745,MA003,MA019,TRA,EARLY,EARLY
0232769077,20/09/26 12:57:45,20260920 125745,MB025,MB025,DIS,EARLY,EARLY
0232755936,20/09/26 12:57:53,20260920 125753,MB025,MA034,TRA,EARLY,EARLY
3781609692,20/09/26 12:57:58,20260920 125758,MC162,MC162,TRA,OPEN,OPEN
3774631718,20/09/26 12:58:01,20260920 125801,MB027,MB026,DIS,OPEN,OPEN
0232760683,20/09/26 12:58:01,20260920 125801,MA003,MA003,DIS,EARLY,EARLY
0232761038,20/09/26 12:58:01,20260920 125801,MA003,MC124,TRA,EARLY,EARLY
0232769427,20/09/26 12:58:05,20260920 125805,MA003,MA019,TRA,EARLY,EARLY
0232769193,20/09/26 12:58:09,20260920 125809,MA003,MA034,TRA,EARLY,EARLY
0232769411,20/09/26 12:58:09,20260920 125809,MA003,MA019,TRA,EARLY,EARLY
0232759023,20/09/26 12:58:13,20260920 125813,MA003,MA003,DIS,EARLY,EARLY
0232769200,20/09/26 12:58:25,20260920 125825,MA003,MA034,TRA,EARLY,EARLY
0232769203,20/09/26 12:58:25,20260920 125825,MA003,MA034,TRA,EARLY,EARLY
0232757654,20/09/26 12:58:29,20260920 125829,MB025,MA034,TRA,EARLY,EARLY
0232769211,20/09/26 12:58:29,20260920 125829,MA003,MA034,TRA,EARLY,EARLY
0232767129,20/09/26 12:58:37,20260920 125837,MB025,MB025,DIS,EARLY,EARLY
0232760424,20/09/26 12:58:41,20260920 125841,MA003,MA042,TRA,EARLY,EARLY
0232757245,20/09/26 12:58:48,20260920 125848,MB025,MA034,TRA,EARLY,EARLY
0232756471,20/09/26 12:58:48,20260920 125848,MB025,MB025,DIS,EARLY,EARLY
0232755852,20/09/26 12:58:57,20260920 125857,MB025,MB053,TRA,EARLY,EARLY
0232769029,20/09/26 12:58:57,20260920 125857,MB025,MB025,DIS,EARLY,EARLY
0232757265,20/09/26 12:59:01,20260920 125901,MB025,MA034,TRA,EARLY,EARLY
0232769159,20/09/26 12:59:01,20260920 125901,MB025,MB025,DIS,EARLY,EARLY
0232769476,20/09/26 12:59:01,20260920 125901,MA003,MA019,TRA,EARLY,EARLY
0232769046,20/09/26 12:59:01,20260920 125901,MB025,MB025,DIS,EARLY,EARLY
3784444355,20/09/26 12:59:09,20260920 125909,MB027,MC159,TRA,OPEN,OPEN
0232756347,20/09/26 12:59:09,20260920 125909,MB025,MB025,DIS,EARLY,EARLY
0232769483,20/09/26 12:59:13,20260920 125913,MA003,MA019,TRA,EARLY,EARLY
0232759686,20/09/26 12:59:13,20260920 125913,MA003,MA003,DIS,EARLY,EARLY
0232769503,20/09/26 12:59:16,20260920 125916,MA051,MA051,TRA,OPEN,OPEN
0232757308,20/09/26 12:59:20,20260920 125920,MB025,MB025,DIS,EARLY,EARLY
3784757262,20/09/26 12:59:25,20260920 125925,MB027,MC158,TRA,OPEN,OPEN
0232769377,20/09/26 12:59:29,20260920 125929,MA003,MA019,TRA,EARLY,EARLY
0232769413,20/09/26 12:59:32,20260920 125932,MA003,MA003,DIS,EARLY,EARLY
0232756442,20/09/26 12:59:37,20260920 125937,MB025,MB025,DIS,EARLY,EARLY
0232769508,20/09/26 12:59:41,20260920 125941,MA003,MA034,TRA,EARLY,EARLY
0232769321,20/09/26 12:59:41,20260920 125941,MA003,MA003,DIS,EARLY,EARLY
3781197422,20/09/26 12:59:42,20260920 125942,MC163,MC163,TRA,OPEN,OPEN
0232769524,20/09/26 12:59:49,20260920 125949,MA003,MA019,TRA,EARLY,EARLY
0232769223,20/09/26 12:59:49,20260920 125949,MA003,MA034,TRA,EARLY,EARLY
0232755936,20/09/26 12:59:53,20260920 125953,MB025,MB025,DIS,EARLY,EARLY
0232769371,20/09/26 12:59:57,20260920 125957,MA003,MA003,DIS,EARLY,EARLY
0232769427,20/09/26 13:00:00,20260920 130000,MA003,MA003,DIS,OPEN,OPEN
0232757171,20/09/26 13:00:05,20260920 130005,MB025,MA035,TRA,EARLY,EARLY
0232769193,20/09/26 13:00:09,20260920 130009,MA003,MA003,DIS,EARLY,EARLY
0232761038,20/09/26 13:00:14,20260920 130014,MA003,MA003,DIS,EARLY,EARLY
0232769408,20/09/26 13:00:21,20260920 130021,MA018,MA018,TRA,OPEN,OPEN
0232769411,20/09/26 13:00:21,20260920 130021,MA003,MA003,DIS,OPEN,OPEN
0232769431,20/09/26 13:00:25,20260920 130025,MA018,MA018,TRA,OPEN,OPEN
0232759666,20/09/26 13:00:25,20260920 130025,MA003,MC163,TRA,EARLY,EARLY
0232769200,20/09/26 13:00:25,20260920 130025,MA003,MA003,DIS,EARLY,EARLY
0232769553,20/09/26 13:00:28,20260920 130028,MA019,MA019,TRA,OPEN,OPEN
0232769445,20/09/26 13:00:28,20260920 130028,MA018,MA018,TRA,OPEN,OPEN
0232769211,20/09/26 13:00:28,20260920 130028,MA003,MA003,DIS,EARLY,EARLY
0232769203,20/09/26 13:00:37,20260920 130037,MA003,MA003,DIS,EARLY,EARLY
0232757654,20/09/26 13:00:37,20260920 130037,MB025,MB025,DIS,EARLY,EARLY
0232760424,20/09/26 13:00:49,20260920 130049,MA003,MA003,DIS,EARLY,EARLY
0232757245,20/09/26 13:00:49,20260920 130049,MB025,MB025,DIS,EARLY,EARLY
0232769550,20/09/26 13:01:01,20260920 130101,MA030,MA030,TRA,OPEN,OPEN
0232769476,20/09/26 13:01:01,20260920 130101,MA003,MA003,DIS,OPEN,OPEN
0232755852,20/09/26 13:01:01,20260920 130101,MB025,MB025,DIS,EARLY,EARLY
0232757195,20/09/26 13:01:01,20260920 130101,MB025,MA034,TRA,EARLY,EARLY
0784346789,20/09/26 13:01:02,20260920 130102,MC235,MB042,TRA,EARLY,EARLY
3784444355,20/09/26 13:01:08,20260920 130108,MB027,MB026,DIS,OPEN,OPEN
0232757265,20/09/26 13:01:08,20260920 130108,MB025,MB025,DIS,EARLY,EARLY
0232757076,20/09/26 13:01:13,20260920 130113,MB025,MB032,TRA,EARLY,EARLY
0232760480,20/09/26 13:01:13,20260920 130113,MA003,MB042,TRA,EARLY,EARLY
0232769590,20/09/26 13:01:13,20260920 130113,MA019,MA019,TRA,OPEN,OPEN
0232769613,20/09/26 13:01:18,20260920 130118,MA003,MA039,TRA,EARLY,EARLY
0232755790,20/09/26 13:01:20,20260920 130120,MB025,MB053,TRA,EARLY,EARLY
0232759106,20/09/26 13:01:20,20260920 130120,MA003,MA042,TRA,EARLY,EARLY
0232757070,20/09/26 13:01:25,20260920 130125,MB025,MA039,TRA,EARLY,EARLY
3784757262,20/09/26 13:01:25,20260920 130125,MB027,MB026,DIS,OPEN,OPEN
0232769594,20/09/26 13:01:33,20260920 130133,MA051,MA051,TRA,OPEN,OPEN
0779179021,20/09/26 13:01:34,20260920 130134,MC247,MC233,DIS,OPEN,OPEN
0784667706,20/09/26 13:01:37,20260920 130137,MC235,MB042,TRA,EARLY,EARLY
0232769508,20/09/26 13:01:37,20260920 130137,MA003,MA003,DIS,EARLY,EARLY
0232769317,20/09/26 13:01:37,20260920 130137,MA018,MA018,TRA,OPEN,OPEN
0232755662,20/09/26 13:01:45,20260920 130145,MB025,MB053,TRA,EARLY,EARLY
0232769524,20/09/26 13:01:49,20260920 130149,MA003,MA003,DIS,OPEN,OPEN
0232757058,20/09/26 13:01:53,20260920 130153,MB025,MA039,TRA,EARLY,EARLY
3731054435,20/09/26 13:01:57,20260920 130157,MC166,MC166,TRA,OPEN,OPEN
0232769223,20/09/26 13:02:01,20260920 130201,MA003,MA003,DIS,EARLY,EARLY
3781105366,20/09/26 13:02:01,20260920 130201,MC162,MC162,TRA,OPEN,OPEN
0232757087,20/09/26 13:02:12,20260920 130212,MB025,MA039,TRA,EARLY,EARLY
0232757171,20/09/26 13:02:12,20260920 130212,MB025,MB025,DIS,EARLY,EARLY
0232769408,20/09/26 13:02:17,20260920 130217,MA018,MA003,DIS,OPEN,OPEN
0232769431,20/09/26 13:02:21,20260920 130221,MA018,MA003,DIS,OPEN,OPEN
0784443546,20/09/26 13:02:22,20260920 130222,MC235,MC203,TRA,EARLY,EARLY
0232755909,20/09/26 13:02:28,20260920 130228,MB025,MB053,TRA,EARLY,EARLY
0232769553,20/09/26 13:02:28,20260920 130228,MA019,MA003,DIS,OPEN,OPEN
0232758910,20/09/26 13:02:33,20260920 130233,MA003,MB014,TRA,EARLY,EARLY
0232759666,20/09/26 13:02:37,20260920 130237,MA003,MA003,DIS,EARLY,EARLY
0232756855,20/09/26 13:02:37,20260920 130237,MB025,MA034,TRA,EARLY,EARLY
0784346789,20/09/26 13:02:38,20260920 130238,MC235,MC235,DIS,EARLY,EARLY
0232769445,20/09/26 13:02:40,20260920 130240,MA018,MA003,DIS,OPEN,OPEN
0232758295,20/09/26 13:02:44,20260920 130244,MB025,MA034,TRA,EARLY,EARLY
0232769483,20/09/26 13:02:44,20260920 130244,MA003,MA002,DIS,OPEN,OPEN
0232769503,20/09/26 13:02:49,20260920 130249,MA051,MA002,DIS,OPEN,OPEN
0232757636,20/09/26 13:02:53,20260920 130253,MB025,MC146,TRA,EARLY,EARLY
0232761708,20/09/26 13:02:53,20260920 130253,MA003,MC146,TRA,EARLY,EARLY
0232769377,20/09/26 13:03:01,20260920 130301,MA003,MA002,DIS,OPEN,OPEN
0232757195,20/09/26 13:03:01,20260920 130301,MB025,MB025,DIS,EARLY,EARLY
3781036476,20/09/26 13:03:05,20260920 130305,MC162,MC162,TRA,OPEN,OPEN
0232769590,20/09/26 13:03:13,20260920 130313,MA019,MA003,DIS,OPEN,OPEN
0784667706,20/09/26 13:03:13,20260920 130313,MC235,MC235,DIS,EARLY,EARLY
0232757076,20/09/26 13:03:13,20260920 130313,MB025,MB025,DIS,EARLY,EARLY
0232758882,20/09/26 13:03:13,20260920 130313,MA003,MB014,TRA,EARLY,EARLY
0784243786,20/09/26 13:03:17,20260920 130317,MC235,MB042,TRA,EARLY,EARLY
3781510741,20/09/26 13:03:17,20260920 130317,MC163,MC104,DIS,OPEN,OPEN
0232769613,20/09/26 13:03:17,20260920 130317,MA003,MA003,DIS,EARLY,EARLY
0232755790,20/09/26 13:03:20,20260920 130320,MB025,MB025,DIS,EARLY,EARLY
0232760480,20/09/26 13:03:24,20260920 130324,MA003,MA003,DIS,EARLY,EARLY
0232757070,20/09/26 13:03:29,20260920 130329,MB025,MB025,DIS,EARLY,EARLY
0232755962,20/09/26 13:03:33,20260920 130333,MB025,MA034,TRA,EARLY,EARLY
0232759106,20/09/26 13:03:33,20260920 130333,MA003,MA003,DIS,EARLY,EARLY
3781659692,20/09/26 13:03:34,20260920 130334,MC162,MC162,TRA,OPEN,OPEN
3781540278,20/09/26 13:03:38,20260920 130338,MC162,MC104,DIS,OPEN,OPEN
3731605043,20/09/26 13:03:41,20260920 130341,MB027,MC103,TRA,OPEN,OPEN
0232756138,20/09/26 13:03:45,20260920 130345,MB025,MB053,TRA,EARLY,EARLY
0232768358,20/09/26 13:03:49,20260920 130349,MB027,MA019,TRA,OPEN,OPEN
0232768450,20/09/26 13:03:49,20260920 130349,MB027,MA019,TRA,OPEN,OPEN
0232758318,20/09/26 13:03:52,20260920 130352,MB025,MA034,TRA,EARLY,EARLY
0232755662,20/09/26 13:03:53,20260920 130353,MB025,MB025,DIS,EARLY,EARLY
0784812968,20/09/26 13:03:53,20260920 130353,MC235,MC203,TRA,EARLY,EARLY
3781163993,20/09/26 13:03:53,20260920 130353,MC163,MC104,DIS,OPEN,OPEN
0232760383,20/09/26 13:03:57,20260920 130357,MA003,MB042,TRA,EARLY,EARLY
0232759897,20/09/26 13:03:57,20260920 130357,MA003,MA042,TRA,EARLY,EARLY
0784443546,20/09/26 13:03:57,20260920 130357,MC235,MC235,DIS,EARLY,EARLY
0232756066,20/09/26 13:03:57,20260920 130357,MB025,MB053,TRA,EARLY,EARLY
0232768446,20/09/26 13:04:01,20260920 130401,MB027,MA019,TRA,OPEN,OPEN
0232757058,20/09/26 13:04:01,20260920 130401,MB025,MB025,DIS,EARLY,EARLY
3731054435,20/09/26 13:04:09,20260920 130409,MC166,MC105,DIS,OPEN,OPEN
0232757087,20/09/26 13:04:13,20260920 130413,MB025,MB025,DIS,EARLY,EARLY
3781570620,20/09/26 13:04:13,20260920 130413,MC162,MC162,TRA,OPEN,OPEN
0784346796,20/09/26 13:04:22,20260920 130422,MC235,MB042,TRA,EARLY,EARLY
0779179084,20/09/26 13:04:30,20260920 130430,MC247,MC247,TRA,OPEN,OPEN
0232769550,20/09/26 13:04:37,20260920 130437,MA030,MA002,DIS,OPEN,OPEN
0232756855,20/09/26 13:04:37,20260920 130437,MB025,MB025,DIS,EARLY,EARLY
0232755909,20/09/26 13:04:37,20260920 130437,MB025,MB025,DIS,EARLY,EARLY
0816466691,20/09/26 13:04:41,20260920 130441,MB025,MC213,TRA,EARLY,EARLY
0232758910,20/09/26 13:04:45,20260920 130445,MA003,MA003,DIS,EARLY,EARLY
0232761708,20/09/26 13:04:53,20260920 130453,MA003,MA003,DIS,EARLY,EARLY
3781609692,20/09/26 13:04:53,20260920 130453,MC162,MC104,DIS,OPEN,OPEN
0784668250,20/09/26 13:04:53,20260920 130453,MC235,MB042,TRA,EARLY,EARLY
0232758295,20/09/26 13:04:53,20260920 130453,MB025,MB025,DIS,EARLY,EARLY
0784243786,20/09/26 13:04:53,20260920 130453,MC235,MC235,DIS,EARLY,EARLY
0232757636,20/09/26 13:05:01,20260920 130501,MB025,MB025,DIS,EARLY,EARLY
0232760699,20/09/26 13:05:09,20260920 130509,MA003,MC163,TRA,EARLY,EARLY
0816466693,20/09/26 13:05:09,20260920 130509,MB025,MC213,TRA,EARLY,EARLY
0232769317,20/09/26 13:05:09,20260920 130509,MA018,MA003,DIS,OPEN,OPEN
0784465090,20/09/26 13:05:09,20260920 130509,MC235,MC203,TRA,EARLY,EARLY
0232769594,20/09/26 13:05:21,20260920 130521,MA051,MA002,DIS,OPEN,OPEN
0232758882,20/09/26 13:05:24,20260920 130524,MA003,MA003,DIS,EARLY,EARLY
3784722652,20/09/26 13:05:25,20260920 130525,MC158,MC158,TRA,OPEN,OPEN
0784812968,20/09/26 13:05:30,20260920 130530,MC235,MC235,DIS,EARLY,EARLY
0784844735,20/09/26 13:05:34,20260920 130534,MC235,MB042,TRA,EARLY,EARLY
0232755962,20/09/26 13:05:37,20260920 130537,MB025,MB025,DIS,EARLY,EARLY
3731605043,20/09/26 13:05:49,20260920 130549,MB027,MB026,DIS,OPEN,OPEN
0232759897,20/09/26 13:05:53,20260920 130553,MA003,MA003,DIS,EARLY,EARLY
0232758318,20/09/26 13:05:53,20260920 130553,MB025,MB025,DIS,EARLY,EARLY
0232756138,20/09/26 13:05:53,20260920 130553,MB025,MB025,DIS,EARLY,EARLY
0232758975,20/09/26 13:05:57,20260920 130557,MA003,MA042,TRA,EARLY,EARLY
0232768358,20/09/26 13:05:57,20260920 130557,MB027,MB026,DIS,OPEN,OPEN
3781390160,20/09/26 13:06:05,20260920 130605,MC163,MC163,TRA,OPEN,OPEN
0232756066,20/09/26 13:06:05,20260920 130605,MB025,MB025,DIS,EARLY,EARLY
3774762188,20/09/26 13:06:09,20260920 130609,MB027,MC142,TRA,OPEN,OPEN
0232758793,20/09/26 13:06:09,20260920 130609,MA003,MA042,TRA,EARLY,EARLY
0232768446,20/09/26 13:06:09,20260920 130609,MB027,MB026,DIS,OPEN,OPEN
0232760383,20/09/26 13:06:09,20260920 130609,MA003,MA003,DIS,EARLY,EARLY
0232769517,20/09/26 13:06:17,20260920 130617,MA003,MA034,TRA,EARLY,EARLY
0232758978,20/09/26 13:06:25,20260920 130625,MA003,MA042,TRA,EARLY,EARLY
0784668250,20/09/26 13:06:30,20260920 130630,MC235,MC235,DIS,EARLY,EARLY
0784346796,20/09/26 13:06:30,20260920 130630,MC235,MC235,DIS,EARLY,EARLY
3781197422,20/09/26 13:06:38,20260920 130638,MC163,MC104,DIS,OPEN,OPEN
0816466691,20/09/26 13:06:41,20260920 130641,MB025,MB025,DIS,EARLY,EARLY
0784465090,20/09/26 13:06:46,20260920 130646,MC235,MC235,DIS,EARLY,EARLY
0784844735,20/09/26 13:07:09,20260920 130709,MC235,MC235,DIS,EARLY,EARLY
0816466693,20/09/26 13:07:17,20260920 130717,MB025,MB025,DIS,EARLY,EARLY
0232760699,20/09/26 13:07:20,20260920 130720,MA003,MA003,DIS,EARLY,EARLY
0232768450,20/09/26 13:07:25,20260920 130725,MB027,MB025,DIS,OPEN,OPEN
3784722652,20/09/26 13:07:41,20260920 130741,MC158,MC105,DIS,OPEN,OPEN
0232758975,20/09/26 13:07:52,20260920 130752,MA003,MA003,DIS,EARLY,EARLY
0232769962,20/09/26 13:08:09,20260920 130809,MA033,MA033,TRA,OPEN,OPEN
0232758793,20/09/26 13:08:09,20260920 130809,MA003,MA003,DIS,EARLY,EARLY
3774762188,20/09/26 13:08:09,20260920 130809,MB027,MB026,DIS,OPEN,OPEN
0232769517,20/09/26 13:08:29,20260920 130829,MA003,MA003,DIS,EARLY,EARLY
0232757491,20/09/26 13:08:37,20260920 130837,MB025,MC131,TRA,EARLY,EARLY
0232758978,20/09/26 13:08:38,20260920 130838,MA003,MA003,DIS,EARLY,EARLY
0232757625,20/09/26 13:08:38,20260920 130838,MB025,MC146,TRA,EARLY,EARLY
3781105366,20/09/26 13:08:46,20260920 130846,MC162,MC104,DIS,OPEN,OPEN
0232768772,20/09/26 13:09:08,20260920 130908,MB027,MA019,TRA,OPEN,OPEN
0819448930,20/09/26 13:09:25,20260920 130925,MA054,MA054,TRA,OPEN,OPEN
3781036476,20/09/26 13:09:46,20260920 130946,MC162,MC104,DIS,OPEN,OPEN
0779179084,20/09/26 13:09:53,20260920 130953,MC247,MC233,DIS,OPEN,OPEN
0232769530,20/09/26 13:09:53,20260920 130953,MB025,MB047,TRA,EARLY,EARLY
0232768488,20/09/26 13:10:13,20260920 131013,MB027,MA019,TRA,OPEN,OPEN
3781659692,20/09/26 13:10:18,20260920 131018,MC162,MC104,DIS,OPEN,OPEN
0232769554,20/09/26 13:10:24,20260920 131024,MA048,MA048,TRA,OPEN,OPEN
0232757491,20/09/26 13:10:33,20260920 131033,MB025,MB025,DIS,EARLY,EARLY
0232757625,20/09/26 13:10:36,20260920 131036,MB025,MB025,DIS,EARLY,EARLY
3876768389,20/09/26 13:10:53,20260920 131053,MC161,MC161,TRA,OPEN,OPEN
0232769649,20/09/26 13:11:01,20260920 131101,MB025,MB046,TRA,EARLY,EARLY
3781570620,20/09/26 13:11:06,20260920 131106,MC162,MC104,DIS,OPEN,OPEN
0232768772,20/09/26 13:11:17,20260920 131117,MB027,MB026,DIS,OPEN,OPEN
0232769962,20/09/26 13:11:45,20260920 131145,MA033,MA002,DIS,OPEN,OPEN
0232769530,20/09/26 13:11:57,20260920 131157,MB025,MB025,DIS,EARLY,EARLY
0232768488,20/09/26 13:12:13,20260920 131213,MB027,MB026,DIS,OPEN,OPEN
0232759316,20/09/26 13:12:45,20260920 131245,MA001,MC165,TRA,OPEN,OPEN
3781410384,20/09/26 13:12:49,20260920 131249,MB027,MC162,TRA,OPEN,OPEN
3781390160,20/09/26 13:12:50,20260920 131250,MC163,MC104,DIS,OPEN,OPEN
0819448930,20/09/26 13:13:01,20260920 131301,MA054,MA002,DIS,OPEN,OPEN
0232769649,20/09/26 13:13:05,20260920 131305,MB025,MB025,DIS,EARLY,EARLY
3876768389,20/09/26 13:13:06,20260920 131306,MC161,MC105,DIS,OPEN,OPEN
3774510812,20/09/26 13:13:25,20260920 131325,MC142,MC142,TRA,OPEN,OPEN
0232769554,20/09/26 13:14:09,20260920 131409,MA048,MA002,DIS,OPEN,OPEN
0232769682,20/09/26 13:14:12,20260920 131412,MB053,MB053,TRA,OPEN,OPEN
0779179121,20/09/26 13:14:14,20260920 131414,MC247,MC247,TRA,OPEN,OPEN
0232759316,20/09/26 13:14:44,20260920 131444,MA001,MA001,DIS,OPEN,OPEN
3781410384,20/09/26 13:14:57,20260920 131457,MB027,MB026,DIS,OPEN,OPEN
0232769128,20/09/26 13:15:17,20260920 131517,MB027,MA019,TRA,OPEN,OPEN
0232769486,20/09/26 13:15:38,20260920 131538,MB053,MB053,TRA,OPEN,OPEN
3774510812,20/09/26 13:15:41,20260920 131541,MC142,MC105,DIS,OPEN,OPEN
0232769663,20/09/26 13:15:45,20260920 131545,MB052,MB052,TRA,OPEN,OPEN
0779179141,20/09/26 13:15:50,20260920 131550,MC247,MC247,TRA,OPEN,OPEN
0232770323,20/09/26 13:17:01,20260920 131701,MB052,MB052,TRA,OPEN,OPEN
3731021960,20/09/26 13:17:09,20260920 131709,MB027,MC103,TRA,OPEN,OPEN
0232769128,20/09/26 13:17:17,20260920 131717,MB027,MB026,DIS,OPEN,OPEN
0232769682,20/09/26 13:17:45,20260920 131745,MB053,MB025,DIS,OPEN,OPEN
0232751504,20/09/26 13:18:16,20260920 131816,MB035,MB035,TRA,OPEN,OPEN
3731297414,20/09/26 13:18:37,20260920 131837,MB027,MC165,TRA,OPEN,OPEN
3731021960,20/09/26 13:19:16,20260920 131916,MB027,MB026,DIS,OPEN,OPEN
0232769486,20/09/26 13:19:21,20260920 131921,MB053,MB025,DIS,OPEN,OPEN
0232769663,20/09/26 13:19:29,20260920 131929,MB052,MB025,DIS,OPEN,OPEN
0232751498,20/09/26 13:19:33,20260920 131933,MB035,MB035,TRA,OPEN,OPEN
0779179121,20/09/26 13:19:46,20260920 131946,MC247,MC233,DIS,OPEN,OPEN
3731297414,20/09/26 13:20:36,20260920 132036,MB027,MB026,DIS,OPEN,OPEN
0232770323,20/09/26 13:20:36,20260920 132036,MB052,MB025,DIS,OPEN,OPEN
0232769909,20/09/26 13:20:49,20260920 132049,MB034,MB034,TRA,OPEN,OPEN
0232751479,20/09/26 13:20:57,20260920 132057,MB034,MB034,TRA,OPEN,OPEN
0232770709,20/09/26 13:21:00,20260920 132100,MA051,MA051,TRA,OPEN,OPEN
3781051272,20/09/26 13:21:21,20260920 132121,MB027,MC163,TRA,OPEN,OPEN
0779179141,20/09/26 13:21:22,20260920 132122,MC247,MC233,DIS,OPEN,OPEN
3876768396,20/09/26 13:21:25,20260920 132125,MB027,MC161,TRA,OPEN,OPEN
3781155814,20/09/26 13:21:37,20260920 132137,MB027,MC162,TRA,OPEN,OPEN
0232751504,20/09/26 13:22:05,20260920 132205,MB035,MB025,DIS,OPEN,OPEN
3876455455,20/09/26 13:22:33,20260920 132233,MB027,MC161,TRA,OPEN,OPEN
0779179173,20/09/26 13:22:37,20260920 132237,MC247,MC247,TRA,OPEN,OPEN
0232751498,20/09/26 13:23:21,20260920 132321,MB035,MB025,DIS,OPEN,OPEN
3781051272,20/09/26 13:23:21,20260920 132321,MB027,MB026,DIS,OPEN,OPEN
3876768396,20/09/26 13:23:25,20260920 132325,MB027,MB026,DIS,OPEN,OPEN
3781155814,20/09/26 13:23:36,20260920 132336,MB027,MB026,DIS,OPEN,OPEN
0232770844,20/09/26 13:24:08,20260920 132408,MA051,MA051,TRA,OPEN,OPEN
3784497679,20/09/26 13:24:17,20260920 132417,MB027,MC111,TRA,OPEN,OPEN
0232769909,20/09/26 13:24:24,20260920 132424,MB034,MB025,DIS,OPEN,OPEN
3876517457,20/09/26 13:24:29,20260920 132429,MB027,MC160,TRA,OPEN,OPEN
0232751479,20/09/26 13:24:37,20260920 132437,MB034,MB025,DIS,OPEN,OPEN
3876455455,20/09/26 13:24:40,20260920 132440,MB027,MB026,DIS,OPEN,OPEN
0232770353,20/09/26 13:24:40,20260920 132440,MB034,MB034,TRA,OPEN,OPEN
0232770709,20/09/26 13:24:45,20260920 132445,MA051,MA002,DIS,OPEN,OPEN
0232770766,20/09/26 13:25:41,20260920 132541,MB035,MB035,TRA,OPEN,OPEN
0232760359,20/09/26 13:26:17,20260920 132617,MA003,MB032,TRA,EARLY,EARLY
3784497679,20/09/26 13:26:24,20260920 132624,MB027,MB026,DIS,OPEN,OPEN
0232757952,20/09/26 13:26:29,20260920 132629,MA003,MC128,TRA,EARLY,EARLY
3876517457,20/09/26 13:26:29,20260920 132629,MB027,MB026,DIS,OPEN,OPEN
0232770285,20/09/26 13:26:29,20260920 132629,MB035,MB035,TRA,OPEN,OPEN
0232759524,20/09/26 13:26:33,20260920 132633,MA003,MB032,TRA,EARLY,EARLY
3876306417,20/09/26 13:26:33,20260920 132633,MB027,MC160,TRA,OPEN,OPEN
0232752404,20/09/26 13:27:01,20260920 132701,MA003,MC131,TRA,EARLY,EARLY
3876507770,20/09/26 13:27:01,20260920 132701,MB027,MC161,TRA,OPEN,OPEN
0232770844,20/09/26 13:27:40,20260920 132740,MA051,MA002,DIS,OPEN,OPEN
0232770481,20/09/26 13:27:45,20260920 132745,MB025,MC149,TRA,EARLY,EARLY
0779179173,20/09/26 13:27:58,20260920 132758,MC247,MC233,DIS,OPEN,OPEN
0232747187,20/09/26 13:28:06,20260920 132806,MC235,MA028,TRA,EARLY,EARLY
3731793687,20/09/26 13:28:08,20260920 132808,MB027,MC165,TRA,OPEN,OPEN
0232770353,20/09/26 13:28:13,20260920 132813,MB034,MB025,DIS,OPEN,OPEN
0232760359,20/09/26 13:28:17,20260920 132817,MA003,MA003,DIS,EARLY,EARLY
3731774887,20/09/26 13:28:17,20260920 132817,MB027,MC166,TRA,OPEN,OPEN
0232757952,20/09/26 13:28:29,20260920 132829,MA003,MA003,DIS,EARLY,EARLY
0232747151,20/09/26 13:28:30,20260920 132830,MC235,MA028,TRA,EARLY,EARLY
3876306417,20/09/26 13:28:32,20260920 132832,MB027,MB026,DIS,OPEN,OPEN
0232747128,20/09/26 13:28:38,20260920 132838,MC235,MA028,TRA,EARLY,EARLY
0232759524,20/09/26 13:28:45,20260920 132845,MA003,MA003,DIS,EARLY,EARLY
0232747132,20/09/26 13:28:49,20260920 132849,MC235,MA028,TRA,EARLY,EARLY
3774375457,20/09/26 13:28:52,20260920 132852,MB027,MC142,TRA,OPEN,OPEN
0232752404,20/09/26 13:29:01,20260920 132901,MA003,MA003,DIS,EARLY,EARLY
0232747191,20/09/26 13:29:02,20260920 132902,MC235,MA028,TRA,EARLY,EARLY
0779179214,20/09/26 13:29:02,20260920 132902,MC247,MC247,TRA,OPEN,OPEN
3731207517,20/09/26 13:29:05,20260920 132905,MB027,MC165,TRA,OPEN,OPEN
3876507770,20/09/26 13:29:05,20260920 132905,MB027,MB026,DIS,OPEN,OPEN
0232747241,20/09/26 13:29:10,20260920 132910,MC235,MA028,TRA,EARLY,EARLY
0232747157,20/09/26 13:29:14,20260920 132914,MC235,MA028,TRA,EARLY,EARLY
0232770766,20/09/26 13:29:17,20260920 132917,MB035,MB025,DIS,OPEN,OPEN
0232747171,20/09/26 13:29:17,20260920 132917,MC235,MA028,TRA,EARLY,EARLY
0232747166,20/09/26 13:29:21,20260920 132921,MC235,MA028,TRA,EARLY,EARLY
0232747190,20/09/26 13:29:42,20260920 132942,MC235,MA028,TRA,EARLY,EARLY
0232770481,20/09/26 13:29:44,20260920 132944,MB025,MB025,DIS,EARLY,EARLY
0232747187,20/09/26 13:29:46,20260920 132946,MC235,MC235,DIS,EARLY,EARLY
0232747197,20/09/26 13:29:46,20260920 132946,MC235,MA028,TRA,EARLY,EARLY
0232747170,20/09/26 13:29:54,20260920 132954,MC235,MA028,TRA,EARLY,EARLY
0232747186,20/09/26 13:29:58,20260920 132958,MC235,MA028,TRA,EARLY,EARLY
0232770285,20/09/26 13:30:01,20260920 133001,MB035,MB025,DIS,OPEN,OPEN
0232747151,20/09/26 13:30:05,20260920 133005,MC235,MC235,DIS,EARLY,EARLY
3731793687,20/09/26 13:30:09,20260920 133009,MB027,MB026,DIS,OPEN,OPEN
0232747142,20/09/26 13:30:09,20260920 133009,MC235,MA028,TRA,EARLY,EARLY
0232747180,20/09/26 13:30:13,20260920 133013,MC235,MA028,TRA,EARLY,EARLY
0232747128,20/09/26 13:30:13,20260920 133013,MC235,MC235,DIS,EARLY,EARLY
0232747192,20/09/26 13:30:21,20260920 133021,MC235,MA028,TRA,EARLY,EARLY
3731774887,20/09/26 13:30:24,20260920 133024,MB027,MB026,DIS,OPEN,OPEN
3731287134,20/09/26 13:30:25,20260920 133025,MB027,MC109,TRA,OPEN,OPEN
0232747203,20/09/26 13:30:26,20260920 133026,MC235,MA028,TRA,EARLY,EARLY
0232747132,20/09/26 13:30:26,20260920 133026,MC235,MC235,DIS,EARLY,EARLY
0232747211,20/09/26 13:30:26,20260920 133026,MC235,MA028,TRA,EARLY,EARLY
0252760938,20/09/26 13:30:29,20260920 133029,MA003,MC212,TRA,EARLY,EARLY
0232747240,20/09/26 13:30:34,20260920 133034,MC235,MA028,TRA,EARLY,EARLY
0232747191,20/09/26 13:30:38,20260920 133038,MC235,MC235,DIS,EARLY,EARLY
0232770169,20/09/26 13:30:40,20260920 133040,MB041,MB041,TRA,OPEN,OPEN
0232747241,20/09/26 13:30:45,20260920 133045,MC235,MC235,DIS,EARLY,EARLY
0232747199,20/09/26 13:30:49,20260920 133049,MC235,MA028,TRA,EARLY,EARLY
0232747157,20/09/26 13:30:49,20260920 133049,MC235,MC235,DIS,EARLY,EARLY
3774375457,20/09/26 13:30:52,20260920 133052,MB027,MB026,DIS,OPEN,OPEN
0232761410,20/09/26 13:30:52,20260920 133052,MA003,MB012,TRA,EARLY,EARLY
0232747171,20/09/26 13:30:53,20260920 133053,MC235,MC235,DIS,EARLY,EARLY
0232747166,20/09/26 13:30:57,20260920 133057,MC235,MC235,DIS,EARLY,EARLY
0232747140,20/09/26 13:30:57,20260920 133057,MC235,MA028,TRA,EARLY,EARLY
3731207517,20/09/26 13:31:13,20260920 133113,MB027,MB026,DIS,OPEN,OPEN
0779179220,20/09/26 13:31:14,20260920 133114,MC247,MC247,TRA,OPEN,OPEN
0232770990,20/09/26 13:31:17,20260920 133117,MB025,MB014,TRA,EARLY,EARLY
0232747235,20/09/26 13:31:18,20260920 133118,MC235,MA028,TRA,EARLY,EARLY
0232747190,20/09/26 13:31:18,20260920 133118,MC235,MC235,DIS,EARLY,EARLY
0232770988,20/09/26 13:31:21,20260920 133121,MB040,MB040,TRA,OPEN,OPEN
0232747197,20/09/26 13:31:22,20260920 133122,MC235,MC235,DIS,EARLY,EARLY
0232747146,20/09/26 13:31:26,20260920 133126,MC235,MA028,TRA,EARLY,EARLY
3784555166,20/09/26 13:31:29,20260920 133129,MB027,MC159,TRA,OPEN,OPEN
0232747170,20/09/26 13:31:30,20260920 133130,MC235,MC235,DIS,EARLY,EARLY
0232771037,20/09/26 13:31:32,20260920 133132,MB041,MB041,TRA,OPEN,OPEN
0232747159,20/09/26 13:31:34,20260920 133134,MC235,MA028,TRA,EARLY,EARLY
0232747186,20/09/26 13:31:34,20260920 133134,MC235,MC235,DIS,EARLY,EARLY
0232770142,20/09/26 13:31:36,20260920 133136,MB025,MB049,TRA,EARLY,EARLY
0232746959,20/09/26 13:31:37,20260920 133137,MC235,MA028,TRA,EARLY,EARLY
3781233650,20/09/26 13:31:40,20260920 133140,MB027,MC162,TRA,OPEN,OPEN
0232747142,20/09/26 13:31:46,20260920 133146,MC235,MC235,DIS,EARLY,EARLY
0232746981,20/09/26 13:31:46,20260920 133146,MC235,MA028,TRA,EARLY,EARLY
0232747180,20/09/26 13:31:50,20260920 133150,MC235,MC235,DIS,EARLY,EARLY
0232746996,20/09/26 13:31:50,20260920 133150,MC235,MA028,TRA,EARLY,EARLY
0232756967,20/09/26 13:31:53,20260920 133153,MA003,MC212,TRA,EARLY,EARLY
0232747149,20/09/26 13:32:01,20260920 133201,MC235,MA028,TRA,EARLY,EARLY
0232747203,20/09/26 13:32:01,20260920 133201,MC235,MC235,DIS,EARLY,EARLY
0232747211,20/09/26 13:32:05,20260920 133205,MC235,MC235,DIS,EARLY,EARLY
0232746966,20/09/26 13:32:05,20260920 133205,MC235,MA028,TRA,EARLY,EARLY
0232770194,20/09/26 13:32:05,20260920 133205,MB025,MB049,TRA,EARLY,EARLY
0232746922,20/09/26 13:32:09,20260920 133209,MC235,MA028,TRA,EARLY,EARLY
0232747240,20/09/26 13:32:09,20260920 133209,MC235,MC235,DIS,EARLY,EARLY
0779179225,20/09/26 13:32:13,20260920 133213,MC246,MC246,TRA,OPEN,OPEN
0232746957,20/09/26 13:32:13,20260920 133213,MC235,MA028,TRA,EARLY,EARLY
0232770033,20/09/26 13:32:16,20260920 133216,MB025,MB049,TRA,EARLY,EARLY
0232771235,20/09/26 13:32:21,20260920 133221,MA003,MA040,TRA,EARLY,EARLY
0232747199,20/09/26 13:32:25,20260920 133225,MC235,MC235,DIS,EARLY,EARLY
3731287134,20/09/26 13:32:25,20260920 133225,MB027,MB026,DIS,OPEN,OPEN
0252760938,20/09/26 13:32:28,20260920 133228,MA003,MA003,DIS,EARLY,EARLY
0232760986,20/09/26 13:32:32,20260920 133232,MA003,MC212,TRA,EARLY,EARLY
0232746944,20/09/26 13:32:34,20260920 133234,MC235,MA028,TRA,EARLY,EARLY
0232747140,20/09/26 13:32:34,20260920 133234,MC235,MC235,DIS,EARLY,EARLY
0232760795,20/09/26 13:32:36,20260920 133236,MA003,MC212,TRA,EARLY,EARLY
0232770169,20/09/26 13:32:41,20260920 133241,MB041,MB025,DIS,OPEN,OPEN
0232761516,20/09/26 13:32:45,20260920 133245,MA003,MB014,TRA,EARLY,EARLY
0232746993,20/09/26 13:32:46,20260920 133246,MC235,MA028,TRA,EARLY,EARLY
0232761410,20/09/26 13:32:52,20260920 133252,MA003,MA003,DIS,EARLY,EARLY
0232761443,20/09/26 13:32:52,20260920 133252,MA003,MB012,TRA,EARLY,EARLY
0232747235,20/09/26 13:32:54,20260920 133254,MC235,MC235,DIS,EARLY,EARLY
0232747146,20/09/26 13:33:01,20260920 133301,MC235,MC235,DIS,EARLY,EARLY
0232747159,20/09/26 13:33:10,20260920 133310,MC235,MC235,DIS,EARLY,EARLY
0232746923,20/09/26 13:33:10,20260920 133310,MC235,MA028,TRA,EARLY,EARLY
0232746959,20/09/26 13:33:14,20260920 133314,MC235,MC235,DIS,EARLY,EARLY
0232746925,20/09/26 13:33:14,20260920 133314,MC235,MA028,TRA,EARLY,EARLY
0232770677,20/09/26 13:33:16,20260920 133316,MB025,MB049,TRA,EARLY,EARLY
0232770990,20/09/26 13:33:17,20260920 133317,MB025,MB025,DIS,EARLY,EARLY
0232770988,20/09/26 13:33:21,20260920 133321,MB040,MB025,DIS,OPEN,OPEN
0232746975,20/09/26 13:33:25,20260920 133325,MC235,MA028,TRA,EARLY,EARLY
0232746981,20/09/26 13:33:25,20260920 133325,MC235,MC235,DIS,EARLY,EARLY
0232746996,20/09/26 13:33:29,20260920 133329,MC235,MC235,DIS,EARLY,EARLY
0232746971,20/09/26 13:33:29,20260920 133329,MC235,MA028,TRA,EARLY,EARLY
0232771037,20/09/26 13:33:33,20260920 133333,MB041,MB025,DIS,OPEN,OPEN
3784555166,20/09/26 13:33:33,20260920 133333,MB027,MB026,DIS,OPEN,OPEN
0232747192,20/09/26 13:33:37,20260920 133337,MC235,MC235,DIS,EARLY,EARLY
0232747149,20/09/26 13:33:37,20260920 133337,MC235,MC235,DIS,EARLY,EARLY
0232746949,20/09/26 13:33:37,20260920 133337,MC235,MA028,TRA,EARLY,EARLY
0232760823,20/09/26 13:33:37,20260920 133337,MA003,MC212,TRA,EARLY,EARLY
3731170096,20/09/26 13:33:37,20260920 133337,MB027,MC166,TRA,OPEN,OPEN
0232746943,20/09/26 13:33:41,20260920 133341,MC235,MA028,TRA,EARLY,EARLY
0232770142,20/09/26 13:33:41,20260920 133341,MB025,MB025,DIS,EARLY,EARLY
0232746966,20/09/26 13:33:41,20260920 133341,MC235,MC235,DIS,EARLY,EARLY
3781233650,20/09/26 13:33:41,20260920 133341,MB027,MB026,DIS,OPEN,OPEN
0232761491,20/09/26 13:33:44,20260920 133344,MA003,MB012,TRA,EARLY,EARLY
0232746922,20/09/26 13:33:45,20260920 133345,MC235,MC235,DIS,EARLY,EARLY
0232756967,20/09/26 13:33:49,20260920 133349,MA003,MA003,DIS,EARLY,EARLY
0232746997,20/09/26 13:33:50,20260920 133350,MC235,MA028,TRA,EARLY,EARLY
0232746957,20/09/26 13:33:50,20260920 133350,MC235,MC235,DIS,EARLY,EARLY
0232746940,20/09/26 13:33:57,20260920 133357,MC235,MA028,TRA,EARLY,EARLY
0232770743,20/09/26 13:33:57,20260920 133357,MB029,MB029,TRA,OPEN,OPEN
3731277408,20/09/26 13:34:00,20260920 133400,MB027,MC103,TRA,OPEN,OPEN
0232747006,20/09/26 13:34:05,20260920 133405,MC235,MA028,TRA,EARLY,EARLY
0232771183,20/09/26 13:34:09,20260920 133409,MB025,MA042,TRA,EARLY,EARLY
0232746929,20/09/26 13:34:09,20260920 133409,MC235,MA028,TRA,EARLY,EARLY
3781185895,20/09/26 13:34:09,20260920 133409,MB027,MC163,TRA,OPEN,OPEN
0232770194,20/09/26 13:34:12,20260920 133412,MB025,MB025,DIS,EARLY,EARLY
0232746927,20/09/26 13:34:14,20260920 133414,MC235,MA028,TRA,EARLY,EARLY
0232746944,20/09/26 13:34:14,20260920 133414,MC235,MC235,DIS,EARLY,EARLY
3876273229,20/09/26 13:34:21,20260920 133421,MB027,MC161,TRA,OPEN,OPEN
0232771235,20/09/26 13:34:21,20260920 133421,MA003,MA003,DIS,EARLY,EARLY
0232746993,20/09/26 13:34:22,20260920 133422,MC235,MC235,DIS,EARLY,EARLY
0232770033,20/09/26 13:34:25,20260920 133425,MB025,MB025,DIS,EARLY,EARLY
0232746984,20/09/26 13:34:26,20260920 133426,MC235,MA028,TRA,EARLY,EARLY
3784408020,20/09/26 13:34:30,20260920 133430,MC112,MC112,TRA,OPEN,OPEN
0232747011,20/09/26 13:34:34,20260920 133434,MC235,MA028,TRA,EARLY,EARLY
0779179214,20/09/26 13:34:34,20260920 133434,MC247,MC233,DIS,OPEN,OPEN
0232760258,20/09/26 13:34:37,20260920 133437,MA003,MC212,TRA,EARLY,EARLY
3784114501,20/09/26 13:34:37,20260920 133437,MB027,MC158,TRA,OPEN,OPEN
0232760795,20/09/26 13:34:37,20260920 133437,MA003,MA003,DIS,EARLY,EARLY
0232747005,20/09/26 13:34:38,20260920 133438,MC235,MA028,TRA,EARLY,EARLY
0232770186,20/09/26 13:34:41,20260920 133441,MB025,MB049,TRA,EARLY,EARLY
0232746941,20/09/26 13:34:42,20260920 133442,MC235,MA028,TRA,EARLY,EARLY
0232760986,20/09/26 13:34:44,20260920 133444,MA003,MA003,DIS,EARLY,EARLY
0232761934,20/09/26 13:34:44,20260920 133444,MA003,MB012,TRA,EARLY,EARLY
0232761516,20/09/26 13:34:44,20260920 133444,MA003,MA003,DIS,EARLY,EARLY
0232746923,20/09/26 13:34:46,20260920 133446,MC235,MC235,DIS,EARLY,EARLY
0232771355,20/09/26 13:34:49,20260920 133449,MA032,MA032,TRA,OPEN,OPEN
0232747001,20/09/26 13:34:50,20260920 133450,MC235,MA028,TRA,EARLY,EARLY
3784058946,20/09/26 13:34:53,20260920 133453,MB027,MC158,TRA,OPEN,OPEN
0232746925,20/09/26 13:34:54,20260920 133454,MC235,MC235,DIS,EARLY,EARLY
0232746975,20/09/26 13:35:02,20260920 133502,MC235,MC235,DIS,EARLY,EARLY
0232761443,20/09/26 13:35:05,20260920 133505,MA003,MA003,DIS,EARLY,EARLY
0232746931,20/09/26 13:35:06,20260920 133506,MC235,MA028,TRA,EARLY,EARLY
0232746971,20/09/26 13:35:06,20260920 133506,MC235,MC235,DIS,EARLY,EARLY
0232761398,20/09/26 13:35:13,20260920 133513,MA003,MB012,TRA,EARLY,EARLY
0232770677,20/09/26 13:35:13,20260920 133513,MB025,MB025,DIS,EARLY,EARLY
0232746949,20/09/26 13:35:14,20260920 133514,MC235,MC235,DIS,EARLY,EARLY
0232746948,20/09/26 13:35:18,20260920 133518,MC235,MA028,TRA,EARLY,EARLY
0232746943,20/09/26 13:35:18,20260920 133518,MC235,MC235,DIS,EARLY,EARLY
0232770695,20/09/26 13:35:20,20260920 133520,MB025,MB045,TRA,EARLY,EARLY
0232746947,20/09/26 13:35:25,20260920 133525,MC235,MA028,TRA,EARLY,EARLY
0232746997,20/09/26 13:35:29,20260920 133529,MC235,MC235,DIS,EARLY,EARLY
0232760823,20/09/26 13:35:32,20260920 133532,MA003,MA003,DIS,EARLY,EARLY
0232746940,20/09/26 13:35:33,20260920 133533,MC235,MC235,DIS,EARLY,EARLY
3731170096,20/09/26 13:35:36,20260920 133536,MB027,MB026,DIS,OPEN,OPEN
0779179251,20/09/26 13:35:37,20260920 133537,MC247,MC247,TRA,OPEN,OPEN
0232747006,20/09/26 13:35:41,20260920 133541,MC235,MC235,DIS,EARLY,EARLY
0232746929,20/09/26 13:35:45,20260920 133545,MC235,MC235,DIS,EARLY,EARLY
0232746927,20/09/26 13:35:49,20260920 133549,MC235,MC235,DIS,EARLY,EARLY
0232761491,20/09/26 13:35:57,20260920 133557,MA003,MA003,DIS,EARLY,EARLY
3731277408,20/09/26 13:36:01,20260920 133601,MB027,MB026,DIS,OPEN,OPEN
0232746984,20/09/26 13:36:01,20260920 133601,MC235,MC235,DIS,EARLY,EARLY
0232771183,20/09/26 13:36:08,20260920 133608,MB025,MB025,DIS,EARLY,EARLY
0232747011,20/09/26 13:36:10,20260920 133610,MC235,MC235,DIS,EARLY,EARLY
0232747005,20/09/26 13:36:14,20260920 133614,MC235,MC235,DIS,EARLY,EARLY
3781185895,20/09/26 13:36:17,20260920 133617,MB027,MB026,DIS,OPEN,OPEN
0232746941,20/09/26 13:36:18,20260920 133618,MC235,MC235,DIS,EARLY,EARLY
3876273229,20/09/26 13:36:25,20260920 133625,MB027,MB026,DIS,OPEN,OPEN
0232760891,20/09/26 13:36:25,20260920 133625,MA003,MC212,TRA,EARLY,EARLY
0232747001,20/09/26 13:36:26,20260920 133626,MC235,MC235,DIS,EARLY,EARLY
0232769975,20/09/26 13:36:28,20260920 133628,MB025,MB049,TRA,EARLY,EARLY
0232760258,20/09/26 13:36:32,20260920 133632,MA003,MA003,DIS,EARLY,EARLY
0232746942,20/09/26 13:36:34,20260920 133634,MC235,MA028,TRA,EARLY,EARLY
0232771431,20/09/26 13:36:37,20260920 133637,MA003,MA039,TRA,EARLY,EARLY
3784114501,20/09/26 13:36:37,20260920 133637,MB027,MB026,DIS,OPEN,OPEN
0232770186,20/09/26 13:36:41,20260920 133641,MB025,MB025,DIS,EARLY,EARLY
0232746931,20/09/26 13:36:42,20260920 133642,MC235,MC235,DIS,EARLY,EARLY
3784408020,20/09/26 13:36:42,20260920 133642,MC112,MC105,DIS,OPEN,OPEN
0232761934,20/09/26 13:36:44,20260920 133644,MA003,MA003,DIS,EARLY,EARLY
0232770996,20/09/26 13:36:44,20260920 133644,MB025,MB035,TRA,EARLY,EARLY
0779179220,20/09/26 13:36:46,20260920 133646,MC247,MC233,DIS,OPEN,OPEN
0232746936,20/09/26 13:36:46,20260920 133646,MC235,MA028,TRA,EARLY,EARLY
3784058946,20/09/26 13:36:53,20260920 133653,MB027,MB026,DIS,OPEN,OPEN
0232761465,20/09/26 13:36:53,20260920 133653,MA003,MB012,TRA,EARLY,EARLY
0232746948,20/09/26 13:36:53,20260920 133653,MC235,MC235,DIS,EARLY,EARLY
0816466702,20/09/26 13:36:53,20260920 133653,MB025,MA008,TRA,EARLY,EARLY
0816466710,20/09/26 13:37:00,20260920 133700,MB025,MA008,TRA,EARLY,EARLY
0232746947,20/09/26 13:37:01,20260920 133701,MC235,MC235,DIS,EARLY,EARLY
0232759203,20/09/26 13:37:20,20260920 133720,MA003,MC212,TRA,EARLY,EARLY
0232770695,20/09/26 13:37:20,20260920 133720,MB025,MB025,DIS,EARLY,EARLY
0232770933,20/09/26 13:37:20,20260920 133720,MB025,MB050,TRA,EARLY,EARLY
0232761398,20/09/26 13:37:24,20260920 133724,MA003,MA003,DIS,EARLY,EARLY
3731166951,20/09/26 13:37:25,20260920 133725,MB027,MC165,TRA,OPEN,OPEN
0779179225,20/09/26 13:37:33,20260920 133733,MC246,MC233,DIS,OPEN,OPEN
0232771228,20/09/26 13:37:33,20260920 133733,MB025,MB019,TRA,EARLY,EARLY
0232770743,20/09/26 13:37:33,20260920 133733,MB029,MB025,DIS,OPEN,OPEN
0232771493,20/09/26 13:37:40,20260920 133740,MA003,MA036,TRA,EARLY,EARLY
0232770627,20/09/26 13:37:45,20260920 133745,MB025,MB050,TRA,EARLY,EARLY
0232771101,20/09/26 13:38:00,20260920 133800,MB025,MB050,TRA,EARLY,EARLY
0232746942,20/09/26 13:38:10,20260920 133810,MC235,MC235,DIS,EARLY,EARLY
0232771355,20/09/26 13:38:21,20260920 133821,MA032,MA002,DIS,OPEN,OPEN
0232746936,20/09/26 13:38:22,20260920 133822,MC235,MC235,DIS,EARLY,EARLY
0232760891,20/09/26 13:38:37,20260920 133837,MA003,MA003,DIS,EARLY,EARLY
0232770996,20/09/26 13:38:45,20260920 133845,MB025,MB025,DIS,EARLY,EARLY
0232771431,20/09/26 13:38:48,20260920 133848,MA003,MA003,DIS,EARLY,EARLY
0232761465,20/09/26 13:38:52,20260920 133852,MA003,MA003,DIS,EARLY,EARLY
0816466702,20/09/26 13:38:52,20260920 133852,MB025,MB025,DIS,EARLY,EARLY
0816466710,20/09/26 13:39:01,20260920 133901,MB025,MB025,DIS,EARLY,EARLY
0232770289,20/09/26 13:39:17,20260920 133917,MB031,MB031,TRA,OPEN,OPEN
0232759203,20/09/26 13:39:21,20260920 133921,MA003,MA003,DIS,EARLY,EARLY
0232770933,20/09/26 13:39:21,20260920 133921,MB025,MB025,DIS,EARLY,EARLY
0232761829,20/09/26 13:39:25,20260920 133925,MA003,MB019,TRA,EARLY,EARLY
3731166951,20/09/26 13:39:25,20260920 133925,MB027,MB026,DIS,OPEN,OPEN
0232771228,20/09/26 13:39:33,20260920 133933,MB025,MB025,DIS,EARLY,EARLY
0232761664,20/09/26 13:39:37,20260920 133937,MA003,MC141,TRA,EARLY,EARLY
0232771025,20/09/26 13:39:37,20260920 133937,MB025,MB045,TRA,EARLY,EARLY
0232770627,20/09/26 13:39:45,20260920 133945,MB025,MB025,DIS,EARLY,EARLY
0232771493,20/09/26 13:39:49,20260920 133949,MA003,MA003,DIS,EARLY,EARLY
0232771220,20/09/26 13:39:49,20260920 133949,MB025,MB040,TRA,EARLY,EARLY
0232769975,20/09/26 13:40:01,20260920 134001,MB025,MB025,DIS,EARLY,EARLY
0232771101,20/09/26 13:40:10,20260920 134010,MB025,MB025,DIS,EARLY,EARLY
0232760222,20/09/26 13:40:10,20260920 134010,MA003,MC212,TRA,EARLY,EARLY
0232771485,20/09/26 13:40:12,20260920 134012,MB025,MA042,TRA,EARLY,EARLY
0232761692,20/09/26 13:40:21,20260920 134021,MA003,MC141,TRA,EARLY,EARLY
0232771558,20/09/26 13:40:21,20260920 134021,MA003,MB016,TRA,EARLY,EARLY
0232771488,20/09/26 13:40:21,20260920 134021,MB025,MA042,TRA,EARLY,EARLY
0232761432,20/09/26 13:40:28,20260920 134028,MA003,MB012,TRA,EARLY,EARLY
0779179256,20/09/26 13:40:29,20260920 134029,MC246,MC246,TRA,OPEN,OPEN
0232771566,20/09/26 13:40:37,20260920 134037,MA003,MB016,TRA,EARLY,EARLY
0232761802,20/09/26 13:40:45,20260920 134045,MA003,MB019,TRA,EARLY,EARLY
3784767970,20/09/26 13:40:45,20260920 134045,MC158,MC158,TRA,OPEN,OPEN
3784777798,20/09/26 13:40:49,20260920 134049,MB027,MC159,TRA,OPEN,OPEN
0779179251,20/09/26 13:41:10,20260920 134110,MC247,MC233,DIS,OPEN,OPEN
3876107167,20/09/26 13:41:16,20260920 134116,MB027,MC160,TRA,OPEN,OPEN
0232771582,20/09/26 13:41:16,20260920 134116,MA003,MB016,TRA,EARLY,EARLY
0232761829,20/09/26 13:41:21,20260920 134121,MA003,MA003,DIS,EARLY,EARLY
3781175182,20/09/26 13:41:29,20260920 134129,MB027,MC162,TRA,OPEN,OPEN
0232761664,20/09/26 13:41:33,20260920 134133,MA003,MA003,DIS,EARLY,EARLY
0232771025,20/09/26 13:41:36,20260920 134136,MB025,MB025,DIS,EARLY,EARLY
0232771649,20/09/26 13:41:45,20260920 134145,MA003,MB016,TRA,EARLY,EARLY
0232771658,20/09/26 13:41:53,20260920 134153,MA003,MB016,TRA,EARLY,EARLY
0232771220,20/09/26 13:41:57,20260920 134157,MB025,MB025,DIS,EARLY,EARLY
0232760222,20/09/26 13:42:09,20260920 134209,MA003,MA003,DIS,EARLY,EARLY
0232771485,20/09/26 13:42:20,20260920 134220,MB025,MB025,DIS,EARLY,EARLY
0232771558,20/09/26 13:42:20,20260920 134220,MA003,MA003,DIS,EARLY,EARLY
0232771488,20/09/26 13:42:24,20260920 134224,MB025,MB025,DIS,EARLY,EARLY
0232761432,20/09/26 13:42:29,20260920 134229,MA003,MA003,DIS,EARLY,EARLY
0232761692,20/09/26 13:42:33,20260920 134233,MA003,MA003,DIS,EARLY,EARLY
0232761802,20/09/26 13:42:45,20260920 134245,MA003,MA003,DIS,EARLY,EARLY
3784777798,20/09/26 13:42:48,20260920 134248,MB027,MB026,DIS,OPEN,OPEN
0232771566,20/09/26 13:42:48,20260920 134248,MA003,MA003,DIS,EARLY,EARLY
0232770289,20/09/26 13:43:01,20260920 134301,MB031,MB025,DIS,OPEN,OPEN
3784767970,20/09/26 13:43:02,20260920 134302,MC158,MC105,DIS,OPEN,OPEN
3876107167,20/09/26 13:43:17,20260920 134317,MB027,MB026,DIS,OPEN,OPEN
3781175182,20/09/26 13:43:29,20260920 134329,MB027,MB026,DIS,OPEN,OPEN
0232771582,20/09/26 13:43:29,20260920 134329,MA003,MA003,DIS,EARLY,EARLY
0232771009,20/09/26 13:43:36,20260920 134336,MB025,MB035,TRA,EARLY,EARLY
0232771649,20/09/26 13:43:41,20260920 134341,MA003,MA003,DIS,EARLY,EARLY
0816466704,20/09/26 13:43:45,20260920 134345,MB025,MA008,TRA,EARLY,EARLY
0232771658,20/09/26 13:44:05,20260920 134405,MA003,MA003,DIS,EARLY,EARLY
0232771720,20/09/26 13:44:33,20260920 134433,MA030,MA030,TRA,OPEN,OPEN
3774322458,20/09/26 13:44:40,20260920 134440,MB027,MC142,TRA,OPEN,OPEN
0232771009,20/09/26 13:45:37,20260920 134537,MB025,MB025,DIS,EARLY,EARLY
0779179256,20/09/26 13:45:50,20260920 134550,MC246,MC233,DIS,OPEN,OPEN
0816466704,20/09/26 13:45:53,20260920 134553,MB025,MB025,DIS,EARLY,EARLY
3774322458,20/09/26 13:46:41,20260920 134641,MB027,MB026,DIS,OPEN,OPEN
3784669083,20/09/26 13:46:41,20260920 134641,MB027,MC111,TRA,OPEN,OPEN
3784498987,20/09/26 13:46:52,20260920 134652,MB027,MC159,TRA,OPEN,OPEN
0232771462,20/09/26 13:46:52,20260920 134652,MA030,MA030,TRA,OPEN,OPEN
3876497154,20/09/26 13:47:21,20260920 134721,MB027,MC160,TRA,OPEN,OPEN
0232771720,20/09/26 13:48:12,20260920 134812,MA030,MA002,DIS,OPEN,OPEN
0232771696,20/09/26 13:48:17,20260920 134817,MB035,MB035,TRA,OPEN,OPEN
0232761616,20/09/26 13:48:21,20260920 134821,MB035,MB035,TRA,OPEN,OPEN
3784799600,20/09/26 13:48:33,20260920 134833,MB027,MC159,TRA,OPEN,OPEN
0232760500,20/09/26 13:48:37,20260920 134837,MB034,MB034,TRA,OPEN,OPEN
0232771377,20/09/26 13:48:41,20260920 134841,MB034,MB034,TRA,OPEN,OPEN
0232771727,20/09/26 13:48:45,20260920 134845,MB035,MB035,TRA,OPEN,OPEN
3784669083,20/09/26 13:48:48,20260920 134848,MB027,MB026,DIS,OPEN,OPEN
3784498987,20/09/26 13:48:53,20260920 134853,MB027,MB026,DIS,OPEN,OPEN
3774762236,20/09/26 13:49:01,20260920 134901,MB027,MC142,TRA,OPEN,OPEN
3876804941,20/09/26 13:49:13,20260920 134913,MB027,MC160,TRA,OPEN,OPEN
3876497154,20/09/26 13:49:28,20260920 134928,MB027,MB026,DIS,OPEN,OPEN
0232745602,20/09/26 13:49:41,20260920 134941,MA032,MA032,TRA,OPEN,OPEN
0232771508,20/09/26 13:49:53,20260920 134953,MB035,MB035,TRA,OPEN,OPEN
3784397455,20/09/26 13:50:01,20260920 135001,MB027,MC159,TRA,OPEN,OPEN
3731827798,20/09/26 13:50:05,20260920 135005,MB027,MC166,TRA,OPEN,OPEN
3774300935,20/09/26 13:50:12,20260920 135012,MB027,MC143,TRA,OPEN,OPEN
0232771728,20/09/26 13:50:29,20260920 135029,MB034,MB034,TRA,OPEN,OPEN
3784799600,20/09/26 13:50:32,20260920 135032,MB027,MB026,DIS,OPEN,OPEN
0232771462,20/09/26 13:50:32,20260920 135032,MA030,MA002,DIS,OPEN,OPEN
7816942598,20/09/26 13:50:37,20260920 135037,MB054,MB054,TRA,OPEN,OPEN
7816942569,20/09/26 13:50:37,20260920 135037,MB054,MB054,TRA,OPEN,OPEN
7816942589,20/09/26 13:50:41,20260920 135041,MB054,MB054,TRA,OPEN,OPEN
7816942615,20/09/26 13:50:49,20260920 135049,MB054,MB054,TRA,OPEN,OPEN
3784758186,20/09/26 13:50:52,20260920 135052,MB027,MC159,TRA,OPEN,OPEN
3774762236,20/09/26 13:51:01,20260920 135101,MB027,MB026,DIS,OPEN,OPEN
3876037542,20/09/26 13:51:09,20260920 135109,MB027,MC161,TRA,OPEN,OPEN
4816699722,20/09/26 13:51:09,20260920 135109,MB054,MB054,TRA,OPEN,OPEN
3876804941,20/09/26 13:51:12,20260920 135112,MB027,MB026,DIS,OPEN,OPEN
7816942570,20/09/26 13:51:17,20260920 135117,MB054,MB054,TRA,OPEN,OPEN
7816942636,20/09/26 13:51:17,20260920 135117,MB054,MB054,TRA,OPEN,OPEN
7816942581,20/09/26 13:51:33,20260920 135133,MB054,MB054,TRA,OPEN,OPEN
7816942634,20/09/26 13:51:37,20260920 135137,MB054,MB054,TRA,OPEN,OPEN
3784197979,20/09/26 13:51:37,20260920 135137,MB027,MC159,TRA,OPEN,OPEN
7816942633,20/09/26 13:51:44,20260920 135144,MB054,MB054,TRA,OPEN,OPEN
4816699720,20/09/26 13:51:49,20260920 135149,MB054,MB054,TRA,OPEN,OPEN
0232771696,20/09/26 13:51:49,20260920 135149,MB035,MB025,DIS,OPEN,OPEN
3731816035,20/09/26 13:51:53,20260920 135153,MB027,MC109,TRA,OPEN,OPEN
3784397455,20/09/26 13:52:00,20260920 135200,MB027,MB026,DIS,OPEN,OPEN
3731827798,20/09/26 13:52:04,20260920 135204,MB027,MB026,DIS,OPEN,OPEN
0232761616,20/09/26 13:52:09,20260920 135209,MB035,MB025,DIS,OPEN,OPEN
0232760500,20/09/26 13:52:17,20260920 135217,MB034,MB025,DIS,OPEN,OPEN
7816942635,20/09/26 13:52:17,20260920 135217,MB054,MB054,TRA,OPEN,OPEN
7816942631,20/09/26 13:52:20,20260920 135220,MB054,MB054,TRA,OPEN,OPEN
0232771377,20/09/26 13:52:20,20260920 135220,MB034,MB025,DIS,OPEN,OPEN
3774300935,20/09/26 13:52:20,20260920 135220,MB027,MB026,DIS,OPEN,OPEN
0232771727,20/09/26 13:52:24,20260920 135224,MB035,MB025,DIS,OPEN,OPEN
3781006787,20/09/26 13:52:33,20260920 135233,MB027,MC162,TRA,OPEN,OPEN
0232771516,20/09/26 13:52:37,20260920 135237,MB035,MB035,TRA,OPEN,OPEN
3784758186,20/09/26 13:53:01,20260920 135301,MB027,MB026,DIS,OPEN,OPEN
3876037542,20/09/26 13:53:08,20260920 135308,MB027,MB026,DIS,OPEN,OPEN
3876737001,20/09/26 13:53:10,20260920 135310,MC161,MC161,TRA,OPEN,OPEN
0232745602,20/09/26 13:53:21,20260920 135321,MA032,MA002,DIS,OPEN,OPEN
0232771508,20/09/26 13:53:28,20260920 135328,MB035,MB025,DIS,OPEN,OPEN
3774001583,20/09/26 13:53:45,20260920 135345,MB027,MC142,TRA,OPEN,OPEN
3784197979,20/09/26 13:53:45,20260920 135345,MB027,MB026,DIS,OPEN,OPEN
3784099477,20/09/26 13:53:45,20260920 135345,MB027,MC159,TRA,OPEN,OPEN
3731676032,20/09/26 13:53:45,20260920 135345,MC166,MC166,TRA,OPEN,OPEN
3731816035,20/09/26 13:53:52,20260920 135352,MB027,MB026,DIS,OPEN,OPEN
0232767729,20/09/26 13:53:52,20260920 135352,MB034,MB034,TRA,OPEN,OPEN
3784824902,20/09/26 13:53:56,20260920 135356,MB027,MC158,TRA,OPEN,OPEN
0232771728,20/09/26 13:54:05,20260920 135405,MB034,MB025,DIS,OPEN,OPEN
7816942598,20/09/26 13:54:13,20260920 135413,MB054,MB025,DIS,OPEN,OPEN
7816942589,20/09/26 13:54:16,20260920 135416,MB054,MB025,DIS,OPEN,OPEN
7816942569,20/09/26 13:54:20,20260920 135420,MB054,MB025,DIS,OPEN,OPEN
7816942615,20/09/26 13:54:25,20260920 135425,MB054,MB025,DIS,OPEN,OPEN
3781006787,20/09/26 13:54:33,20260920 135433,MB027,MB026,DIS,OPEN,OPEN
3774743103,20/09/26 13:54:45,20260920 135445,MB027,MC143,TRA,OPEN,OPEN
7816942636,20/09/26 13:54:49,20260920 135449,MB054,MB025,DIS,OPEN,OPEN
4816699722,20/09/26 13:54:53,20260920 135453,MB054,MB025,DIS,OPEN,OPEN
7816942570,20/09/26 13:55:01,20260920 135501,MB054,MB025,DIS,OPEN,OPEN
7816942581,20/09/26 13:55:05,20260920 135505,MB054,MB025,DIS,OPEN,OPEN
7816942634,20/09/26 13:55:09,20260920 135509,MB054,MB025,DIS,OPEN,OPEN
7816942633,20/09/26 13:55:21,20260920 135521,MB054,MB025,DIS,OPEN,OPEN
3876737001,20/09/26 13:55:25,20260920 135525,MC161,MC105,DIS,OPEN,OPEN
4816699720,20/09/26 13:55:33,20260920 135533,MB054,MB025,DIS,OPEN,OPEN
3774001583,20/09/26 13:55:44,20260920 135544,MB027,MB026,DIS,OPEN,OPEN
3784638947,20/09/26 13:55:44,20260920 135544,MA001,MC158,TRA,OPEN,OPEN
7816942635,20/09/26 13:55:48,20260920 135548,MB054,MB025,DIS,OPEN,OPEN
3784099477,20/09/26 13:55:53,20260920 135553,MB027,MB026,DIS,OPEN,OPEN
3731676032,20/09/26 13:55:57,20260920 135557,MC166,MC105,DIS,OPEN,OPEN
7816942631,20/09/26 13:55:57,20260920 135557,MB054,MB025,DIS,OPEN,OPEN
3731724903,20/09/26 13:55:57,20260920 135557,MB027,MC110,TRA,OPEN,OPEN
7816942566,20/09/26 13:56:04,20260920 135604,MB054,MB054,TRA,OPEN,OPEN
3784824902,20/09/26 13:56:04,20260920 135604,MB027,MB026,DIS,OPEN,OPEN
7816942603,20/09/26 13:56:13,20260920 135613,MB054,MB054,TRA,OPEN,OPEN
0232771516,20/09/26 13:56:13,20260920 135613,MB035,MB025,DIS,OPEN,OPEN
7816942582,20/09/26 13:56:17,20260920 135617,MB054,MB054,TRA,OPEN,OPEN
7816942580,20/09/26 13:56:29,20260920 135629,MB054,MB054,TRA,OPEN,OPEN
3774743103,20/09/26 13:56:44,20260920 135644,MB027,MB026,DIS,OPEN,OPEN
0232772011,20/09/26 13:56:49,20260920 135649,MB034,MB034,TRA,OPEN,OPEN
0779179351,20/09/26 13:57:01,20260920 135701,MC247,MC247,TRA,OPEN,OPEN
3774291920,20/09/26 13:57:13,20260920 135713,MB027,MC142,TRA,OPEN,OPEN
7816942568,20/09/26 13:57:16,20260920 135716,MB054,MB054,TRA,OPEN,OPEN
0232771836,20/09/26 13:57:29,20260920 135729,MB035,MB035,TRA,OPEN,OPEN
0160384656,20/09/26 13:57:32,20260920 135732,MB025,MC155,TRA,EARLY,EARLY
3731445925,20/09/26 13:57:37,20260920 135737,MB027,MC166,TRA,OPEN,OPEN
0232767729,20/09/26 13:57:37,20260920 135737,MB034,MB025,DIS,OPEN,OPEN
0232771918,20/09/26 13:57:37,20260920 135737,MB034,MB034,TRA,OPEN,OPEN
0232771701,20/09/26 13:57:48,20260920 135748,MB034,MB034,TRA,OPEN,OPEN
3784638947,20/09/26 13:57:48,20260920 135748,MA001,MA001,DIS,OPEN,OPEN
3731736296,20/09/26 13:57:57,20260920 135757,MB027,MC102,TRA,OPEN,OPEN
3731724903,20/09/26 13:58:05,20260920 135805,MB027,MB026,DIS,OPEN,OPEN
3784168095,20/09/26 13:58:05,20260920 135805,MB027,MC159,TRA,OPEN,OPEN
0232760237,20/09/26 13:58:05,20260920 135805,MA003,MB047,TRA,EARLY,EARLY
0232771991,20/09/26 13:58:12,20260920 135812,MB034,MB034,TRA,OPEN,OPEN
3731035633,20/09/26 13:58:12,20260920 135812,MB027,MC166,TRA,OPEN,OPEN
4816699579,20/09/26 13:58:21,20260920 135821,MB054,MB054,TRA,OPEN,OPEN
3731198623,20/09/26 13:58:21,20260920 135821,MB027,MC109,TRA,OPEN,OPEN
0232771911,20/09/26 13:58:28,20260920 135828,MB035,MB035,TRA,OPEN,OPEN
3731724909,20/09/26 13:58:28,20260920 135828,MB027,MC102,TRA,OPEN,OPEN
0122334323,20/09/26 13:58:28,20260920 135828,MA001,MC140,TRA,OPEN,OPEN
4816699721,20/09/26 13:58:33,20260920 135833,MB054,MB054,TRA,OPEN,OPEN
3774173246,20/09/26 13:58:33,20260920 135833,MB027,MC142,TRA,OPEN,OPEN
3731318308,20/09/26 13:58:37,20260920 135837,MB027,MC166,TRA,OPEN,OPEN
0232760377,20/09/26 13:58:56,20260920 135856,MA003,MB047,TRA,EARLY,EARLY
0232772069,20/09/26 13:59:00,20260920 135900,MB035,MB035,TRA,OPEN,OPEN
3774291920,20/09/26 13:59:13,20260920 135913,MB027,MB026,DIS,OPEN,OPEN
0232771949,20/09/26 13:59:16,20260920 135916,MB034,MB034,TRA,OPEN,OPEN
0232758497,20/09/26 13:59:28,20260920 135928,MA003,MC146,TRA,EARLY,EARLY
0160384656,20/09/26 13:59:33,20260920 135933,MB025,MB025,DIS,EARLY,EARLY
7816942566,20/09/26 13:59:37,20260920 135937,MB054,MB025,DIS,OPEN,OPEN
3731445925,20/09/26 13:59:45,20260920 135945,MB027,MB026,DIS,OPEN,OPEN
7816942603,20/09/26 13:59:49,20260920 135949,MB054,MB025,DIS,OPEN,OPEN
7816942582,20/09/26 13:59:52,20260920 135952,MB054,MB025,DIS,OPEN,OPEN
3731736296,20/09/26 13:59:57,20260920 135957,MB027,MB026,DIS,OPEN,OPEN
0232758493,20/09/26 14:00:01,20260920 140001,MA003,MC146,TRA,EARLY,EARLY
0232760237,20/09/26 14:00:04,20260920 140004,MA003,MA003,DIS,EARLY,EARLY
7816942580,20/09/26 14:00:04,20260920 140004,MB054,MB025,DIS,OPEN,OPEN
3784168095,20/09/26 14:00:08,20260920 140008,MB027,MB026,DIS,OPEN,OPEN
0232772236,20/09/26 14:00:13,20260920 140013,MB025,MB034,TRA,EARLY,EARLY
3784136325,20/09/26 14:00:13,20260920 140013,MC158,MC158,TRA,OPEN,OPEN
3876756212,20/09/26 14:00:13,20260920 140013,MB027,MC161,TRA,OPEN,OPEN
0232760339,20/09/26 14:00:17,20260920 140017,MA003,MB047,TRA,EARLY,EARLY
3731035633,20/09/26 14:00:17,20260920 140017,MB027,MB026,DIS,OPEN,OPEN
0232772011,20/09/26 14:00:25,20260920 140025,MB034,MB025,DIS,OPEN,OPEN
0232760293,20/09/26 14:00:25,20260920 140025,MA003,MB047,TRA,EARLY,EARLY
3731198623,20/09/26 14:00:25,20260920 140025,MB027,MB026,DIS,OPEN,OPEN
0232759949,20/09/26 14:00:29,20260920 140029,MA003,MB054,TRA,EARLY,EARLY
3731724909,20/09/26 14:00:33,20260920 140033,MB027,MB026,DIS,OPEN,OPEN
3731318308,20/09/26 14:00:36,20260920 140036,MB027,MB026,DIS,OPEN,OPEN
0232758087,20/09/26 14:00:41,20260920 140041,MA040,MA040,TRA,OPEN,OPEN
0232758209,20/09/26 14:00:41,20260920 140041,MB025,MA042,TRA,EARLY,EARLY
0122334323,20/09/26 14:00:41,20260920 140041,MA001,MA001,DIS,OPEN,OPEN
0232759965,20/09/26 14:00:49,20260920 140049,MA003,MB054,TRA,EARLY,EARLY
7816942568,20/09/26 14:00:49,20260920 140049,MB054,MB025,DIS,OPEN,OPEN
0232758645,20/09/26 14:00:49,20260920 140049,MB025,MA042,TRA,EARLY,EARLY
0232760377,20/09/26 14:00:57,20260920 140057,MA003,MA003,DIS,EARLY,EARLY
0232772361,20/09/26 14:01:05,20260920 140105,MA003,MA042,TRA,EARLY,EARLY
0232758450,20/09/26 14:01:05,20260920 140105,MB025,MC143,TRA,EARLY,EARLY
0232771836,20/09/26 14:01:08,20260920 140108,MB035,MB025,DIS,OPEN,OPEN
0232771918,20/09/26 14:01:12,20260920 140112,MB034,MB025,DIS,OPEN,OPEN
0232758210,20/09/26 14:01:12,20260920 140112,MB025,MA042,TRA,EARLY,EARLY
0232772356,20/09/26 14:01:17,20260920 140117,MA041,MA041,TRA,OPEN,OPEN
0232771500,20/09/26 14:01:29,20260920 140129,MB025,MB049,TRA,EARLY,EARLY
0232761226,20/09/26 14:01:29,20260920 140129,MA003,MA009,TRA,EARLY,EARLY
0232771701,20/09/26 14:01:32,20260920 140132,MB034,MB025,DIS,OPEN,OPEN
0232772008,20/09/26 14:01:37,20260920 140137,MB025,MB019,TRA,EARLY,EARLY
0232758018,20/09/26 14:01:41,20260920 140141,MB025,MB014,TRA,EARLY,EARLY
0232758497,20/09/26 14:01:41,20260920 140141,MA003,MA003,DIS,EARLY,EARLY
0232758465,20/09/26 14:01:44,20260920 140144,MB025,MB019,TRA,EARLY,EARLY
0232758243,20/09/26 14:01:53,20260920 140153,MB025,MA042,TRA,EARLY,EARLY
0232771991,20/09/26 14:01:53,20260920 140153,MB034,MB025,DIS,OPEN,OPEN
0232771499,20/09/26 14:01:53,20260920 140153,MB025,MB049,TRA,EARLY,EARLY
0232760104,20/09/26 14:01:57,20260920 140157,MA003,MC128,TRA,EARLY,EARLY
0232771911,20/09/26 14:02:01,20260920 140201,MB035,MB025,DIS,OPEN,OPEN
0232758493,20/09/26 14:02:01,20260920 140201,MA003,MA003,DIS,EARLY,EARLY
4816699579,20/09/26 14:02:04,20260920 140204,MB054,MB025,DIS,OPEN,OPEN
0232772228,20/09/26 14:02:09,20260920 140209,MB028,MB028,TRA,OPEN,OPEN
4816699721,20/09/26 14:02:09,20260920 140209,MB054,MB025,DIS,OPEN,OPEN
3876756212,20/09/26 14:02:13,20260920 140213,MB027,MB026,DIS,OPEN,OPEN
3774173246,20/09/26 14:02:13,20260920 140213,MB027,MB025,DIS,OPEN,OPEN
0232772236,20/09/26 14:02:20,20260920 140220,MB025,MB025,DIS,EARLY,EARLY
0232758218,20/09/26 14:02:20,20260920 140220,MB025,MA042,TRA,EARLY,EARLY
0232759949,20/09/26 14:02:25,20260920 140225,MA003,MA003,DIS,EARLY,EARLY
0232758501,20/09/26 14:02:25,20260920 140225,MB025,MB047,TRA,EARLY,EARLY
3784136325,20/09/26 14:02:26,20260920 140226,MC158,MC105,DIS,OPEN,OPEN
0232760339,20/09/26 14:02:29,20260920 140229,MA003,MA003,DIS,EARLY,EARLY
0232758915,20/09/26 14:02:29,20260920 140229,MB027,MA040,TRA,OPEN,OPEN
0232758514,20/09/26 14:02:33,20260920 140233,MB025,MB047,TRA,EARLY,EARLY
0779179351,20/09/26 14:02:34,20260920 140234,MC247,MC233,DIS,OPEN,OPEN
0232772069,20/09/26 14:02:36,20260920 140236,MB035,MB025,DIS,OPEN,OPEN
0232760293,20/09/26 14:02:36,20260920 140236,MA003,MA003,DIS,EARLY,EARLY
0232758087,20/09/26 14:02:40,20260920 140240,MA040,MA003,DIS,OPEN,OPEN
3784222320,20/09/26 14:02:45,20260920 140245,MB027,MC111,TRA,OPEN,OPEN
0232759965,20/09/26 14:02:45,20260920 140245,MA003,MA003,DIS,EARLY,EARLY
0232758209,20/09/26 14:02:49,20260920 140249,MB025,MB025,DIS,EARLY,EARLY
0232763891,20/09/26 14:02:49,20260920 140249,MA003,MC109,TRA,EARLY,EARLY
0232772220,20/09/26 14:02:53,20260920 140253,MB028,MB028,TRA,OPEN,OPEN
0232758645,20/09/26 14:02:53,20260920 140253,MB025,MB025,DIS,EARLY,EARLY
0232772281,20/09/26 14:02:57,20260920 140257,MA033,MA033,TRA,OPEN,OPEN
0232758052,20/09/26 14:02:57,20260920 140257,MB025,MB014,TRA,EARLY,EARLY
0232771949,20/09/26 14:02:57,20260920 140257,MB034,MB025,DIS,OPEN,OPEN
0232772361,20/09/26 14:03:00,20260920 140300,MA003,MA003,DIS,EARLY,EARLY
0232772270,20/09/26 14:03:08,20260920 140308,MA033,MA033,TRA,OPEN,OPEN
0232758210,20/09/26 14:03:13,20260920 140313,MB025,MB025,DIS,EARLY,EARLY
0232772253,20/09/26 14:03:17,20260920 140317,MA032,MA032,TRA,OPEN,OPEN
0232758450,20/09/26 14:03:17,20260920 140317,MB025,MB025,DIS,EARLY,EARLY
0232760202,20/09/26 14:03:21,20260920 140321,MB025,MB053,TRA,EARLY,EARLY
0232771500,20/09/26 14:03:28,20260920 140328,MB025,MB025,DIS,EARLY,EARLY
0232761226,20/09/26 14:03:28,20260920 140328,MA003,MA003,DIS,EARLY,EARLY
0232772356,20/09/26 14:03:28,20260920 140328,MA041,MA003,DIS,OPEN,OPEN
0232772008,20/09/26 14:03:37,20260920 140337,MB025,MB025,DIS,EARLY,EARLY
0232758465,20/09/26 14:03:45,20260920 140345,MB025,MB025,DIS,EARLY,EARLY
0232759433,20/09/26 14:03:45,20260920 140345,MB025,MB037,TRA,EARLY,EARLY
0122334329,20/09/26 14:03:45,20260920 140345,MB027,MC139,TRA,OPEN,OPEN
0232758018,20/09/26 14:03:49,20260920 140349,MB025,MB025,DIS,EARLY,EARLY
0779179363,20/09/26 14:03:49,20260920 140349,MC247,MC247,TRA,OPEN,OPEN
0232758243,20/09/26 14:03:53,20260920 140353,MB025,MB025,DIS,EARLY,EARLY
0232760104,20/09/26 14:03:56,20260920 140356,MA003,MA003,DIS,EARLY,EARLY
0232757537,20/09/26 14:03:56,20260920 140356,MB025,MC124,TRA,EARLY,EARLY
0232771499,20/09/26 14:04:00,20260920 140400,MB025,MB025,DIS,EARLY,EARLY
0232771813,20/09/26 14:04:00,20260920 140400,MB031,MB031,TRA,OPEN,OPEN
3876415967,20/09/26 14:04:09,20260920 140409,MB027,MC161,TRA,OPEN,OPEN
0232758218,20/09/26 14:04:17,20260920 140417,MB025,MB025,DIS,EARLY,EARLY
0232758501,20/09/26 14:04:24,20260920 140424,MB025,MB025,DIS,EARLY,EARLY
0232758915,20/09/26 14:04:28,20260920 140428,MB027,MB025,DIS,OPEN,OPEN
0232758514,20/09/26 14:04:32,20260920 140432,MB025,MB025,DIS,EARLY,EARLY
3784222320,20/09/26 14:04:45,20260920 140445,MB027,MB026,DIS,OPEN,OPEN
0232763891,20/09/26 14:04:45,20260920 140445,MA003,MA003,DIS,EARLY,EARLY
3781410465,20/09/26 14:04:52,20260920 140452,MB027,MC162,TRA,OPEN,OPEN
3784513256,20/09/26 14:04:57,20260920 140457,MB027,MC158,TRA,OPEN,OPEN
0232758860,20/09/26 14:05:00,20260920 140500,MB025,MC124,TRA,EARLY,EARLY
0232758052,20/09/26 14:05:05,20260920 140505,MB025,MB025,DIS,EARLY,EARLY
3731676044,20/09/26 14:05:05,20260920 140505,MB027,MC165,TRA,OPEN,OPEN
0232760202,20/09/26 14:05:21,20260920 140521,MB025,MB025,DIS,EARLY,EARLY
0232772371,20/09/26 14:05:28,20260920 140528,MB025,MB032,TRA,EARLY,EARLY
0232772228,20/09/26 14:05:41,20260920 140541,MB028,MB025,DIS,OPEN,OPEN
0232759433,20/09/26 14:05:45,20260920 140545,MB025,MB025,DIS,EARLY,EARLY
0122334329,20/09/26 14:05:53,20260920 140553,MB027,MB026,DIS,OPEN,OPEN
0232757537,20/09/26 14:05:57,20260920 140557,MB025,MB025,DIS,EARLY,EARLY
0232760232,20/09/26 14:06:01,20260920 140601,MB025,MB047,TRA,EARLY,EARLY
0232771717,20/09/26 14:06:08,20260920 140608,MB027,MA037,TRA,OPEN,OPEN
3876415967,20/09/26 14:06:09,20260920 140609,MB027,MB026,DIS,OPEN,OPEN
0232759867,20/09/26 14:06:17,20260920 140617,MB025,MC247,TRA,EARLY,EARLY
0232763940,20/09/26 14:06:24,20260920 140624,MA003,MC109,TRA,EARLY,EARLY
0232772220,20/09/26 14:06:28,20260920 140628,MB028,MB025,DIS,OPEN,OPEN
0122334339,20/09/26 14:06:28,20260920 140628,MB027,MC139,TRA,OPEN,OPEN
0232760300,20/09/26 14:06:28,20260920 140628,MA003,MB019,TRA,EARLY,EARLY
0232760087,20/09/26 14:06:33,20260920 140633,MB025,MB053,TRA,EARLY,EARLY
0232772281,20/09/26 14:06:37,20260920 140637,MA033,MA002,DIS,OPEN,OPEN
0232760267,20/09/26 14:06:41,20260920 140641,MB025,MB053,TRA,EARLY,EARLY
0232772200,20/09/26 14:06:45,20260920 140645,MA034,MA034,TRA,OPEN,OPEN
0232772270,20/09/26 14:06:45,20260920 140645,MA033,MA002,DIS,OPEN,OPEN
0122334336,20/09/26 14:06:45,20260920 140645,MA001,MC139,TRA,OPEN,OPEN
3781410465,20/09/26 14:06:53,20260920 140653,MB027,MB026,DIS,OPEN,OPEN
0232772381,20/09/26 14:06:53,20260920 140653,MB025,MB032,TRA,EARLY,EARLY
3731774913,20/09/26 14:06:57,20260920 140657,MB027,MC165,TRA,OPEN,OPEN
3784513256,20/09/26 14:06:57,20260920 140657,MB027,MB026,DIS,OPEN,OPEN
0232772253,20/09/26 14:06:57,20260920 140657,MA032,MA002,DIS,OPEN,OPEN
3731676044,20/09/26 14:07:05,20260920 140705,MB027,MB026,DIS,OPEN,OPEN
0232772373,20/09/26 14:07:09,20260920 140709,MB025,MA028,TRA,EARLY,EARLY
0232758860,20/09/26 14:07:09,20260920 140709,MB025,MB025,DIS,EARLY,EARLY
0122334342,20/09/26 14:07:13,20260920 140713,MB027,MC139,TRA,OPEN,OPEN
0232759711,20/09/26 14:07:25,20260920 140725,MA032,MA032,TRA,OPEN,OPEN
0232761597,20/09/26 14:07:29,20260920 140729,MA003,MB019,TRA,EARLY,EARLY
0232772371,20/09/26 14:07:29,20260920 140729,MB025,MB025,DIS,EARLY,EARLY
0232761056,20/09/26 14:07:36,20260920 140736,MA003,MB019,TRA,EARLY,EARLY
0232759720,20/09/26 14:07:41,20260920 140741,MA003,MB032,TRA,EARLY,EARLY
0232771813,20/09/26 14:07:45,20260920 140745,MB031,MB025,DIS,OPEN,OPEN
0232760325,20/09/26 14:07:48,20260920 140748,MB025,MB053,TRA,EARLY,EARLY
0232760232,20/09/26 14:08:01,20260920 140801,MB025,MB025,DIS,EARLY,EARLY
0232760346,20/09/26 14:08:04,20260920 140804,MB025,MB053,TRA,EARLY,EARLY
0232771717,20/09/26 14:08:08,20260920 140808,MB027,MB026,DIS,OPEN,OPEN
0232760456,20/09/26 14:08:13,20260920 140813,MB025,MB053,TRA,EARLY,EARLY
0232761061,20/09/26 14:08:22,20260920 140822,MA003,MB019,TRA,EARLY,EARLY
0232759867,20/09/26 14:08:22,20260920 140822,MB025,MB025,DIS,EARLY,EARLY
0122334356,20/09/26 14:08:25,20260920 140825,MA001,MC140,TRA,OPEN,OPEN
0232757391,20/09/26 14:08:25,20260920 140825,MB025,MB032,TRA,EARLY,EARLY
0232763940,20/09/26 14:08:25,20260920 140825,MA003,MA003,DIS,EARLY,EARLY
0232760296,20/09/26 14:08:29,20260920 140829,MA003,MB019,TRA,EARLY,EARLY
0122334339,20/09/26 14:08:36,20260920 140836,MB027,MB026,DIS,OPEN,OPEN
0232760087,20/09/26 14:08:41,20260920 140841,MB025,MB025,DIS,EARLY,EARLY
0232760300,20/09/26 14:08:41,20260920 140841,MA003,MA003,DIS,EARLY,EARLY
0232760303,20/09/26 14:08:49,20260920 140849,MB025,MB047,TRA,EARLY,EARLY
0232760267,20/09/26 14:08:49,20260920 140849,MB025,MB025,DIS,EARLY,EARLY
0232758942,20/09/26 14:08:57,20260920 140857,MB025,MB049,TRA,EARLY,EARLY
0122334336,20/09/26 14:08:57,20260920 140857,MA001,MA001,DIS,OPEN,OPEN
0232758960,20/09/26 14:09:01,20260920 140901,MB025,MB049,TRA,EARLY,EARLY
0232772381,20/09/26 14:09:01,20260920 140901,MB025,MB025,DIS,EARLY,EARLY
3731774913,20/09/26 14:09:05,20260920 140905,MB027,MB026,DIS,OPEN,OPEN
0779179363,20/09/26 14:09:09,20260920 140909,MC247,MC233,DIS,OPEN,OPEN
0232772373,20/09/26 14:09:13,20260920 140913,MB025,MB025,DIS,EARLY,EARLY
0232758980,20/09/26 14:09:17,20260920 140917,MB025,MB049,TRA,EARLY,EARLY
0122334342,20/09/26 14:09:17,20260920 140917,MB027,MB026,DIS,OPEN,OPEN
0232761597,20/09/26 14:09:29,20260920 140929,MA003,MA003,DIS,EARLY,EARLY
0232759720,20/09/26 14:09:40,20260920 140940,MA003,MA003,DIS,EARLY,EARLY
0232761056,20/09/26 14:09:49,20260920 140949,MA003,MA003,DIS,EARLY,EARLY
0232760325,20/09/26 14:09:56,20260920 140956,MB025,MB025,DIS,EARLY,EARLY
0232760346,20/09/26 14:10:05,20260920 141005,MB025,MB025,DIS,EARLY,EARLY
0779179415,20/09/26 14:10:09,20260920 141009,MC247,MC247,TRA,OPEN,OPEN
0232760456,20/09/26 14:10:12,20260920 141012,MB025,MB025,DIS,EARLY,EARLY
0232761061,20/09/26 14:10:16,20260920 141016,MA003,MA003,DIS,EARLY,EARLY
0232772200,20/09/26 14:10:25,20260920 141025,MA034,MA002,DIS,OPEN,OPEN
0122334356,20/09/26 14:10:25,20260920 141025,MA001,MA001,DIS,OPEN,OPEN
0232757391,20/09/26 14:10:32,20260920 141032,MB025,MB025,DIS,EARLY,EARLY
0232760296,20/09/26 14:10:41,20260920 141041,MA003,MA003,DIS,EARLY,EARLY
0232772048,20/09/26 14:10:45,20260920 141045,MB025,MB019,TRA,EARLY,EARLY
0232760303,20/09/26 14:10:53,20260920 141053,MB025,MB025,DIS,EARLY,EARLY
0232758942,20/09/26 14:10:57,20260920 141057,MB025,MB025,DIS,EARLY,EARLY
0232758960,20/09/26 14:11:00,20260920 141100,MB025,MB025,DIS,EARLY,EARLY
0232759711,20/09/26 14:11:04,20260920 141104,MA032,MA002,DIS,OPEN,OPEN
0122334344,20/09/26 14:11:09,20260920 141109,MA001,MC140,TRA,OPEN,OPEN
0232763776,20/09/26 14:11:09,20260920 141109,MA003,MC109,TRA,EARLY,EARLY
0232757411,20/09/26 14:11:21,20260920 141121,MB025,MB032,TRA,EARLY,EARLY
0232758980,20/09/26 14:11:21,20260920 141121,MB025,MB025,DIS,EARLY,EARLY
0232772409,20/09/26 14:11:44,20260920 141144,MA003,MB016,TRA,EARLY,EARLY
0232772048,20/09/26 14:12:45,20260920 141245,MB025,MB025,DIS,EARLY,EARLY
0122334344,20/09/26 14:13:05,20260920 141305,MA001,MA001,DIS,OPEN,OPEN
0232763776,20/09/26 14:13:21,20260920 141321,MA003,MA003,DIS,EARLY,EARLY
0232772412,20/09/26 14:13:21,20260920 141321,MA003,MB016,TRA,EARLY,EARLY
0232757411,20/09/26 14:13:25,20260920 141325,MB025,MB025,DIS,EARLY,EARLY
0232772409,20/09/26 14:13:41,20260920 141341,MA003,MA003,DIS,EARLY,EARLY
0232772585,20/09/26 14:13:49,20260920 141349,MB025,MA028,TRA,EARLY,EARLY
0232772309,20/09/26 14:14:01,20260920 141401,MB038,MB038,TRA,OPEN,OPEN
0232759549,20/09/26 14:14:09,20260920 141409,MB025,MC103,TRA,EARLY,EARLY
0232758463,20/09/26 14:14:09,20260920 141409,MB025,MB019,TRA,EARLY,EARLY
0232761127,20/09/26 14:14:17,20260920 141417,MB039,MB039,TRA,OPEN,OPEN
0232760246,20/09/26 14:14:24,20260920 141424,MB039,MB039,TRA,OPEN,OPEN
0232757129,20/09/26 14:14:37,20260920 141437,MB025,MB047,TRA,EARLY,EARLY
0232772551,20/09/26 14:14:44,20260920 141444,MB025,MB019,TRA,EARLY,EARLY
0232759848,20/09/26 14:14:44,20260920 141444,MA003,MB012,TRA,EARLY,EARLY
0232758601,20/09/26 14:14:53,20260920 141453,MA003,MC129,TRA,EARLY,EARLY
0232772650,20/09/26 14:14:53,20260920 141453,MB038,MB038,TRA,OPEN,OPEN
0232758518,20/09/26 14:14:57,20260920 141457,MA003,MA028,TRA,EARLY,EARLY
0232772676,20/09/26 14:14:57,20260920 141457,MB025,MA045,TRA,EARLY,EARLY
0232760455,20/09/26 14:15:05,20260920 141505,MB025,MA036,TRA,EARLY,EARLY
0232758544,20/09/26 14:15:13,20260920 141513,MA003,MA028,TRA,EARLY,EARLY
0232772665,20/09/26 14:15:13,20260920 141513,MB038,MB038,TRA,OPEN,OPEN
0232758627,20/09/26 14:15:24,20260920 141524,MA003,MC129,TRA,EARLY,EARLY
0232772412,20/09/26 14:15:33,20260920 141533,MA003,MA003,DIS,EARLY,EARLY
0232772654,20/09/26 14:15:33,20260920 141533,MB038,MB038,TRA,OPEN,OPEN
3784347662,20/09/26 14:15:37,20260920 141537,MB025,MC107,TRA,EARLY,EARLY
0232772703,20/09/26 14:15:41,20260920 141541,MB038,MB038,TRA,OPEN,OPEN
0779179415,20/09/26 14:15:44,20260920 141544,MC247,MC233,DIS,OPEN,OPEN
0232758941,20/09/26 14:15:48,20260920 141548,MB025,MC124,TRA,EARLY,EARLY
0232772585,20/09/26 14:15:48,20260920 141548,MB025,MB025,DIS,EARLY,EARLY
0232772776,20/09/26 14:15:57,20260920 141557,MB047,MB047,TRA,OPEN,OPEN
0232760286,20/09/26 14:15:57,20260920 141557,MA003,MB012,TRA,EARLY,EARLY
0232758947,20/09/26 14:16:05,20260920 141605,MB025,MC124,TRA,EARLY,EARLY
0232759549,20/09/26 14:16:12,20260920 141612,MB025,MB025,DIS,EARLY,EARLY
0232758463,20/09/26 14:16:16,20260920 141616,MB025,MB025,DIS,EARLY,EARLY
0232772780,20/09/26 14:16:17,20260920 141617,MA042,MA042,TRA,OPEN,OPEN
0232757129,20/09/26 14:16:36,20260920 141636,MB025,MB025,DIS,OPEN,OPEN
0232759848,20/09/26 14:16:45,20260920 141645,MA003,MA003,DIS,EARLY,EARLY
0232758601,20/09/26 14:16:53,20260920 141653,MA003,MA003,DIS,EARLY,EARLY
0232772551,20/09/26 14:16:53,20260920 141653,MB025,MB025,DIS,EARLY,EARLY
0232772788,20/09/26 14:16:57,20260920 141657,MB038,MB038,TRA,OPEN,OPEN
0232772676,20/09/26 14:16:57,20260920 141657,MB025,MB025,DIS,EARLY,EARLY
0232760455,20/09/26 14:17:04,20260920 141704,MB025,MB025,DIS,EARLY,EARLY
0232758518,20/09/26 14:17:08,20260920 141708,MA003,MA003,DIS,EARLY,EARLY
0232772733,20/09/26 14:17:08,20260920 141708,MB038,MB038,TRA,OPEN,OPEN
0232760415,20/09/26 14:17:13,20260920 141713,MB025,MA036,TRA,EARLY,EARLY
0232758544,20/09/26 14:17:24,20260920 141724,MA003,MA003,DIS,EARLY,EARLY
0232758627,20/09/26 14:17:25,20260920 141725,MA003,MA003,DIS,EARLY,EARLY
0232772758,20/09/26 14:17:25,20260920 141725,MB038,MB038,TRA,OPEN,OPEN
0232772822,20/09/26 14:17:33,20260920 141733,MB038,MB038,TRA,OPEN,OPEN
0232772857,20/09/26 14:17:36,20260920 141736,MB025,MC146,TRA,EARLY,EARLY
0232772309,20/09/26 14:17:36,20260920 141736,MB038,MB025,DIS,OPEN,OPEN
3784347662,20/09/26 14:17:45,20260920 141745,MB025,MB025,DIS,EARLY,EARLY
0232772555,20/09/26 14:17:49,20260920 141749,MB025,MB019,TRA,EARLY,EARLY
0232758941,20/09/26 14:17:53,20260920 141753,MB025,MB025,DIS,EARLY,EARLY
0232772776,20/09/26 14:17:56,20260920 141756,MB047,MB025,DIS,OPEN,OPEN
0232760246,20/09/26 14:18:05,20260920 141805,MB039,MB025,DIS,OPEN,OPEN
0232761127,20/09/26 14:18:05,20260920 141805,MB039,MB025,DIS,OPEN,OPEN
0232758947,20/09/26 14:18:09,20260920 141809,MB025,MB025,DIS,EARLY,EARLY
0232760286,20/09/26 14:18:09,20260920 141809,MA003,MA003,DIS,EARLY,EARLY
0232772759,20/09/26 14:18:09,20260920 141809,MB038,MB038,TRA,OPEN,OPEN
0232772780,20/09/26 14:18:17,20260920 141817,MA042,MA003,DIS,OPEN,OPEN
0232761146,20/09/26 14:18:21,20260920 141821,MB038,MB038,TRA,OPEN,OPEN
0232772650,20/09/26 14:18:32,20260920 141832,MB038,MB025,DIS,OPEN,OPEN
3784233705,20/09/26 14:18:41,20260920 141841,MB025,MC107,TRA,EARLY,EARLY
0232772665,20/09/26 14:18:49,20260920 141849,MB038,MB025,DIS,OPEN,OPEN
0232759145,20/09/26 14:18:56,20260920 141856,MB025,MC124,TRA,EARLY,EARLY
0232772654,20/09/26 14:19:09,20260920 141909,MB038,MB025,DIS,OPEN,OPEN
0232772703,20/09/26 14:19:16,20260920 141916,MB038,MB025,DIS,OPEN,OPEN
0232760415,20/09/26 14:19:20,20260920 141920,MB025,MB025,DIS,EARLY,EARLY
0232772857,20/09/26 14:19:44,20260920 141944,MB025,MB025,DIS,EARLY,EARLY
0232772555,20/09/26 14:19:49,20260920 141949,MB025,MB025,DIS,EARLY,EARLY
0232772902,20/09/26 14:19:57,20260920 141957,MB039,MB039,TRA,OPEN,OPEN
0232772851,20/09/26 14:20:33,20260920 142033,MB039,MB039,TRA,OPEN,OPEN
0232772788,20/09/26 14:20:33,20260920 142033,MB038,MB025,DIS,OPEN,OPEN
3784233705,20/09/26 14:20:41,20260920 142041,MB025,MB025,DIS,EARLY,EARLY
0232772733,20/09/26 14:20:41,20260920 142041,MB038,MB025,DIS,OPEN,OPEN
0232770859,20/09/26 14:20:41,20260920 142041,MB025,MB028,TRA,EARLY,EARLY
0232759145,20/09/26 14:21:05,20260920 142105,MB025,MB025,DIS,EARLY,EARLY
0232772822,20/09/26 14:21:09,20260920 142109,MB038,MB025,DIS,OPEN,OPEN
0232772899,20/09/26 14:21:09,20260920 142109,MB039,MB039,TRA,OPEN,OPEN
0232772758,20/09/26 14:21:09,20260920 142109,MB038,MB025,DIS,OPEN,OPEN
0122334428,20/09/26 14:21:29,20260920 142129,MB027,MC139,TRA,OPEN,OPEN
0232772759,20/09/26 14:21:44,20260920 142144,MB038,MB025,DIS,OPEN,OPEN
0232761146,20/09/26 14:21:57,20260920 142157,MB038,MB025,DIS,OPEN,OPEN
0232760489,20/09/26 14:22:05,20260920 142205,MB025,MB012,TRA,EARLY,EARLY
0232772743,20/09/26 14:22:05,20260920 142205,MB027,MA045,TRA,OPEN,OPEN
0232772939,20/09/26 14:22:16,20260920 142216,MB042,MB042,TRA,OPEN,OPEN
0232770859,20/09/26 14:22:40,20260920 142240,MB025,MB025,DIS,EARLY,EARLY
0122334428,20/09/26 14:23:29,20260920 142329,MB027,MB026,DIS,OPEN,OPEN
0232772963,20/09/26 14:23:37,20260920 142337,MB025,MB049,TRA,EARLY,EARLY
0232772902,20/09/26 14:23:41,20260920 142341,MB039,MB025,DIS,OPEN,OPEN
0232773003,20/09/26 14:23:57,20260920 142357,MB033,MB033,TRA,OPEN,OPEN
3784707129,20/09/26 14:24:01,20260920 142401,MB025,MC107,TRA,EARLY,EARLY
0232772981,20/09/26 14:24:01,20260920 142401,MB033,MB033,TRA,OPEN,OPEN
0232772819,20/09/26 14:24:05,20260920 142405,MB039,MB039,TRA,OPEN,OPEN
0232760489,20/09/26 14:24:05,20260920 142405,MB025,MB025,DIS,EARLY,EARLY
0232772851,20/09/26 14:24:09,20260920 142409,MB039,MB025,DIS,OPEN,OPEN
0232773041,20/09/26 14:24:12,20260920 142412,MB034,MB034,TRA,OPEN,OPEN
0232772743,20/09/26 14:24:12,20260920 142412,MB027,MB025,DIS,OPEN,OPEN
0232773040,20/09/26 14:24:20,20260920 142420,MB035,MB035,TRA,OPEN,OPEN
0232758765,20/09/26 14:24:25,20260920 142425,MB045,MB045,TRA,OPEN,OPEN
0232772899,20/09/26 14:24:40,20260920 142440,MB039,MB025,DIS,OPEN,OPEN
0232772961,20/09/26 14:24:44,20260920 142444,MB025,MB049,TRA,EARLY,EARLY
0232760950,20/09/26 14:24:53,20260920 142453,MA003,MB019,TRA,EARLY,EARLY
0232760955,20/09/26 14:24:57,20260920 142457,MA003,MB019,TRA,EARLY,EARLY
0232761892,20/09/26 14:25:48,20260920 142548,MA003,MB053,TRA,EARLY,EARLY
0618293212,20/09/26 14:25:57,20260920 142557,MA003,MB008,TRA,EARLY,EARLY
0122334474,20/09/26 14:26:32,20260920 142632,MA001,MC139,TRA,OPEN,OPEN
0232760950,20/09/26 14:26:52,20260920 142652,MA003,MA003,DIS,EARLY,EARLY
0232772963,20/09/26 14:26:53,20260920 142653,MB025,MB025,DIS,EARLY,EARLY
0232760955,20/09/26 14:27:05,20260920 142705,MA003,MA003,DIS,EARLY,EARLY
0232772961,20/09/26 14:27:12,20260920 142712,MB025,MB025,DIS,EARLY,EARLY
0232761892,20/09/26 14:27:49,20260920 142749,MA003,MA003,DIS,EARLY,EARLY
0232772939,20/09/26 14:28:05,20260920 142805,MB042,MB025,DIS,OPEN,OPEN
0232773003,20/09/26 14:28:05,20260920 142805,MB033,MB025,DIS,OPEN,OPEN
3784707129,20/09/26 14:28:09,20260920 142809,MB027,MB025,DIS,OPEN,OPEN
0618293212,20/09/26 14:28:09,20260920 142809,MA003,MA003,DIS,EARLY,EARLY
0232772981,20/09/26 14:28:12,20260920 142812,MB033,MB025,DIS,OPEN,OPEN
0232772819,20/09/26 14:28:12,20260920 142812,MB039,MB025,DIS,OPEN,OPEN
0232773041,20/09/26 14:28:17,20260920 142817,MB034,MB025,DIS,OPEN,OPEN
0232772885,20/09/26 14:28:25,20260920 142825,MB038,MB038,TRA,OPEN,OPEN
0232773040,20/09/26 14:28:29,20260920 142829,MB035,MB025,DIS,OPEN,OPEN
0779179518,20/09/26 14:28:29,20260920 142829,MC247,MC247,TRA,OPEN,OPEN
0122334474,20/09/26 14:28:29,20260920 142829,MA001,MA001,DIS,OPEN,OPEN
0232758765,20/09/26 14:28:32,20260920 142832,MB045,MB025,DIS,OPEN,OPEN
0232772885,20/09/26 14:32:01,20260920 143201,MB038,MB025,DIS,OPEN,OPEN
0779179543,20/09/26 14:33:18,20260920 143318,MC247,MC247,TRA,OPEN,OPEN
0779179518,20/09/26 14:33:49,20260920 143349,MC247,MC233,DIS,OPEN,OPEN
0065382991,20/09/26 14:37:56,20260920 143756,MA009,MA009,TRA,OPEN,OPEN
0779179543,20/09/26 14:38:50,20260920 143850,MC247,MC233,DIS,OPEN,OPEN
0779179578,20/09/26 14:39:50,20260920 143950,MC247,MC247,TRA,OPEN,OPEN
0065382991,20/09/26 14:41:29,20260920 144129,MA009,MA002,DIS,OPEN,OPEN
0779179599,20/09/26 14:44:41,20260920 144441,MC246,MC246,TRA,OPEN,OPEN
0779179578,20/09/26 14:45:22,20260920 144522,MC247,MC233,DIS,OPEN,OPEN
0232773437,20/09/26 14:45:57,20260920 144557,MB025,MB053,TRA,EARLY,EARLY
0232773698,20/09/26 14:46:12,20260920 144612,MB025,MB053,TRA,EARLY,EARLY
0232773437,20/09/26 14:47:56,20260920 144756,MB025,MB025,DIS,EARLY,EARLY
0779179601,20/09/26 14:48:17,20260920 144817,MC247,MC247,TRA,OPEN,OPEN
0232773698,20/09/26 14:48:21,20260920 144821,MB025,MB025,DIS,EARLY,EARLY
0779179599,20/09/26 14:50:06,20260920 145006,MC246,MC233,DIS,OPEN,OPEN
0232761572,20/09/26 14:52:32,20260920 145232,MA034,MA034,TRA,OPEN,OPEN
0779179601,20/09/26 14:53:38,20260920 145338,MC247,MC233,DIS,OPEN,OPEN
0232768481,20/09/26 14:55:20,20260920 145520,MB014,MB014,TRA,OPEN,OPEN
0232761572,20/09/26 14:56:04,20260920 145604,MA034,MA002,DIS,OPEN,OPEN
0232748238,20/09/26 14:58:01,20260920 145801,MC235,MC241,TRA,EARLY,EARLY
0232748508,20/09/26 14:58:26,20260920 145826,MC235,MC101,TRA,EARLY,EARLY
0618295787,20/09/26 14:58:37,20260920 145837,MA003,MB007,TRA,EARLY,EARLY
0232749153,20/09/26 14:58:37,20260920 145837,MC235,MC163,TRA,EARLY,EARLY
0232748823,20/09/26 14:58:45,20260920 145845,MC235,MB012,TRA,EARLY,EARLY
0816466723,20/09/26 14:58:53,20260920 145853,MA003,MA005,TRA,EARLY,EARLY
0232748129,20/09/26 14:58:54,20260920 145854,MC235,MA048,TRA,EARLY,EARLY
0232768481,20/09/26 14:58:56,20260920 145856,MB014,MB025,DIS,OPEN,OPEN
0232748487,20/09/26 14:58:58,20260920 145858,MC235,MC103,TRA,EARLY,EARLY
0618295788,20/09/26 14:59:01,20260920 145901,MA003,MB007,TRA,EARLY,EARLY
0232748595,20/09/26 14:59:06,20260920 145906,MC235,MB012,TRA,EARLY,EARLY
8816941829,20/09/26 14:59:08,20260920 145908,MA003,MB054,TRA,EARLY,EARLY
0232748158,20/09/26 14:59:13,20260920 145913,MC235,MA048,TRA,EARLY,EARLY
0232748597,20/09/26 14:59:21,20260920 145921,MC235,MB012,TRA,EARLY,EARLY
0232748926,20/09/26 14:59:37,20260920 145937,MC235,MA048,TRA,EARLY,EARLY
0232748238,20/09/26 14:59:38,20260920 145938,MC235,MC235,DIS,EARLY,EARLY
0232748983,20/09/26 14:59:42,20260920 145942,MC235,MA048,TRA,EARLY,EARLY
0232748269,20/09/26 14:59:58,20260920 145958,MC235,MC131,TRA,EARLY,EARLY
0232748508,20/09/26 15:00:02,20260920 150002,MC235,MC235,DIS,EARLY,EARLY
0232748108,20/09/26 15:00:06,20260920 150006,MC235,MA048,TRA,EARLY,EARLY
0232748245,20/09/26 15:00:17,20260920 150017,MC235,MC131,TRA,EARLY,EARLY
0232749153,20/09/26 15:00:17,20260920 150017,MC235,MC235,DIS,EARLY,EARLY
0232748823,20/09/26 15:00:21,20260920 150021,MC235,MC235,DIS,EARLY,EARLY
0232748129,20/09/26 15:00:30,20260920 150030,MC235,MC235,DIS,EARLY,EARLY
0232748139,20/09/26 15:00:34,20260920 150034,MC235,MA048,TRA,EARLY,EARLY
0232748487,20/09/26 15:00:34,20260920 150034,MC235,MC235,DIS,EARLY,EARLY
0618295787,20/09/26 15:00:37,20260920 150037,MA003,MA003,DIS,EARLY,EARLY
0232749002,20/09/26 15:00:38,20260920 150038,MC235,MA048,TRA,EARLY,EARLY
0232748595,20/09/26 15:00:42,20260920 150042,MC235,MC235,DIS,EARLY,EARLY
0232748387,20/09/26 15:00:46,20260920 150046,MC235,MA048,TRA,EARLY,EARLY
0232748230,20/09/26 15:00:50,20260920 150050,MC235,MC131,TRA,EARLY,EARLY
0232748158,20/09/26 15:00:50,20260920 150050,MC235,MC235,DIS,EARLY,EARLY
0816466723,20/09/26 15:00:53,20260920 150053,MA003,MA003,DIS,EARLY,EARLY
0232748921,20/09/26 15:00:53,20260920 150053,MC235,MB012,TRA,EARLY,EARLY
0232749046,20/09/26 15:00:57,20260920 150057,MC235,MA048,TRA,EARLY,EARLY
0232748597,20/09/26 15:00:57,20260920 150057,MC235,MC235,DIS,EARLY,EARLY
0232748367,20/09/26 15:01:01,20260920 150101,MC235,MB012,TRA,EARLY,EARLY
0232774283,20/09/26 15:01:01,20260920 150101,MA003,MB012,TRA,EARLY,EARLY
0232749192,20/09/26 15:01:05,20260920 150105,MC235,MB012,TRA,EARLY,EARLY
0232748780,20/09/26 15:01:09,20260920 150109,MC235,MB012,TRA,EARLY,EARLY
0618295788,20/09/26 15:01:12,20260920 150112,MA003,MA003,DIS,EARLY,EARLY
0232748926,20/09/26 15:01:13,20260920 150113,MC235,MC235,DIS,EARLY,EARLY
0232748983,20/09/26 15:01:17,20260920 150117,MC235,MC235,DIS,EARLY,EARLY
8816941829,20/09/26 15:01:20,20260920 150120,MA003,MA003,DIS,EARLY,EARLY
0232748305,20/09/26 15:01:30,20260920 150130,MC235,MB012,TRA,EARLY,EARLY
0232748250,20/09/26 15:01:34,20260920 150134,MC235,MA048,TRA,EARLY,EARLY
0232748269,20/09/26 15:01:37,20260920 150137,MC235,MC235,DIS,EARLY,EARLY
0232748108,20/09/26 15:01:41,20260920 150141,MC235,MC235,DIS,EARLY,EARLY
0232748388,20/09/26 15:01:45,20260920 150145,MC235,MA048,TRA,EARLY,EARLY
0232748245,20/09/26 15:01:54,20260920 150154,MC235,MC235,DIS,EARLY,EARLY
0232748391,20/09/26 15:01:54,20260920 150154,MC235,MA048,TRA,EARLY,EARLY
0232758789,20/09/26 15:02:01,20260920 150201,MA003,MB032,TRA,EARLY,EARLY
0232748139,20/09/26 15:02:10,20260920 150210,MC235,MC235,DIS,EARLY,EARLY
0232748355,20/09/26 15:02:10,20260920 150210,MC235,MA036,TRA,EARLY,EARLY
0232749002,20/09/26 15:02:13,20260920 150213,MC235,MC235,DIS,EARLY,EARLY
0232748240,20/09/26 15:02:17,20260920 150217,MC235,MA048,TRA,EARLY,EARLY
0232762519,20/09/26 15:02:17,20260920 150217,MA003,MB050,TRA,EARLY,EARLY
0232748387,20/09/26 15:02:21,20260920 150221,MC235,MC235,DIS,EARLY,EARLY
0232748230,20/09/26 15:02:25,20260920 150225,MC235,MC235,DIS,EARLY,EARLY
0232748241,20/09/26 15:02:30,20260920 150230,MC235,MC241,TRA,EARLY,EARLY
0232748921,20/09/26 15:02:30,20260920 150230,MC235,MC235,DIS,EARLY,EARLY
0232749046,20/09/26 15:02:34,20260920 150234,MC235,MC235,DIS,EARLY,EARLY
0232748331,20/09/26 15:02:38,20260920 150238,MC235,MA033,TRA,EARLY,EARLY
0232748367,20/09/26 15:02:38,20260920 150238,MC235,MC235,DIS,EARLY,EARLY
0232749192,20/09/26 15:02:42,20260920 150242,MC235,MC235,DIS,EARLY,EARLY
0232748771,20/09/26 15:02:42,20260920 150242,MC235,MB012,TRA,EARLY,EARLY
0232748941,20/09/26 15:02:45,20260920 150245,MC235,MA048,TRA,EARLY,EARLY
0232748219,20/09/26 15:02:49,20260920 150249,MC235,MC241,TRA,EARLY,EARLY
0232748780,20/09/26 15:02:49,20260920 150249,MC235,MC235,DIS,EARLY,EARLY
0232748373,20/09/26 15:02:57,20260920 150257,MC235,MA036,TRA,EARLY,EARLY
0232774283,20/09/26 15:03:01,20260920 150301,MA003,MA003,DIS,EARLY,EARLY
0232748305,20/09/26 15:03:06,20260920 150306,MC235,MC235,DIS,EARLY,EARLY
0232749058,20/09/26 15:03:06,20260920 150306,MC235,MB012,TRA,EARLY,EARLY
0232748651,20/09/26 15:03:10,20260920 150310,MC235,MB012,TRA,EARLY,EARLY
0232748250,20/09/26 15:03:14,20260920 150314,MC235,MC235,DIS,EARLY,EARLY
0232748669,20/09/26 15:03:14,20260920 150314,MC235,MC103,TRA,EARLY,EARLY
0232760032,20/09/26 15:03:16,20260920 150316,MA003,MC124,TRA,EARLY,EARLY
0232748334,20/09/26 15:03:33,20260920 150333,MC235,MA033,TRA,EARLY,EARLY
0232748391,20/09/26 15:03:33,20260920 150333,MC235,MC235,DIS,EARLY,EARLY
0232748228,20/09/26 15:03:38,20260920 150338,MC235,MC241,TRA,EARLY,EARLY
0232764363,20/09/26 15:03:41,20260920 150341,MA003,MB053,TRA,EARLY,EARLY
0232748662,20/09/26 15:03:46,20260920 150346,MC235,MB012,TRA,EARLY,EARLY
0232748355,20/09/26 15:03:50,20260920 150350,MC235,MC235,DIS,EARLY,EARLY
0232748240,20/09/26 15:03:53,20260920 150353,MC235,MC235,DIS,EARLY,EARLY
0232747964,20/09/26 15:03:57,20260920 150357,MC235,MA048,TRA,EARLY,EARLY
0232763453,20/09/26 15:04:00,20260920 150400,MA003,MC123,TRA,EARLY,EARLY
0232748135,20/09/26 15:04:05,20260920 150405,MC235,MA048,TRA,EARLY,EARLY
0232748241,20/09/26 15:04:05,20260920 150405,MC235,MC235,DIS,EARLY,EARLY
0232749690,20/09/26 15:04:09,20260920 150409,MC235,MA048,TRA,EARLY,EARLY
0232758789,20/09/26 15:04:13,20260920 150413,MA003,MA003,DIS,EARLY,EARLY
0232748331,20/09/26 15:04:13,20260920 150413,MC235,MC235,DIS,EARLY,EARLY
0232748771,20/09/26 15:04:17,20260920 150417,MC235,MC235,DIS,EARLY,EARLY
0232774027,20/09/26 15:04:17,20260920 150417,MB025,MB048,TRA,EARLY,EARLY
0232774055,20/09/26 15:04:17,20260920 150417,MB025,MB048,TRA,EARLY,EARLY
0232748112,20/09/26 15:04:17,20260920 150417,MC235,MB048,TRA,EARLY,EARLY
0232762519,20/09/26 15:04:17,20260920 150417,MA003,MA003,DIS,EARLY,EARLY
0232748847,20/09/26 15:04:22,20260920 150422,MC235,MB012,TRA,EARLY,EARLY
0232748941,20/09/26 15:04:22,20260920 150422,MC235,MC235,DIS,EARLY,EARLY
0232774092,20/09/26 15:04:25,20260920 150425,MB025,MB048,TRA,EARLY,EARLY
0232774299,20/09/26 15:04:25,20260920 150425,MA003,MA014,TRA,EARLY,EARLY
0232749344,20/09/26 15:04:26,20260920 150426,MC235,MA048,TRA,EARLY,EARLY
0232748219,20/09/26 15:04:26,20260920 150426,MC235,MC235,DIS,EARLY,EARLY
0232749669,20/09/26 15:04:30,20260920 150430,MC235,MA048,TRA,EARLY,EARLY
0232748996,20/09/26 15:04:37,20260920 150437,MC235,MA048,TRA,EARLY,EARLY
0232748373,20/09/26 15:04:37,20260920 150437,MC235,MC235,DIS,EARLY,EARLY
0232774178,20/09/26 15:04:41,20260920 150441,MB025,MB040,TRA,EARLY,EARLY
0232749058,20/09/26 15:04:41,20260920 150441,MC235,MC235,DIS,EARLY,EARLY
0618296232,20/09/26 15:04:45,20260920 150445,MA003,MB007,TRA,EARLY,EARLY
0232748651,20/09/26 15:04:45,20260920 150445,MC235,MC235,DIS,EARLY,EARLY
0232774229,20/09/26 15:04:45,20260920 150445,MB025,MC123,TRA,EARLY,EARLY
0232748669,20/09/26 15:04:49,20260920 150449,MC235,MC235,DIS,EARLY,EARLY
0232749271,20/09/26 15:04:49,20260920 150449,MC235,MC103,TRA,EARLY,EARLY
0232748918,20/09/26 15:04:54,20260920 150454,MC235,MB012,TRA,EARLY,EARLY
0232749679,20/09/26 15:05:02,20260920 150502,MC235,MA048,TRA,EARLY,EARLY
0232748388,20/09/26 15:05:02,20260920 150502,MC235,MC235,DIS,EARLY,EARLY
0232748334,20/09/26 15:05:10,20260920 150510,MC235,MC235,DIS,EARLY,EARLY
0232760032,20/09/26 15:05:13,20260920 150513,MA003,MA003,DIS,EARLY,EARLY
0232748020,20/09/26 15:05:14,20260920 150514,MC235,MB028,TRA,EARLY,EARLY
0232749446,20/09/26 15:05:14,20260920 150514,MC235,MA044,TRA,EARLY,EARLY
0232748228,20/09/26 15:05:14,20260920 150514,MC235,MC235,DIS,EARLY,EARLY
0232774020,20/09/26 15:05:20,20260920 150520,MB025,MB028,TRA,EARLY,EARLY
0232748662,20/09/26 15:05:21,20260920 150521,MC235,MC235,DIS,EARLY,EARLY
0232774258,20/09/26 15:05:29,20260920 150529,MB052,MB052,TRA,OPEN,OPEN
0232748111,20/09/26 15:05:29,20260920 150529,MC235,MA048,TRA,EARLY,EARLY
0232774263,20/09/26 15:05:33,20260920 150533,MB025,MC131,TRA,EARLY,EARLY
0232747964,20/09/26 15:05:34,20260920 150534,MC235,MC235,DIS,EARLY,EARLY
0232748003,20/09/26 15:05:34,20260920 150534,MC235,MB028,TRA,EARLY,EARLY
0232748135,20/09/26 15:05:41,20260920 150541,MC235,MC235,DIS,EARLY,EARLY
0232764357,20/09/26 15:05:41,20260920 150541,MA001,MB053,TRA,OPEN,OPEN
0232748116,20/09/26 15:05:41,20260920 150541,MC235,MA048,TRA,EARLY,EARLY
0232764352,20/09/26 15:05:41,20260920 150541,MA001,MB053,TRA,OPEN,OPEN
0232749690,20/09/26 15:05:45,20260920 150545,MC235,MC235,DIS,EARLY,EARLY
0232748862,20/09/26 15:05:45,20260920 150545,MC235,MA048,TRA,EARLY,EARLY
0232774226,20/09/26 15:05:48,20260920 150548,MB025,MC123,TRA,EARLY,EARLY
0232764363,20/09/26 15:05:52,20260920 150552,MA003,MA003,DIS,OPEN,OPEN
0232762604,20/09/26 15:05:52,20260920 150552,MA003,MA033,TRA,EARLY,EARLY
0232748766,20/09/26 15:05:53,20260920 150553,MC235,MB012,TRA,EARLY,EARLY
0232748112,20/09/26 15:05:53,20260920 150553,MC235,MC235,DIS,EARLY,EARLY
0232772809,20/09/26 15:05:57,20260920 150557,MB025,MA029,TRA,EARLY,EARLY
0232748847,20/09/26 15:05:57,20260920 150557,MC235,MC235,DIS,EARLY,EARLY
0232774199,20/09/26 15:06:01,20260920 150601,MB025,MB040,TRA,EARLY,EARLY
0232749344,20/09/26 15:06:02,20260920 150602,MC235,MC235,DIS,EARLY,EARLY
0232749683,20/09/26 15:06:06,20260920 150606,MC235,MA048,TRA,EARLY,EARLY
0232749669,20/09/26 15:06:10,20260920 150610,MC235,MC235,DIS,EARLY,EARLY
0232763453,20/09/26 15:06:13,20260920 150613,MA003,MA003,DIS,EARLY,EARLY
0232748996,20/09/26 15:06:14,20260920 150614,MC235,MC235,DIS,EARLY,EARLY
0232748702,20/09/26 15:06:14,20260920 150614,MC235,MC103,TRA,EARLY,EARLY
0232774027,20/09/26 15:06:16,20260920 150616,MB025,MB025,DIS,EARLY,EARLY
0232774055,20/09/26 15:06:21,20260920 150621,MB025,MB025,DIS,EARLY,EARLY
0232774092,20/09/26 15:06:25,20260920 150625,MB025,MB025,DIS,EARLY,EARLY
0232749447,20/09/26 15:06:25,20260920 150625,MC235,MA044,TRA,EARLY,EARLY
0232749271,20/09/26 15:06:25,20260920 150625,MC235,MC235,DIS,EARLY,EARLY
0232774299,20/09/26 15:06:25,20260920 150625,MA003,MA003,DIS,EARLY,EARLY
0232748918,20/09/26 15:06:29,20260920 150629,MC235,MC235,DIS,EARLY,EARLY
0232748745,20/09/26 15:06:33,20260920 150633,MC235,MC103,TRA,EARLY,EARLY
0232760384,20/09/26 15:06:40,20260920 150640,MA003,MC202,TRA,EARLY,EARLY
0232749679,20/09/26 15:06:41,20260920 150641,MC235,MC235,DIS,EARLY,EARLY
0232774229,20/09/26 15:06:45,20260920 150645,MB025,MB025,DIS,EARLY,EARLY
0232774178,20/09/26 15:06:45,20260920 150645,MB025,MB025,DIS,EARLY,EARLY
0232749446,20/09/26 15:06:49,20260920 150649,MC235,MC235,DIS,EARLY,EARLY
0232748020,20/09/26 15:06:53,20260920 150653,MC235,MC235,DIS,EARLY,EARLY
0232762253,20/09/26 15:06:58,20260920 150658,MA003,MC124,TRA,EARLY,EARLY
0618296232,20/09/26 15:06:58,20260920 150658,MA003,MA003,DIS,EARLY,EARLY
0232749670,20/09/26 15:07:02,20260920 150702,MC235,MA048,TRA,EARLY,EARLY
0232748111,20/09/26 15:07:06,20260920 150706,MC235,MC235,DIS,EARLY,EARLY
0232748003,20/09/26 15:07:10,20260920 150710,MC235,MC235,DIS,EARLY,EARLY
0232748116,20/09/26 15:07:18,20260920 150718,MC235,MC235,DIS,EARLY,EARLY
0232774020,20/09/26 15:07:21,20260920 150721,MB025,MB025,DIS,EARLY,EARLY
0232748862,20/09/26 15:07:22,20260920 150722,MC235,MC235,DIS,EARLY,EARLY
0232748021,20/09/26 15:07:22,20260920 150722,MC235,MB012,TRA,EARLY,EARLY
0232748015,20/09/26 15:07:25,20260920 150725,MC235,MB012,TRA,EARLY,EARLY
0232774258,20/09/26 15:07:28,20260920 150728,MB052,MB025,DIS,OPEN,OPEN
0232748064,20/09/26 15:07:29,20260920 150729,MC235,MC103,TRA,EARLY,EARLY
0232748766,20/09/26 15:07:33,20260920 150733,MC235,MC235,DIS,EARLY,EARLY
0232774263,20/09/26 15:07:33,20260920 150733,MB025,MB025,DIS,EARLY,EARLY
0232748791,20/09/26 15:07:33,20260920 150733,MC235,MB012,TRA,EARLY,EARLY
0232764352,20/09/26 15:07:41,20260920 150741,MA001,MA003,DIS,OPEN,OPEN
0232749683,20/09/26 15:07:41,20260920 150741,MC235,MC235,DIS,EARLY,EARLY
0232763204,20/09/26 15:07:44,20260920 150744,MA003,MC123,TRA,EARLY,EARLY
0232748120,20/09/26 15:07:45,20260920 150745,MC235,MA048,TRA,EARLY,EARLY
0232748025,20/09/26 15:07:45,20260920 150745,MC235,MB012,TRA,EARLY,EARLY
0232764357,20/09/26 15:07:53,20260920 150753,MA001,MA003,DIS,OPEN,OPEN
0232760041,20/09/26 15:07:53,20260920 150753,MA003,MC124,TRA,EARLY,EARLY
0232748702,20/09/26 15:07:54,20260920 150754,MC235,MC235,DIS,EARLY,EARLY
0232772809,20/09/26 15:07:57,20260920 150757,MB025,MB025,DIS,EARLY,EARLY
0232774226,20/09/26 15:07:57,20260920 150757,MB025,MB025,DIS,EARLY,EARLY
0232774199,20/09/26 15:08:01,20260920 150801,MB025,MB025,DIS,EARLY,EARLY
0232748824,20/09/26 15:08:02,20260920 150802,MC235,MC103,TRA,EARLY,EARLY
0232749447,20/09/26 15:08:02,20260920 150802,MC235,MC235,DIS,EARLY,EARLY
0232762604,20/09/26 15:08:05,20260920 150805,MA003,MA003,DIS,EARLY,EARLY
0232762524,20/09/26 15:08:05,20260920 150805,MA003,MB050,TRA,EARLY,EARLY
0232748038,20/09/26 15:08:06,20260920 150806,MC235,MB028,TRA,EARLY,EARLY
0232748745,20/09/26 15:08:10,20260920 150810,MC235,MC235,DIS,EARLY,EARLY
0232748107,20/09/26 15:08:29,20260920 150829,MC235,MA048,TRA,EARLY,EARLY
0232761613,20/09/26 15:08:33,20260920 150833,MA003,MB032,TRA,EARLY,EARLY
0232749670,20/09/26 15:08:37,20260920 150837,MC235,MC235,DIS,EARLY,EARLY
0232760384,20/09/26 15:08:37,20260920 150837,MA003,MA003,DIS,EARLY,EARLY
0232774386,20/09/26 15:08:53,20260920 150853,MB025,MC131,TRA,EARLY,EARLY
0232762253,20/09/26 15:08:53,20260920 150853,MA003,MA003,DIS,EARLY,EARLY
0232763965,20/09/26 15:08:57,20260920 150857,MA003,MB012,TRA,EARLY,EARLY
0232748086,20/09/26 15:08:58,20260920 150858,MC235,MA048,TRA,EARLY,EARLY
0232748021,20/09/26 15:08:58,20260920 150858,MC235,MC235,DIS,EARLY,EARLY
0065384113,20/09/26 15:09:01,20260920 150901,MA010,MA010,TRA,OPEN,OPEN
0232748015,20/09/26 15:09:05,20260920 150905,MC235,MC235,DIS,EARLY,EARLY
0232748064,20/09/26 15:09:07,20260920 150907,MC235,MC235,DIS,EARLY,EARLY
0232748091,20/09/26 15:09:10,20260920 150910,MC235,MC103,TRA,EARLY,EARLY
0232748791,20/09/26 15:09:13,20260920 150913,MC235,MC235,DIS,EARLY,EARLY
0232748097,20/09/26 15:09:22,20260920 150922,MC235,MA048,TRA,EARLY,EARLY
0232748025,20/09/26 15:09:22,20260920 150922,MC235,MC235,DIS,EARLY,EARLY
0232748120,20/09/26 15:09:26,20260920 150926,MC235,MC235,DIS,EARLY,EARLY
0232774481,20/09/26 15:09:29,20260920 150929,MA003,MA048,TRA,EARLY,EARLY
0232748027,20/09/26 15:09:33,20260920 150933,MC235,MB012,TRA,EARLY,EARLY
0232748824,20/09/26 15:09:37,20260920 150937,MC235,MC235,DIS,EARLY,EARLY
0232747961,20/09/26 15:09:41,20260920 150941,MC235,MA048,TRA,EARLY,EARLY
0232774495,20/09/26 15:09:41,20260920 150941,MA003,MA048,TRA,EARLY,EARLY
0232747868,20/09/26 15:09:45,20260920 150945,MC235,MB012,TRA,EARLY,EARLY
0232748038,20/09/26 15:09:45,20260920 150945,MC235,MC235,DIS,EARLY,EARLY
0232747761,20/09/26 15:09:49,20260920 150949,MC235,MB016,TRA,EARLY,EARLY
0232763204,20/09/26 15:09:56,20260920 150956,MA003,MA003,DIS,EARLY,EARLY
0232760041,20/09/26 15:10:05,20260920 151005,MA003,MA003,DIS,EARLY,EARLY
0232748107,20/09/26 15:10:06,20260920 151006,MC235,MC235,DIS,EARLY,EARLY
0232747956,20/09/26 15:10:10,20260920 151010,MC235,MA048,TRA,EARLY,EARLY
0232762524,20/09/26 15:10:16,20260920 151016,MA003,MA003,DIS,EARLY,EARLY
0232749662,20/09/26 15:10:25,20260920 151025,MC235,MA048,TRA,EARLY,EARLY
0232748084,20/09/26 15:10:29,20260920 151029,MC235,MC103,TRA,EARLY,EARLY
0232761613,20/09/26 15:10:32,20260920 151032,MA003,MA003,DIS,EARLY,EARLY
0232772815,20/09/26 15:10:32,20260920 151032,MB025,MA029,TRA,EARLY,EARLY
0232747802,20/09/26 15:10:37,20260920 151037,MC235,MC131,TRA,EARLY,EARLY
0232748086,20/09/26 15:10:37,20260920 151037,MC235,MC235,DIS,EARLY,EARLY
0232747847,20/09/26 15:10:45,20260920 151045,MC235,MC103,TRA,EARLY,EARLY
0232748091,20/09/26 15:10:45,20260920 151045,MC235,MC235,DIS,EARLY,EARLY
0232774602,20/09/26 15:10:49,20260920 151049,MB025,MA035,TRA,EARLY,EARLY
0232747777,20/09/26 15:10:53,20260920 151053,MC235,MC101,TRA,EARLY,EARLY
0232774386,20/09/26 15:10:53,20260920 151053,MB025,MB025,DIS,EARLY,EARLY
0232747963,20/09/26 15:10:58,20260920 151058,MC235,MA048,TRA,EARLY,EARLY
0232748097,20/09/26 15:11:02,20260920 151102,MC235,MC235,DIS,EARLY,EARLY
0232763965,20/09/26 15:11:08,20260920 151108,MA003,MA003,DIS,EARLY,EARLY
0232748027,20/09/26 15:11:10,20260920 151110,MC235,MC235,DIS,EARLY,EARLY
0232774548,20/09/26 15:11:17,20260920 151117,MB025,MA032,TRA,EARLY,EARLY
0232747961,20/09/26 15:11:18,20260920 151118,MC235,MC235,DIS,EARLY,EARLY
0232747902,20/09/26 15:11:22,20260920 151122,MC235,MC103,TRA,EARLY,EARLY
0232747896,20/09/26 15:11:22,20260920 151122,MC235,MC103,TRA,EARLY,EARLY
0232747868,20/09/26 15:11:22,20260920 151122,MC235,MC235,DIS,EARLY,EARLY
0232747761,20/09/26 15:11:26,20260920 151126,MC235,MC235,DIS,EARLY,EARLY
0232774481,20/09/26 15:11:29,20260920 151129,MA003,MA003,DIS,EARLY,EARLY
0232774546,20/09/26 15:11:29,20260920 151129,MB025,MA032,TRA,EARLY,EARLY
0232774497,20/09/26 15:11:29,20260920 151129,MA003,MA048,TRA,EARLY,EARLY
0232749173,20/09/26 15:11:33,20260920 151133,MC235,MB012,TRA,EARLY,EARLY
0232747956,20/09/26 15:11:45,20260920 151145,MC235,MC235,DIS,EARLY,EARLY
0232747775,20/09/26 15:11:49,20260920 151149,MC235,MC101,TRA,EARLY,EARLY
0232774495,20/09/26 15:11:52,20260920 151152,MA003,MA003,DIS,EARLY,EARLY
0232747780,20/09/26 15:11:53,20260920 151153,MC235,MC101,TRA,EARLY,EARLY
0232747774,20/09/26 15:11:57,20260920 151157,MC235,MC101,TRA,EARLY,EARLY
0232774419,20/09/26 15:12:00,20260920 151200,MB025,MB040,TRA,EARLY,EARLY
0232749662,20/09/26 15:12:01,20260920 151201,MC235,MC235,DIS,EARLY,EARLY
0232748084,20/09/26 15:12:05,20260920 151205,MC235,MC235,DIS,EARLY,EARLY
0232749212,20/09/26 15:12:05,20260920 151205,MC235,MA048,TRA,EARLY,EARLY
0232774307,20/09/26 15:12:05,20260920 151205,MB025,MA028,TRA,EARLY,EARLY
0232747802,20/09/26 15:12:13,20260920 151213,MC235,MC235,DIS,EARLY,EARLY
0232747778,20/09/26 15:12:17,20260920 151217,MC235,MC101,TRA,EARLY,EARLY
0232774596,20/09/26 15:12:20,20260920 151220,MA003,MA031,TRA,EARLY,EARLY
0232747760,20/09/26 15:12:21,20260920 151221,MC235,MB016,TRA,EARLY,EARLY
0232747847,20/09/26 15:12:21,20260920 151221,MC235,MC235,DIS,EARLY,EARLY
0232747777,20/09/26 15:12:29,20260920 151229,MC235,MC235,DIS,EARLY,EARLY
0232747963,20/09/26 15:12:34,20260920 151234,MC235,MC235,DIS,EARLY,EARLY
0232774583,20/09/26 15:12:36,20260920 151236,MB025,MA028,TRA,EARLY,EARLY
0232772815,20/09/26 15:12:40,20260920 151240,MB025,MB025,DIS,EARLY,EARLY
0065384113,20/09/26 15:12:40,20260920 151240,MA010,MA002,DIS,OPEN,OPEN
0232747945,20/09/26 15:12:41,20260920 151241,MC235,MA048,TRA,EARLY,EARLY
0232747905,20/09/26 15:12:45,20260920 151245,MC235,MC103,TRA,EARLY,EARLY
0232774602,20/09/26 15:12:49,20260920 151249,MB025,MB025,DIS,EARLY,EARLY
0232747890,20/09/26 15:12:50,20260920 151250,MC235,MB012,TRA,EARLY,EARLY
0232747959,20/09/26 15:12:54,20260920 151254,MC235,MA048,TRA,EARLY,EARLY
0232747902,20/09/26 15:12:58,20260920 151258,MC235,MC235,DIS,EARLY,EARLY
0232747896,20/09/26 15:13:02,20260920 151302,MC235,MC235,DIS,EARLY,EARLY
0232774578,20/09/26 15:13:09,20260920 151309,MB025,MB028,TRA,EARLY,EARLY
0232749173,20/09/26 15:13:10,20260920 151310,MC235,MC235,DIS,EARLY,EARLY
0232774548,20/09/26 15:13:17,20260920 151317,MB025,MB025,DIS,EARLY,EARLY
0232747775,20/09/26 15:13:27,20260920 151327,MC235,MC235,DIS,EARLY,EARLY
0232774546,20/09/26 15:13:29,20260920 151329,MB025,MB025,DIS,EARLY,EARLY
0232774497,20/09/26 15:13:29,20260920 151329,MA003,MA003,DIS,EARLY,EARLY
0232747780,20/09/26 15:13:30,20260920 151330,MC235,MC235,DIS,EARLY,EARLY
0232747774,20/09/26 15:13:34,20260920 151334,MC235,MC235,DIS,EARLY,EARLY
0176237324,20/09/26 15:13:41,20260920 151341,MB025,MA008,TRA,EARLY,EARLY
0232749212,20/09/26 15:13:42,20260920 151342,MC235,MC235,DIS,EARLY,EARLY
0232774695,20/09/26 15:13:49,20260920 151349,MA003,MB016,TRA,EARLY,EARLY
0232748264,20/09/26 15:13:50,20260920 151350,MC235,MC241,TRA,EARLY,EARLY
0232747778,20/09/26 15:13:54,20260920 151354,MC235,MC235,DIS,EARLY,EARLY
0232774605,20/09/26 15:13:57,20260920 151357,MA003,MA031,TRA,EARLY,EARLY
0232747760,20/09/26 15:13:58,20260920 151358,MC235,MC235,DIS,EARLY,EARLY
0232748127,20/09/26 15:13:58,20260920 151358,MC235,MA048,TRA,EARLY,EARLY
0232774419,20/09/26 15:14:01,20260920 151401,MB025,MB025,DIS,EARLY,EARLY
0232747970,20/09/26 15:14:02,20260920 151402,MC235,MC131,TRA,EARLY,EARLY
0232774307,20/09/26 15:14:04,20260920 151404,MB025,MB025,DIS,EARLY,EARLY
0232774368,20/09/26 15:14:13,20260920 151413,MA003,MA031,TRA,EARLY,EARLY
0465850581,20/09/26 15:14:17,20260920 151417,MA003,MC141,TRA,EARLY,EARLY
0232747945,20/09/26 15:14:18,20260920 151418,MC235,MC235,DIS,EARLY,EARLY
0232774596,20/09/26 15:14:21,20260920 151421,MA003,MA003,DIS,EARLY,EARLY
0232747905,20/09/26 15:14:22,20260920 151422,MC235,MC235,DIS,EARLY,EARLY
0232748609,20/09/26 15:14:22,20260920 151422,MC235,MB012,TRA,EARLY,EARLY
0232747890,20/09/26 15:14:26,20260920 151426,MC235,MC235,DIS,EARLY,EARLY
0465850592,20/09/26 15:14:29,20260920 151429,MA003,MC141,TRA,EARLY,EARLY
0232747959,20/09/26 15:14:30,20260920 151430,MC235,MC235,DIS,EARLY,EARLY
0176237335,20/09/26 15:14:37,20260920 151437,MB025,MA008,TRA,EARLY,EARLY
0232774583,20/09/26 15:14:37,20260920 151437,MB025,MB025,DIS,EARLY,EARLY
0232747933,20/09/26 15:14:50,20260920 151450,MC235,MA048,TRA,EARLY,EARLY
0465850603,20/09/26 15:15:00,20260920 151500,MA003,MC141,TRA,EARLY,EARLY
0232774742,20/09/26 15:15:04,20260920 151504,MA003,MB016,TRA,EARLY,EARLY
0232747960,20/09/26 15:15:06,20260920 151506,MC235,MA048,TRA,EARLY,EARLY
0232774578,20/09/26 15:15:10,20260920 151510,MB025,MB025,DIS,EARLY,EARLY
0232774479,20/09/26 15:15:13,20260920 151513,MB027,MC103,TRA,OPEN,OPEN
0232774341,20/09/26 15:15:20,20260920 151520,MA003,MA031,TRA,EARLY,EARLY
0232747813,20/09/26 15:15:21,20260920 151521,MC235,MB012,TRA,OPEN,OPEN
0232748264,20/09/26 15:15:25,20260920 151525,MC235,MC235,DIS,EARLY,EARLY
0232763921,20/09/26 15:15:25,20260920 151525,MA001,MB012,TRA,OPEN,OPEN
0176237417,20/09/26 15:15:25,20260920 151525,MB025,MA008,TRA,EARLY,EARLY
0232748127,20/09/26 15:15:33,20260920 151533,MC235,MC235,DIS,EARLY,EARLY
0232747970,20/09/26 15:15:37,20260920 151537,MC235,MC235,DIS,EARLY,EARLY
0232761845,20/09/26 15:15:41,20260920 151541,MA003,MB035,TRA,EARLY,EARLY
0176237324,20/09/26 15:15:49,20260920 151549,MB025,MB025,DIS,EARLY,EARLY
0232774605,20/09/26 15:15:57,20260920 151557,MA003,MA003,DIS,EARLY,EARLY
0232748609,20/09/26 15:15:57,20260920 151557,MC235,MC235,DIS,OPEN,OPEN
0232763669,20/09/26 15:16:01,20260920 151601,MB014,MB014,TRA,OPEN,OPEN
0232774695,20/09/26 15:16:01,20260920 151601,MA003,MA003,DIS,EARLY,EARLY
0232774368,20/09/26 15:16:08,20260920 151608,MA003,MA003,DIS,EARLY,EARLY
0465850581,20/09/26 15:16:17,20260920 151617,MA003,MA003,DIS,EARLY,EARLY
0465850592,20/09/26 15:16:29,20260920 151629,MA003,MA003,DIS,EARLY,EARLY
0232747933,20/09/26 15:16:29,20260920 151629,MC235,MC235,DIS,EARLY,EARLY
0176237335,20/09/26 15:16:37,20260920 151637,MB025,MB025,DIS,EARLY,EARLY
0232762479,20/09/26 15:16:40,20260920 151640,MA003,MC131,TRA,EARLY,EARLY
0232747960,20/09/26 15:16:41,20260920 151641,MC235,MC235,DIS,EARLY,EARLY
0232747813,20/09/26 15:16:57,20260920 151657,MC235,MC235,DIS,OPEN,OPEN
0232774742,20/09/26 15:17:01,20260920 151701,MA003,MA003,DIS,EARLY,EARLY
0232760033,20/09/26 15:17:08,20260920 151708,MA029,MA029,TRA,OPEN,OPEN
0465850603,20/09/26 15:17:12,20260920 151712,MA003,MA003,DIS,EARLY,EARLY
0232762883,20/09/26 15:17:12,20260920 151712,MA003,MC142,TRA,EARLY,EARLY
0232774479,20/09/26 15:17:12,20260920 151712,MB027,MB025,DIS,OPEN,OPEN
0176237477,20/09/26 15:17:16,20260920 151716,MB025,MA007,TRA,EARLY,EARLY
0232774341,20/09/26 15:17:17,20260920 151717,MA003,MA003,DIS,EARLY,EARLY
0232761826,20/09/26 15:17:25,20260920 151725,MA003,MB035,TRA,EARLY,EARLY
0176237417,20/09/26 15:17:25,20260920 151725,MB025,MB025,DIS,EARLY,EARLY
0176237428,20/09/26 15:17:25,20260920 151725,MB025,MA008,TRA,EARLY,EARLY
0232761845,20/09/26 15:17:37,20260920 151737,MA003,MA003,DIS,EARLY,EARLY
0232763921,20/09/26 15:17:37,20260920 151737,MA001,MA003,DIS,OPEN,OPEN
0232761354,20/09/26 15:17:37,20260920 151737,MA003,MB035,TRA,EARLY,EARLY
0232760040,20/09/26 15:17:41,20260920 151741,MA003,MC128,TRA,EARLY,EARLY
0176237429,20/09/26 15:17:45,20260920 151745,MB025,MA008,TRA,EARLY,EARLY
0176237430,20/09/26 15:18:05,20260920 151805,MB025,MA008,TRA,EARLY,EARLY
0232774724,20/09/26 15:18:21,20260920 151821,MA036,MA036,TRA,OPEN,OPEN
0176237535,20/09/26 15:18:29,20260920 151829,MB025,MA008,TRA,EARLY,EARLY
0232762479,20/09/26 15:18:52,20260920 151852,MA003,MA003,DIS,EARLY,EARLY
0176237478,20/09/26 15:18:52,20260920 151852,MB025,MA007,TRA,EARLY,EARLY
0232760033,20/09/26 15:19:04,20260920 151904,MA029,MA003,DIS,OPEN,OPEN
0232762883,20/09/26 15:19:09,20260920 151909,MA003,MA003,DIS,EARLY,EARLY
0232759979,20/09/26 15:19:17,20260920 151917,MA003,MC128,TRA,EARLY,EARLY
0176237477,20/09/26 15:19:17,20260920 151917,MB025,MB025,DIS,EARLY,EARLY
0176237428,20/09/26 15:19:24,20260920 151924,MB025,MB025,DIS,EARLY,EARLY
0232761826,20/09/26 15:19:24,20260920 151924,MA003,MA003,DIS,EARLY,EARLY
0232760012,20/09/26 15:19:28,20260920 151928,MA003,MC128,TRA,EARLY,EARLY
0232761784,20/09/26 15:19:37,20260920 151937,MA003,MA039,TRA,EARLY,EARLY
0232761354,20/09/26 15:19:37,20260920 151937,MA003,MA003,DIS,EARLY,EARLY
0232762736,20/09/26 15:19:41,20260920 151941,MA003,MC128,TRA,EARLY,EARLY
0232759900,20/09/26 15:19:49,20260920 151949,MB038,MB038,TRA,OPEN,OPEN
0176237429,20/09/26 15:19:49,20260920 151949,MB025,MB025,DIS,EARLY,EARLY
0176237373,20/09/26 15:19:49,20260920 151949,MB025,MA008,TRA,EARLY,EARLY
0232763669,20/09/26 15:19:49,20260920 151949,MB014,MB025,DIS,OPEN,OPEN
0232760040,20/09/26 15:19:52,20260920 151952,MA003,MA003,DIS,EARLY,EARLY
0176237430,20/09/26 15:20:09,20260920 152009,MB025,MB025,DIS,EARLY,EARLY
0232760133,20/09/26 15:20:13,20260920 152013,MB038,MB038,TRA,OPEN,OPEN
0232761740,20/09/26 15:20:16,20260920 152016,MA003,MA039,TRA,EARLY,EARLY
0232761532,20/09/26 15:20:21,20260920 152021,MA003,MC124,TRA,EARLY,EARLY
0176237500,20/09/26 15:20:32,20260920 152032,MB025,MA008,TRA,EARLY,EARLY
0176237478,20/09/26 15:20:53,20260920 152053,MB025,MB025,DIS,EARLY,EARLY
0232760334,20/09/26 15:20:57,20260920 152057,MA003,MC143,TRA,EARLY,EARLY
0176237367,20/09/26 15:21:08,20260920 152108,MB025,MA008,TRA,EARLY,EARLY
0232759979,20/09/26 15:21:17,20260920 152117,MA003,MA003,DIS,EARLY,EARLY
0176237535,20/09/26 15:21:17,20260920 152117,MB025,MB025,DIS,EARLY,EARLY
0232762267,20/09/26 15:21:25,20260920 152125,MA003,MC163,TRA,EARLY,EARLY
0232760012,20/09/26 15:21:25,20260920 152125,MA003,MA003,DIS,EARLY,EARLY
0232761784,20/09/26 15:21:37,20260920 152137,MA003,MA003,DIS,EARLY,EARLY
0176237373,20/09/26 15:21:49,20260920 152149,MB025,MB025,DIS,EARLY,EARLY
0232762736,20/09/26 15:21:53,20260920 152153,MA003,MA003,DIS,EARLY,EARLY
0232774724,20/09/26 15:21:56,20260920 152156,MA036,MA002,DIS,OPEN,OPEN
0232761740,20/09/26 15:22:13,20260920 152213,MA003,MA003,DIS,EARLY,EARLY
0232774431,20/09/26 15:22:21,20260920 152221,MA003,MA033,TRA,EARLY,EARLY
0232773944,20/09/26 15:22:21,20260920 152221,MB025,MA033,TRA,EARLY,EARLY
0232761532,20/09/26 15:22:21,20260920 152221,MA003,MA003,DIS,EARLY,EARLY
0176237655,20/09/26 15:22:29,20260920 152229,MB025,MA007,TRA,EARLY,EARLY
0176237500,20/09/26 15:22:33,20260920 152233,MB025,MB025,DIS,EARLY,EARLY
0232760334,20/09/26 15:22:53,20260920 152253,MA003,MA003,DIS,EARLY,EARLY
0176237367,20/09/26 15:23:09,20260920 152309,MB025,MB025,DIS,EARLY,EARLY
0232759900,20/09/26 15:23:37,20260920 152337,MB038,MB025,DIS,OPEN,OPEN
0232762267,20/09/26 15:23:37,20260920 152337,MA003,MA003,DIS,EARLY,EARLY
0232760133,20/09/26 15:24:00,20260920 152400,MB038,MB025,DIS,OPEN,OPEN
0232762903,20/09/26 15:24:09,20260920 152409,MA003,MC142,TRA,EARLY,EARLY
0176237694,20/09/26 15:24:16,20260920 152416,MB025,MA007,TRA,EARLY,EARLY
0232773944,20/09/26 15:24:21,20260920 152421,MB025,MB025,DIS,EARLY,EARLY
0232760158,20/09/26 15:24:25,20260920 152425,MA003,MB035,TRA,EARLY,EARLY
0176237655,20/09/26 15:24:29,20260920 152429,MB025,MB025,DIS,EARLY,EARLY
0232761333,20/09/26 15:24:32,20260920 152432,MA003,MB035,TRA,EARLY,EARLY
0232774431,20/09/26 15:24:33,20260920 152433,MA003,MA003,DIS,EARLY,EARLY
0232760157,20/09/26 15:24:44,20260920 152444,MA003,MB035,TRA,EARLY,EARLY
0176237924,20/09/26 15:24:48,20260920 152448,MB025,MA008,TRA,EARLY,EARLY
0176237698,20/09/26 15:25:25,20260920 152525,MB025,MA008,TRA,EARLY,EARLY
0232758773,20/09/26 15:25:28,20260920 152528,MA003,MB032,TRA,EARLY,EARLY
0232761376,20/09/26 15:25:37,20260920 152537,MA003,MB035,TRA,EARLY,EARLY
0232761941,20/09/26 15:25:41,20260920 152541,MA003,MB016,TRA,EARLY,EARLY
0232774914,20/09/26 15:25:52,20260920 152552,MA003,MC143,TRA,EARLY,EARLY
0232761834,20/09/26 15:25:52,20260920 152552,MA003,MA039,TRA,EARLY,EARLY
0232758067,20/09/26 15:25:56,20260920 152556,MB014,MB014,TRA,OPEN,OPEN
0232774630,20/09/26 15:26:05,20260920 152605,MB014,MB014,TRA,OPEN,OPEN
0232762903,20/09/26 15:26:05,20260920 152605,MA003,MA003,DIS,EARLY,EARLY
0176237694,20/09/26 15:26:17,20260920 152617,MB025,MB025,DIS,EARLY,EARLY
0232761333,20/09/26 15:26:32,20260920 152632,MA003,MA003,DIS,EARLY,EARLY
0232760158,20/09/26 15:26:37,20260920 152637,MA003,MA003,DIS,EARLY,EARLY
0232760157,20/09/26 15:26:44,20260920 152644,MA003,MA003,DIS,EARLY,EARLY
0176237924,20/09/26 15:26:49,20260920 152649,MB025,MB025,DIS,EARLY,EARLY
0176237698,20/09/26 15:27:29,20260920 152729,MB025,MB025,DIS,EARLY,EARLY
0232758773,20/09/26 15:27:29,20260920 152729,MA003,MA003,DIS,EARLY,EARLY
0232761376,20/09/26 15:27:36,20260920 152736,MA003,MA003,DIS,EARLY,EARLY
0232775085,20/09/26 15:27:40,20260920 152740,MB014,MB014,TRA,OPEN,OPEN
0232774914,20/09/26 15:27:53,20260920 152753,MA003,MA003,DIS,EARLY,EARLY
0232761941,20/09/26 15:27:53,20260920 152753,MA003,MA003,DIS,EARLY,EARLY
0232761834,20/09/26 15:28:05,20260920 152805,MA003,MA003,DIS,EARLY,EARLY
0232758067,20/09/26 15:29:37,20260920 152937,MB014,MB025,DIS,OPEN,OPEN
0232774630,20/09/26 15:29:41,20260920 152941,MB014,MB025,DIS,OPEN,OPEN
0232775152,20/09/26 15:29:53,20260920 152953,MA003,MA031,TRA,EARLY,EARLY
0232774945,20/09/26 15:30:00,20260920 153000,MA003,MB030,TRA,EARLY,EARLY
0232775085,20/09/26 15:31:22,20260920 153122,MB014,MB025,DIS,OPEN,OPEN
0232775152,20/09/26 15:31:54,20260920 153154,MA003,MA003,DIS,EARLY,EARLY
0232774945,20/09/26 15:32:02,20260920 153202,MA003,MA003,DIS,EARLY,EARLY
0176237540,20/09/26 15:32:24,20260920 153224,MB027,MA008,TRA,OPEN,OPEN
0232764433,20/09/26 15:32:33,20260920 153233,MA042,MA042,TRA,OPEN,OPEN
0176237540,20/09/26 15:34:25,20260920 153425,MB027,MB025,DIS,OPEN,OPEN
0232775300,20/09/26 15:34:41,20260920 153441,MB038,MB038,TRA,OPEN,OPEN
0232756060,20/09/26 15:34:45,20260920 153445,MB014,MB014,TRA,OPEN,OPEN
0232764433,20/09/26 15:36:04,20260920 153604,MA042,MA002,DIS,OPEN,OPEN
0232774436,20/09/26 15:36:13,20260920 153613,MB038,MB038,TRA,OPEN,OPEN
0232737765,20/09/26 15:37:08,20260920 153708,MA048,MA048,TRA,OPEN,OPEN
0232775372,20/09/26 15:37:08,20260920 153708,MB014,MB014,TRA,OPEN,OPEN
0232773694,20/09/26 15:37:08,20260920 153708,MA048,MA048,TRA,OPEN,OPEN
0232763141,20/09/26 15:37:48,20260920 153748,MB014,MB014,TRA,OPEN,OPEN
0232775300,20/09/26 15:38:17,20260920 153817,MB038,MB025,DIS,OPEN,OPEN
0232756060,20/09/26 15:38:25,20260920 153825,MB014,MB025,DIS,OPEN,OPEN
0232775343,20/09/26 15:38:25,20260920 153825,MB014,MB014,TRA,OPEN,OPEN
0232774436,20/09/26 15:39:45,20260920 153945,MB038,MB025,DIS,OPEN,OPEN
0232749130,20/09/26 15:39:57,20260920 153957,MA048,MA048,TRA,OPEN,OPEN
0232775372,20/09/26 15:40:45,20260920 154045,MB014,MB025,DIS,OPEN,OPEN
0232737765,20/09/26 15:40:48,20260920 154048,MA048,MA002,DIS,OPEN,OPEN
0232758839,20/09/26 15:40:53,20260920 154053,MA043,MA043,TRA,OPEN,OPEN
0232773694,20/09/26 15:40:57,20260920 154057,MA048,MA002,DIS,OPEN,OPEN
0232763141,20/09/26 15:41:25,20260920 154125,MB014,MB025,DIS,OPEN,OPEN
0232775343,20/09/26 15:42:01,20260920 154201,MB014,MB025,DIS,OPEN,OPEN
0232762581,20/09/26 15:42:05,20260920 154205,MA043,MA043,TRA,OPEN,OPEN
0232775657,20/09/26 15:42:53,20260920 154253,MA045,MA045,TRA,OPEN,OPEN
0232749130,20/09/26 15:43:29,20260920 154329,MA048,MA002,DIS,OPEN,OPEN
0232775625,20/09/26 15:43:48,20260920 154348,MA045,MA045,TRA,OPEN,OPEN
0232775554,20/09/26 15:44:17,20260920 154417,MA044,MA044,TRA,OPEN,OPEN
0232758839,20/09/26 15:44:30,20260920 154430,MA043,MA002,DIS,OPEN,OPEN
0232775673,20/09/26 15:44:37,20260920 154437,MA044,MA044,TRA,OPEN,OPEN
0232759187,20/09/26 15:44:38,20260920 154438,MC235,MC212,TRA,OPEN,MULTIPLE_BAGTAG
0232775685,20/09/26 15:44:49,20260920 154449,MA045,MA045,TRA,OPEN,OPEN
0232775679,20/09/26 15:45:36,20260920 154536,MA044,MA044,TRA,OPEN,OPEN
0232762581,20/09/26 15:45:36,20260920 154536,MA043,MA002,DIS,OPEN,OPEN
0232775664,20/09/26 15:46:05,20260920 154605,MA045,MA045,TRA,OPEN,OPEN
0232749717,20/09/26 15:46:21,20260920 154621,MA044,MA044,TRA,OPEN,OPEN
0232775657,20/09/26 15:46:33,20260920 154633,MA045,MA002,DIS,OPEN,OPEN
0232775825,20/09/26 15:46:33,20260920 154633,MA044,MA044,TRA,OPEN,OPEN
0232775769,20/09/26 15:46:40,20260920 154640,MA044,MA044,TRA,OPEN,OPEN
0232759187,20/09/26 15:46:50,20260920 154650,MC235,MC235,DIS,OPEN,MULTIPLE_BAGTAG
0232775625,20/09/26 15:47:28,20260920 154728,MA045,MA002,DIS,OPEN,OPEN
0232775554,20/09/26 15:47:57,20260920 154757,MA044,MA002,DIS,OPEN,OPEN
0232775673,20/09/26 15:48:16,20260920 154816,MA044,MA002,DIS,OPEN,OPEN
0232775685,20/09/26 15:48:29,20260920 154829,MA045,MA002,DIS,OPEN,OPEN
0232775679,20/09/26 15:49:16,20260920 154916,MA044,MA002,DIS,OPEN,OPEN
0232775843,20/09/26 15:49:29,20260920 154929,MB014,MB014,TRA,OPEN,OPEN
0232775664,20/09/26 15:49:36,20260920 154936,MA045,MA002,DIS,OPEN,OPEN
0232749717,20/09/26 15:50:01,20260920 155001,MA044,MA002,DIS,OPEN,OPEN
0232775825,20/09/26 15:50:09,20260920 155009,MA044,MA002,DIS,OPEN,OPEN
0232775769,20/09/26 15:50:21,20260920 155021,MA044,MA002,DIS,OPEN,OPEN
0232775836,20/09/26 15:50:44,20260920 155044,MB014,MB014,TRA,OPEN,OPEN
0232775843,20/09/26 15:53:05,20260920 155305,MB014,MB025,DIS,OPEN,OPEN
0232736441,20/09/26 15:54:04,20260920 155404,MA049,MA049,TRA,OPEN,OPEN
0232775836,20/09/26 15:54:21,20260920 155421,MB014,MB025,DIS,OPEN,OPEN
0232775658,20/09/26 15:54:29,20260920 155429,MB014,MB014,TRA,OPEN,OPEN
0232775689,20/09/26 15:54:33,20260920 155433,MB014,MB014,TRA,OPEN,OPEN
0232748805,20/09/26 15:54:45,20260920 155445,MA049,MA049,TRA,OPEN,OPEN
0232737187,20/09/26 15:55:00,20260920 155500,MA049,MA049,TRA,OPEN,OPEN
0232748827,20/09/26 15:55:45,20260920 155545,MA048,MA048,TRA,OPEN,OPEN
0232762115,20/09/26 15:55:52,20260920 155552,MA043,MA043,TRA,OPEN,OPEN
0232737536,20/09/26 15:56:01,20260920 155601,MA048,MA048,TRA,OPEN,OPEN
0232762117,20/09/26 15:56:13,20260920 155613,MA043,MA043,TRA,OPEN,OPEN
0232748285,20/09/26 15:56:13,20260920 155613,MB028,MB028,TRA,OPEN,OPEN
0232762453,20/09/26 15:57:25,20260920 155725,MB014,MB014,TRA,OPEN,OPEN
0232736441,20/09/26 15:57:41,20260920 155741,MA049,MA002,DIS,OPEN,OPEN
0065386851,20/09/26 15:57:45,20260920 155745,MA010,MA010,TRA,OPEN,OPEN
0065387412,20/09/26 15:58:01,20260920 155801,MA010,MA010,TRA,OPEN,OPEN
0232775658,20/09/26 15:58:08,20260920 155808,MB014,MB025,DIS,OPEN,OPEN
0232775689,20/09/26 15:58:08,20260920 155808,MB014,MB025,DIS,OPEN,OPEN
0065386843,20/09/26 15:58:12,20260920 155812,MA010,MA010,TRA,OPEN,OPEN
0232748805,20/09/26 15:58:17,20260920 155817,MA049,MA002,DIS,OPEN,OPEN
0232737187,20/09/26 15:58:33,20260920 155833,MA049,MA002,DIS,OPEN,OPEN
0232748827,20/09/26 15:59:24,20260920 155924,MA048,MA002,DIS,OPEN,OPEN
0232764925,20/09/26 15:59:29,20260920 155929,MA001,MC204,TRA,OPEN,OPEN
0232737536,20/09/26 15:59:33,20260920 155933,MA048,MA002,DIS,OPEN,OPEN
0232762115,20/09/26 15:59:41,20260920 155941,MA043,MA002,DIS,OPEN,OPEN
0232748285,20/09/26 15:59:45,20260920 155945,MB028,MB025,DIS,OPEN,OPEN
0232762117,20/09/26 15:59:45,20260920 155945,MA043,MA002,DIS,OPEN,OPEN
0232762453,20/09/26 16:01:12,20260920 160112,MB014,MB025,DIS,OPEN,OPEN
0065386851,20/09/26 16:01:16,20260920 160116,MA010,MA002,DIS,OPEN,OPEN
0232764925,20/09/26 16:01:33,20260920 160133,MA001,MA001,DIS,OPEN,OPEN
0065387412,20/09/26 16:01:40,20260920 160140,MA010,MA002,DIS,OPEN,OPEN
0065386843,20/09/26 16:01:45,20260920 160145,MA010,MA002,DIS,OPEN,OPEN
0232775901,20/09/26 16:03:05,20260920 160305,MB014,MB014,TRA,OPEN,OPEN
0232776385,20/09/26 16:04:01,20260920 160401,MA048,MA048,TRA,OPEN,OPEN
0232738030,20/09/26 16:05:49,20260920 160549,MA048,MA048,TRA,OPEN,OPEN
0232775901,20/09/26 16:06:36,20260920 160636,MB014,MB025,DIS,OPEN,OPEN
0232737474,20/09/26 16:07:00,20260920 160700,MA048,MA048,TRA,OPEN,OPEN
0232737058,20/09/26 16:07:41,20260920 160741,MA049,MA049,TRA,OPEN,OPEN
0232776385,20/09/26 16:07:48,20260920 160748,MA048,MA002,DIS,OPEN,OPEN
0232737895,20/09/26 16:08:29,20260920 160829,MA049,MA049,TRA,OPEN,OPEN
0232738116,20/09/26 16:08:37,20260920 160837,MA049,MA049,TRA,OPEN,OPEN
0232737939,20/09/26 16:09:09,20260920 160909,MA049,MA049,TRA,OPEN,OPEN
0232738030,20/09/26 16:09:25,20260920 160925,MA048,MA002,DIS,OPEN,OPEN
0232751992,20/09/26 16:09:37,20260920 160937,MB046,MB046,TRA,OPEN,OPEN
0232737474,20/09/26 16:10:41,20260920 161041,MA048,MA002,DIS,OPEN,OPEN
0232738410,20/09/26 16:11:04,20260920 161104,MA049,MA049,TRA,OPEN,OPEN
0232766451,20/09/26 16:11:04,20260920 161104,MB027,MC131,TRA,OPEN,OPEN
0232737058,20/09/26 16:11:13,20260920 161113,MA049,MA002,DIS,OPEN,OPEN
0232737895,20/09/26 16:12:09,20260920 161209,MA049,MA002,DIS,OPEN,OPEN
0232738116,20/09/26 16:12:25,20260920 161225,MA049,MA002,DIS,OPEN,OPEN
0232737939,20/09/26 16:12:57,20260920 161257,MA049,MA002,DIS,OPEN,OPEN
0232766451,20/09/26 16:13:13,20260920 161313,MB027,MB026,DIS,OPEN,OPEN
0232751992,20/09/26 16:13:24,20260920 161324,MB046,MB025,DIS,OPEN,OPEN
0232738410,20/09/26 16:14:45,20260920 161445,MA049,MA002,DIS,OPEN,OPEN
0232776009,20/09/26 16:17:40,20260920 161740,MB027,MC131,TRA,OPEN,OPEN
0232776009,20/09/26 16:19:40,20260920 161940,MB027,MB026,DIS,OPEN,OPEN
0232748242,20/09/26 16:19:53,20260920 161953,MB016,MB016,TRA,OPEN,OPEN
0232748242,20/09/26 16:21:53,20260920 162153,MB016,MB026,DIS,OPEN,OPEN
0232776842,20/09/26 16:22:01,20260920 162201,MB014,MB014,TRA,OPEN,OPEN
0232776477,20/09/26 16:23:17,20260920 162317,MB014,MB014,TRA,OPEN,OPEN
0157369862,20/09/26 16:23:52,20260920 162352,MA028,MA028,TRA,OPEN,OPEN
0232776993,20/09/26 16:25:13,20260920 162513,MB030,MB030,TRA,OPEN,OPEN
0232776536,20/09/26 16:25:21,20260920 162521,MA051,MA051,TRA,OPEN,OPEN
0232776842,20/09/26 16:25:37,20260920 162537,MB014,MB025,DIS,OPEN,OPEN
0232776883,20/09/26 16:25:37,20260920 162537,MA028,MA028,TRA,OPEN,OPEN
0232776422,20/09/26 16:25:53,20260920 162553,MA051,MA051,TRA,OPEN,OPEN
0232776932,20/09/26 16:25:56,20260920 162556,MA028,MA028,TRA,OPEN,OPEN
0232776477,20/09/26 16:26:48,20260920 162648,MB014,MB025,DIS,OPEN,OPEN
0232776514,20/09/26 16:27:13,20260920 162713,MB014,MB014,TRA,OPEN,OPEN
3999810159,20/09/26 16:27:25,20260920 162725,MC112,MC112,TRA,OPEN,OPEN
0157369862,20/09/26 16:27:33,20260920 162733,MA028,MA002,DIS,OPEN,OPEN
0157371774,20/09/26 16:28:17,20260920 162817,MA028,MA028,TRA,OPEN,OPEN
0232776993,20/09/26 16:28:48,20260920 162848,MB030,MB025,DIS,OPEN,OPEN
0232776536,20/09/26 16:29:05,20260920 162905,MA051,MA002,DIS,OPEN,OPEN
0232776883,20/09/26 16:29:08,20260920 162908,MA028,MA002,DIS,OPEN,OPEN
0232776422,20/09/26 16:29:33,20260920 162933,MA051,MA002,DIS,OPEN,OPEN
0157370751,20/09/26 16:29:37,20260920 162937,MA028,MA028,TRA,OPEN,OPEN
0232776932,20/09/26 16:29:44,20260920 162944,MA028,MA002,DIS,OPEN,OPEN
0232777056,20/09/26 16:29:49,20260920 162949,MA028,MA028,TRA,OPEN,OPEN
0157369124,20/09/26 16:30:25,20260920 163025,MA028,MA028,TRA,OPEN,OPEN
0232776969,20/09/26 16:30:25,20260920 163025,MA028,MA028,TRA,OPEN,OPEN
0232777142,20/09/26 16:30:33,20260920 163033,MA048,MA048,TRA,OPEN,OPEN
0232776514,20/09/26 16:30:49,20260920 163049,MB014,MB025,DIS,OPEN,OPEN
0157371073,20/09/26 16:30:57,20260920 163057,MA028,MA028,TRA,OPEN,OPEN
0157371657,20/09/26 16:31:17,20260920 163117,MA028,MA028,TRA,OPEN,OPEN
0157371537,20/09/26 16:31:25,20260920 163125,MA028,MA028,TRA,OPEN,OPEN
3999373607,20/09/26 16:31:26,20260920 163126,MC112,MC112,TRA,OPEN,OPEN
0157371030,20/09/26 16:31:29,20260920 163129,MA028,MA028,TRA,OPEN,OPEN
0160393761,20/09/26 16:31:30,20260920 163130,MC154,MC154,TRA,OPEN,OPEN
0232777217,20/09/26 16:31:41,20260920 163141,MA050,MA050,TRA,OPEN,OPEN
0157371774,20/09/26 16:31:57,20260920 163157,MA028,MA002,DIS,OPEN,OPEN
0232777088,20/09/26 16:33:13,20260920 163313,MA028,MA028,TRA,OPEN,OPEN
0157370751,20/09/26 16:33:13,20260920 163313,MA028,MA002,DIS,OPEN,OPEN
0232777038,20/09/26 16:33:20,20260920 163320,MB014,MB014,TRA,OPEN,OPEN
0232777056,20/09/26 16:33:29,20260920 163329,MA028,MA002,DIS,OPEN,OPEN
0232777049,20/09/26 16:33:37,20260920 163337,MA028,MA028,TRA,OPEN,OPEN
0232776969,20/09/26 16:33:57,20260920 163357,MA028,MA002,DIS,OPEN,OPEN
0157369124,20/09/26 16:34:04,20260920 163404,MA028,MA002,DIS,OPEN,OPEN
0232777142,20/09/26 16:34:08,20260920 163408,MA048,MA002,DIS,OPEN,OPEN
0232776872,20/09/26 16:34:29,20260920 163429,MB052,MB052,TRA,OPEN,OPEN
0157371073,20/09/26 16:34:36,20260920 163436,MA028,MA002,DIS,OPEN,OPEN
0157371657,20/09/26 16:34:57,20260920 163457,MA028,MA002,DIS,OPEN,OPEN
0157371537,20/09/26 16:35:04,20260920 163504,MA028,MA002,DIS,OPEN,OPEN
0157371030,20/09/26 16:35:09,20260920 163509,MA028,MA002,DIS,OPEN,OPEN
0232777217,20/09/26 16:35:21,20260920 163521,MA050,MA002,DIS,OPEN,OPEN
0232777396,20/09/26 16:36:21,20260920 163621,MA048,MA048,TRA,OPEN,OPEN
0232777038,20/09/26 16:36:56,20260920 163656,MB014,MB025,DIS,OPEN,OPEN
0232777086,20/09/26 16:37:01,20260920 163701,MB028,MB028,TRA,OPEN,OPEN
0232777088,20/09/26 16:37:01,20260920 163701,MA028,MA002,DIS,OPEN,OPEN
0232777049,20/09/26 16:37:09,20260920 163709,MA028,MA002,DIS,OPEN,OPEN
0232776872,20/09/26 16:38:05,20260920 163805,MB052,MB025,DIS,OPEN,OPEN
0232777396,20/09/26 16:40:05,20260920 164005,MA048,MA002,DIS,OPEN,OPEN
0232777086,20/09/26 16:40:32,20260920 164032,MB028,MB025,DIS,OPEN,OPEN
0232777312,20/09/26 16:41:33,20260920 164133,MB014,MB014,TRA,OPEN,OPEN
0232776785,20/09/26 16:43:00,20260920 164300,MB027,MC131,TRA,OPEN,OPEN
0232777516,20/09/26 16:43:52,20260920 164352,MB014,MB014,TRA,OPEN,OPEN
0232770950,20/09/26 16:44:25,20260920 164425,MA028,MA028,TRA,OPEN,OPEN
0232770925,20/09/26 16:44:25,20260920 164425,MA029,MA029,TRA,OPEN,OPEN
0232752090,20/09/26 16:44:29,20260920 164429,MB028,MB028,TRA,OPEN,OPEN
0232771250,20/09/26 16:44:57,20260920 164457,MA029,MA029,TRA,OPEN,OPEN
0232776785,20/09/26 16:45:01,20260920 164501,MB027,MB026,DIS,OPEN,OPEN
0232777312,20/09/26 16:45:09,20260920 164509,MB014,MB025,DIS,OPEN,OPEN
0232751516,20/09/26 16:45:29,20260920 164529,MB028,MB028,TRA,OPEN,OPEN
0232771256,20/09/26 16:45:33,20260920 164533,MA029,MA029,TRA,OPEN,OPEN
0157371482,20/09/26 16:45:48,20260920 164548,MA029,MA029,TRA,OPEN,OPEN
0232771332,20/09/26 16:45:53,20260920 164553,MA029,MA029,TRA,OPEN,OPEN
0232771297,20/09/26 16:45:57,20260920 164557,MA029,MA029,TRA,OPEN,OPEN
0232777667,20/09/26 16:46:13,20260920 164613,MB028,MB028,TRA,OPEN,OPEN
0232777190,20/09/26 16:46:25,20260920 164625,MA028,MA028,TRA,OPEN,OPEN
0232776087,20/09/26 16:46:33,20260920 164633,MA028,MA028,TRA,OPEN,OPEN
0065389471,20/09/26 16:46:38,20260920 164638,MC235,MA010,TRA,OPEN,OPEN
0232750643,20/09/26 16:46:53,20260920 164653,MB028,MB028,TRA,OPEN,OPEN
0232777518,20/09/26 16:46:53,20260920 164653,MA029,MA029,TRA,OPEN,OPEN
0232751040,20/09/26 16:47:00,20260920 164700,MA029,MA029,TRA,OPEN,OPEN
0232777666,20/09/26 16:47:05,20260920 164705,MA028,MA028,TRA,OPEN,OPEN
0232751533,20/09/26 16:47:05,20260920 164705,MB028,MB028,TRA,OPEN,OPEN
0232777516,20/09/26 16:47:25,20260920 164725,MB014,MB025,DIS,OPEN,OPEN
0232750622,20/09/26 16:47:37,20260920 164737,MB028,MB028,TRA,OPEN,OPEN
0232777732,20/09/26 16:47:45,20260920 164745,MB028,MB028,TRA,OPEN,OPEN
0232770950,20/09/26 16:47:57,20260920 164757,MA028,MA002,DIS,OPEN,OPEN
0232777586,20/09/26 16:47:57,20260920 164757,MB028,MB028,TRA,OPEN,OPEN
0232752090,20/09/26 16:48:04,20260920 164804,MB028,MB025,DIS,OPEN,OPEN
0232770925,20/09/26 16:48:13,20260920 164813,MA029,MA002,DIS,OPEN,OPEN
0232777759,20/09/26 16:48:24,20260920 164824,MB028,MB028,TRA,OPEN,OPEN
0232750333,20/09/26 16:48:25,20260920 164825,MB028,MB028,TRA,OPEN,OPEN
0232771250,20/09/26 16:48:29,20260920 164829,MA029,MA002,DIS,OPEN,OPEN
0232777039,20/09/26 16:48:49,20260920 164849,MB027,MC103,TRA,OPEN,OPEN
0065389471,20/09/26 16:48:50,20260920 164850,MC235,MC235,DIS,OPEN,OPEN
3999373607,20/09/26 16:48:50,20260920 164850,,MC104,DIS,OPEN,OPEN
0160393761,20/09/26 16:48:57,20260920 164857,,MC104,DIS,OPEN,OPEN
0232750500,20/09/26 16:48:57,20260920 164857,MB028,MB028,TRA,OPEN,OPEN
0232776376,20/09/26 16:49:01,20260920 164901,MB027,MC101,TRA,OPEN,OPEN
3999810159,20/09/26 16:49:01,20260920 164901,,MC104,DIS,OPEN,OPEN
0232751516,20/09/26 16:49:05,20260920 164905,MB028,MB025,DIS,OPEN,OPEN
0232771256,20/09/26 16:49:09,20260920 164909,MA029,MA002,DIS,OPEN,OPEN
0232776396,20/09/26 16:49:12,20260920 164912,MB027,MC101,TRA,OPEN,OPEN
0160394760,20/09/26 16:49:17,20260920 164917,MB027,MC156,TRA,OPEN,OPEN
0157371482,20/09/26 16:49:29,20260920 164929,MA029,MA002,DIS,OPEN,OPEN
0232771297,20/09/26 16:49:36,20260920 164936,MA029,MA002,DIS,OPEN,OPEN
0232771332,20/09/26 16:49:41,20260920 164941,MA029,MA002,DIS,OPEN,OPEN
0232777667,20/09/26 16:49:45,20260920 164945,MB028,MB025,DIS,OPEN,OPEN
0232777190,20/09/26 16:49:57,20260920 164957,MA028,MA002,DIS,OPEN,OPEN
0232777758,20/09/26 16:49:57,20260920 164957,MA028,MA028,TRA,OPEN,OPEN
0232777780,20/09/26 16:50:00,20260920 165000,MB028,MB028,TRA,OPEN,OPEN
0232750460,20/09/26 16:50:09,20260920 165009,MB028,MB028,TRA,OPEN,OPEN
0232776087,20/09/26 16:50:13,20260920 165013,MA028,MA002,DIS,OPEN,OPEN
0232777467,20/09/26 16:50:16,20260920 165016,MB027,MA028,TRA,OPEN,REBOOK_BSM
0232777518,20/09/26 16:50:28,20260920 165028,MA029,MA002,DIS,OPEN,OPEN
0232750643,20/09/26 16:50:28,20260920 165028,MB028,MB025,DIS,OPEN,OPEN
0232751533,20/09/26 16:50:41,20260920 165041,MB028,MB025,DIS,OPEN,OPEN
0232777666,20/09/26 16:50:41,20260920 165041,MA028,MA002,DIS,OPEN,OPEN
0232751040,20/09/26 16:50:44,20260920 165044,MA029,MA002,DIS,OPEN,OPEN
0232777039,20/09/26 16:50:53,20260920 165053,MB027,MB026,DIS,OPEN,OPEN
0232776376,20/09/26 16:51:00,20260920 165100,MB027,MB026,DIS,OPEN,OPEN
0232750622,20/09/26 16:51:13,20260920 165113,MB028,MB025,DIS,OPEN,OPEN
0232776396,20/09/26 16:51:13,20260920 165113,MB027,MB026,DIS,OPEN,OPEN
0160394760,20/09/26 16:51:17,20260920 165117,MB027,MB026,DIS,OPEN,OPEN
0232777732,20/09/26 16:51:20,20260920 165120,MB028,MB025,DIS,OPEN,OPEN
0232777586,20/09/26 16:51:33,20260920 165133,MB028,MB025,DIS,OPEN,OPEN
0232777759,20/09/26 16:51:57,20260920 165157,MB028,MB025,DIS,OPEN,OPEN
0232750503,20/09/26 16:51:57,20260920 165157,MB028,MB028,TRA,OPEN,OPEN
0232750333,20/09/26 16:52:09,20260920 165209,MB028,MB025,DIS,OPEN,OPEN
0232777467,20/09/26 16:52:25,20260920 165225,MB027,MB027,DIS,OPEN,REBOOK_BSM
0232777091,20/09/26 16:52:25,20260920 165225,MB027,MC144,TRA,OPEN,OPEN
0232750500,20/09/26 16:52:37,20260920 165237,MB028,MB025,DIS,OPEN,OPEN
0232777758,20/09/26 16:53:36,20260920 165336,MA028,MA002,DIS,OPEN,OPEN
0232777780,20/09/26 16:53:36,20260920 165336,MB028,MB025,DIS,OPEN,OPEN
0232750460,20/09/26 16:53:45,20260920 165345,MB028,MB025,DIS,OPEN,OPEN
0232778038,20/09/26 16:54:13,20260920 165413,MB028,MB028,TRA,OPEN,OPEN
0232777091,20/09/26 16:54:25,20260920 165425,MB027,MB026,DIS,OPEN,OPEN
0232750392,20/09/26 16:54:57,20260920 165457,MB028,MB028,TRA,OPEN,OPEN
0232750503,20/09/26 16:55:33,20260920 165533,MB028,MB025,DIS,OPEN,OPEN
0232778038,20/09/26 16:57:49,20260920 165749,MB028,MB025,DIS,OPEN,OPEN
0232770813,20/09/26 16:58:09,20260920 165809,MB028,MB028,TRA,OPEN,OPEN
3999487189,20/09/26 16:58:37,20260920 165837,MB027,MC112,TRA,OPEN,OPEN
0232750392,20/09/26 16:58:41,20260920 165841,MB028,MB025,DIS,OPEN,OPEN
0232749482,20/09/26 16:59:41,20260920 165941,MA048,MA048,TRA,OPEN,OPEN
0232777800,20/09/26 17:00:17,20260920 170017,MB014,MB014,TRA,OPEN,OPEN
3999487189,20/09/26 17:00:37,20260920 170037,MB027,MB026,DIS,OPEN,OPEN
0176167001,20/09/26 17:00:49,20260920 170049,MB025,MB054,TRA,OPEN,OPERATOR_REQUEST
0232770813,20/09/26 17:01:53,20260920 170153,MB028,MB025,DIS,OPEN,OPEN
0176167001,20/09/26 17:02:49,20260920 170249,MB025,MB025,DIS,OPEN,OPERATOR_REQUEST
0232749482,20/09/26 17:03:21,20260920 170321,MA048,MA002,DIS,OPEN,OPEN
0232778391,20/09/26 17:03:29,20260920 170329,MB014,MB014,TRA,OPEN,OPEN
0232777800,20/09/26 17:03:49,20260920 170349,MB014,MB025,DIS,OPEN,OPEN
0232777707,20/09/26 17:04:49,20260920 170449,MB027,MC130,TRA,OPEN,OPEN
0232778393,20/09/26 17:04:53,20260920 170453,MB014,MB014,TRA,OPEN,OPEN
0232777707,20/09/26 17:06:53,20260920 170653,MB027,MB026,DIS,OPEN,OPEN
0232778391,20/09/26 17:07:09,20260920 170709,MB014,MB025,DIS,OPEN,OPEN
0176246919,20/09/26 17:08:25,20260920 170825,MA008,MA008,TRA,OPEN,OPEN
0816466776,20/09/26 17:08:33,20260920 170833,MA008,MA008,TRA,OPEN,OPEN
0232778393,20/09/26 17:08:37,20260920 170837,MB014,MB025,DIS,OPEN,OPEN
0232777897,20/09/26 17:10:01,20260920 171001,MA001,MC124,TRA,OPEN,OPEN
0232777899,20/09/26 17:10:08,20260920 171008,MA001,MC125,TRA,OPEN,OPEN
0232777974,20/09/26 17:10:17,20260920 171017,MA001,MC124,TRA,OPEN,OPEN
0232778109,20/09/26 17:11:57,20260920 171157,MA001,MC130,TRA,OPEN,OPEN
0232777899,20/09/26 17:12:04,20260920 171204,MA001,MA001,DIS,OPEN,OPEN
0816466776,20/09/26 17:12:04,20260920 171204,MA008,MA002,DIS,OPEN,OPEN
0176246919,20/09/26 17:12:04,20260920 171204,MA008,MA002,DIS,OPEN,OPEN
0232777897,20/09/26 17:12:13,20260920 171213,MA001,MA001,DIS,OPEN,OPEN
0232777974,20/09/26 17:12:17,20260920 171217,MA001,MA001,DIS,OPEN,OPEN
0232778109,20/09/26 17:13:57,20260920 171357,MA001,MA001,DIS,OPEN,OPEN
0232778024,20/09/26 17:14:20,20260920 171420,MB027,MC141,TRA,OPEN,OPEN
0232750911,20/09/26 17:14:29,20260920 171429,MB025,MA037,TRA,EARLY,EARLY
0232752094,20/09/26 17:14:34,20260920 171434,MB025,MA043,TRA,EARLY,EARLY
0232763925,20/09/26 17:15:25,20260920 171525,MA001,MC128,TRA,OPEN,OPEN
0232764369,20/09/26 17:15:41,20260920 171541,MA029,MA029,TRA,OPEN,OPEN
0232778247,20/09/26 17:16:25,20260920 171625,MA001,MC124,TRA,OPEN,OPEN
0232778024,20/09/26 17:16:29,20260920 171629,MB027,MB026,DIS,OPEN,OPEN
0157452347,20/09/26 17:16:37,20260920 171637,MB025,MC207,TRA,EARLY,EARLY
0918654581,20/09/26 17:16:41,20260920 171641,MA003,MB040,TRA,EARLY,EARLY
0232752094,20/09/26 17:16:41,20260920 171641,MB025,MB025,DIS,EARLY,EARLY
0232778261,20/09/26 17:16:41,20260920 171641,MA001,MC125,TRA,OPEN,OPEN
0918654393,20/09/26 17:16:57,20260920 171657,MB014,MB014,TRA,OPEN,OPEN
0157452414,20/09/26 17:17:12,20260920 171712,MB025,MC207,TRA,EARLY,EARLY
0232763925,20/09/26 17:17:25,20260920 171725,MA001,MA003,DIS,OPEN,OPEN
0232750911,20/09/26 17:18:04,20260920 171804,MB025,MB025,DIS,EARLY,EARLY
0232778333,20/09/26 17:18:18,20260920 171818,MA001,MC124,TRA,OPEN,OPEN
0232778247,20/09/26 17:18:25,20260920 171825,MA001,MA001,DIS,OPEN,OPEN
0232769415,20/09/26 17:18:29,20260920 171829,MB014,MB014,TRA,OPEN,OPEN
0232778261,20/09/26 17:18:37,20260920 171837,MA001,MA001,DIS,OPEN,OPEN
0157452347,20/09/26 17:18:37,20260920 171837,MB025,MB025,DIS,EARLY,EARLY
0918654581,20/09/26 17:18:53,20260920 171853,MA003,MA003,DIS,EARLY,EARLY
0157452414,20/09/26 17:19:13,20260920 171913,MB025,MB025,DIS,EARLY,EARLY
0232764369,20/09/26 17:19:13,20260920 171913,MA029,MA002,DIS,OPEN,OPEN
0232778692,20/09/26 17:19:22,20260920 171922,MB014,MB014,TRA,OPEN,OPEN
0232778670,20/09/26 17:19:29,20260920 171929,MA032,MA032,TRA,OPEN,OPEN
0232778333,20/09/26 17:20:17,20260920 172017,MA001,MA001,DIS,OPEN,OPEN
0232778893,20/09/26 17:20:17,20260920 172017,MA048,MA048,TRA,OPEN,OPEN
0918654393,20/09/26 17:20:44,20260920 172044,MB014,MB025,DIS,OPEN,OPEN
0232778865,20/09/26 17:21:01,20260920 172101,MA049,MA049,TRA,OPEN,OPEN
0232763173,20/09/26 17:21:17,20260920 172117,MB014,MB014,TRA,OPEN,OPEN
0232763183,20/09/26 17:21:25,20260920 172125,MA033,MA033,TRA,OPEN,OPEN
0232763677,20/09/26 17:21:41,20260920 172141,MA032,MA032,TRA,OPEN,OPEN
0232763556,20/09/26 17:22:05,20260920 172205,MA033,MA033,TRA,OPEN,OPEN
0232769415,20/09/26 17:22:17,20260920 172217,MB014,MB025,DIS,OPEN,OPEN
0232778488,20/09/26 17:22:44,20260920 172244,MA001,MC145,TRA,OPEN,OPEN
0232779202,20/09/26 17:22:49,20260920 172249,MA032,MA032,TRA,OPEN,OPEN
0232778692,20/09/26 17:22:53,20260920 172253,MB014,MB025,DIS,OPEN,OPEN
0232767625,20/09/26 17:23:01,20260920 172301,MA001,MC141,TRA,OPEN,OPEN
0232778670,20/09/26 17:23:05,20260920 172305,MA032,MA002,DIS,OPEN,OPEN
0232778566,20/09/26 17:23:05,20260920 172305,MA001,MC125,TRA,OPEN,OPEN
0232767589,20/09/26 17:23:25,20260920 172325,MA001,MC141,TRA,OPEN,OPEN
0232778529,20/09/26 17:23:32,20260920 172332,MA001,MC124,TRA,OPEN,OPEN
0232779203,20/09/26 17:23:41,20260920 172341,MA033,MA033,TRA,OPEN,OPEN
0232778512,20/09/26 17:23:45,20260920 172345,MA001,MC145,TRA,OPEN,OPEN
0232763427,20/09/26 17:23:46,20260920 172346,MA033,MA033,TRA,OPEN,OPEN
0232778602,20/09/26 17:23:49,20260920 172349,MA001,MC125,TRA,OPEN,OPEN
0232778893,20/09/26 17:23:57,20260920 172357,MA048,MA002,DIS,OPEN,OPEN
0232779119,20/09/26 17:24:09,20260920 172409,MA033,MA033,TRA,OPEN,OPEN
0232763125,20/09/26 17:24:30,20260920 172430,MA033,MA033,TRA,OPEN,OPEN
0232778865,20/09/26 17:24:33,20260920 172433,MA049,MA002,DIS,OPEN,OPEN
0232778741,20/09/26 17:24:45,20260920 172445,MA032,MA032,TRA,OPEN,OPEN
0232778488,20/09/26 17:24:45,20260920 172445,MA001,MA001,DIS,OPEN,OPEN
0232778921,20/09/26 17:24:49,20260920 172449,MB014,MB014,TRA,OPEN,OPEN
0232763228,20/09/26 17:24:49,20260920 172449,MA032,MA032,TRA,OPEN,OPEN
0232763173,20/09/26 17:24:53,20260920 172453,MB014,MB025,DIS,OPEN,OPEN
0232778566,20/09/26 17:25:05,20260920 172505,MA001,MA001,DIS,OPEN,OPEN
0232763183,20/09/26 17:25:05,20260920 172505,MA033,MA002,DIS,OPEN,OPEN
0232767625,20/09/26 17:25:13,20260920 172513,MA001,MA001,DIS,OPEN,OPEN
0232763677,20/09/26 17:25:17,20260920 172517,MA032,MA002,DIS,OPEN,OPEN
0232778529,20/09/26 17:25:33,20260920 172533,MA001,MA001,DIS,OPEN,OPEN
0232763511,20/09/26 17:25:36,20260920 172536,MA032,MA032,TRA,OPEN,OPEN
0232767589,20/09/26 17:25:36,20260920 172536,MA001,MA001,DIS,OPEN,OPEN
0232779160,20/09/26 17:25:41,20260920 172541,MA032,MA032,TRA,OPEN,OPEN
0232763556,20/09/26 17:25:45,20260920 172545,MA033,MA002,DIS,OPEN,OPEN
0232778602,20/09/26 17:25:45,20260920 172545,MA001,MA001,DIS,OPEN,OPEN
0232778512,20/09/26 17:25:56,20260920 172556,MA001,MA001,DIS,OPEN,OPEN
0232778742,20/09/26 17:26:21,20260920 172621,MA033,MA033,TRA,OPEN,OPEN
0232779202,20/09/26 17:26:26,20260920 172626,MA032,MA002,DIS,OPEN,OPEN
0232778675,20/09/26 17:26:33,20260920 172633,MA033,MA033,TRA,OPEN,OPEN
0232779285,20/09/26 17:26:57,20260920 172657,MA032,MA032,TRA,OPEN,OPEN
0232779001,20/09/26 17:27:01,20260920 172701,MA032,MA032,TRA,OPEN,OPEN
0738528348,20/09/26 17:27:02,20260920 172702,MC238,MC238,TRA,OPEN,OPEN
0232779221,20/09/26 17:27:05,20260920 172705,MA033,MA033,TRA,OPEN,OPEN
0232779203,20/09/26 17:27:17,20260920 172717,MA033,MA002,DIS,OPEN,OPEN
0232778938,20/09/26 17:27:21,20260920 172721,MA032,MA032,TRA,OPEN,OPEN
0232763427,20/09/26 17:27:25,20260920 172725,MA033,MA002,DIS,OPEN,OPEN
0232779119,20/09/26 17:27:45,20260920 172745,MA033,MA002,DIS,OPEN,OPEN
0232779265,20/09/26 17:27:45,20260920 172745,MA033,MA033,TRA,OPEN,OPEN
0232778491,20/09/26 17:28:00,20260920 172800,MA033,MA033,TRA,OPEN,OPEN
0232763125,20/09/26 17:28:05,20260920 172805,MA033,MA002,DIS,OPEN,OPEN
0232779304,20/09/26 17:28:09,20260920 172809,MA032,MA032,TRA,OPEN,OPEN
0232779417,20/09/26 17:28:13,20260920 172813,MA032,MA032,TRA,OPEN,OPEN
0232763228,20/09/26 17:28:21,20260920 172821,MA032,MA002,DIS,OPEN,OPEN
0232778741,20/09/26 17:28:25,20260920 172825,MA032,MA002,DIS,OPEN,OPEN
0232778921,20/09/26 17:28:25,20260920 172825,MB014,MB025,DIS,OPEN,OPEN
0232778989,20/09/26 17:28:29,20260920 172829,MA033,MA033,TRA,OPEN,OPEN
0232767610,20/09/26 17:28:33,20260920 172833,MB025,MB037,TRA,EARLY,EARLY
0232778735,20/09/26 17:28:45,20260920 172845,MA001,MC130,TRA,OPEN,OPEN
0232768423,20/09/26 17:29:00,20260920 172900,MB025,MB037,TRA,EARLY,EARLY
0232778035,20/09/26 17:29:00,20260920 172900,MB025,MB048,TRA,EARLY,EARLY
0232763511,20/09/26 17:29:09,20260920 172909,MA032,MA002,DIS,OPEN,OPEN
0232779160,20/09/26 17:29:21,20260920 172921,MA032,MA002,DIS,OPEN,OPEN
0232778871,20/09/26 17:29:21,20260920 172921,MB014,MB014,TRA,OPEN,OPEN
0232772365,20/09/26 17:29:33,20260920 172933,MA003,MB043,TRA,EARLY,EARLY
0232778742,20/09/26 17:29:57,20260920 172957,MA033,MA002,DIS,OPEN,OPEN
0232772331,20/09/26 17:30:05,20260920 173005,MA003,MB043,TRA,EARLY,EARLY
0232767980,20/09/26 17:30:08,20260920 173008,MB041,MB041,TRA,OPEN,OPEN
0232778675,20/09/26 17:30:13,20260920 173013,MA033,MA002,DIS,OPEN,OPEN
0232778227,20/09/26 17:30:13,20260920 173013,MB040,MB040,TRA,OPEN,OPEN
0232779285,20/09/26 17:30:29,20260920 173029,MA032,MA002,DIS,OPEN,OPEN
0232767610,20/09/26 17:30:33,20260920 173033,MB025,MB026,DIS,OPEN,OPEN
0232779001,20/09/26 17:30:41,20260920 173041,MA032,MA002,DIS,OPEN,OPEN
0232779221,20/09/26 17:30:41,20260920 173041,MA033,MA002,DIS,OPEN,OPEN
0232778735,20/09/26 17:30:45,20260920 173045,MA001,MA001,DIS,OPEN,OPEN
0232778938,20/09/26 17:30:57,20260920 173057,MA032,MA002,DIS,OPEN,OPEN
0232778035,20/09/26 17:31:01,20260920 173101,MB025,MB025,DIS,EARLY,EARLY
0232768423,20/09/26 17:31:09,20260920 173109,MB025,MB026,DIS,OPEN,OPEN
0232779551,20/09/26 17:31:13,20260920 173113,MA003,MA014,TRA,EARLY,EARLY
0738528611,20/09/26 17:31:14,20260920 173114,MC238,MC238,TRA,OPEN,OPEN
0232779265,20/09/26 17:31:25,20260920 173125,MA033,MA002,DIS,OPEN,OPEN
0232755368,20/09/26 17:31:29,20260920 173129,MC235,MA036,TRA,EARLY,EARLY
0232772365,20/09/26 17:31:33,20260920 173133,MA003,MA003,DIS,EARLY,EARLY
0232778491,20/09/26 17:31:37,20260920 173137,MA033,MA002,DIS,OPEN,OPEN
0232779304,20/09/26 17:31:45,20260920 173145,MA032,MA002,DIS,OPEN,OPEN
0157450697,20/09/26 17:31:45,20260920 173145,MB027,MC203,TRA,OPEN,OPEN
0738529334,20/09/26 17:31:49,20260920 173149,MA001,MC238,TRA,OPEN,OPEN
0157453715,20/09/26 17:31:49,20260920 173149,MB025,MC207,TRA,EARLY,EARLY
0232779417,20/09/26 17:31:52,20260920 173152,MA032,MA002,DIS,OPEN,OPEN
0232772331,20/09/26 17:32:01,20260920 173201,MA003,MA003,DIS,EARLY,EARLY
0232778989,20/09/26 17:32:05,20260920 173205,MA033,MA002,DIS,OPEN,OPEN
0232757312,20/09/26 17:32:06,20260920 173206,MC235,MC151,TRA,EARLY,EARLY
0232763189,20/09/26 17:32:09,20260920 173209,MB027,MC126,TRA,OPEN,OPEN
0232753121,20/09/26 17:32:10,20260920 173210,MC235,MC241,TRA,EARLY,EARLY
0232778227,20/09/26 17:32:13,20260920 173213,MB040,MB026,DIS,OPEN,OPEN
0232767980,20/09/26 17:32:17,20260920 173217,MB041,MB026,DIS,OPEN,OPEN
0157453716,20/09/26 17:32:21,20260920 173221,MB025,MC207,TRA,EARLY,EARLY
0232752785,20/09/26 17:32:26,20260920 173226,MC235,MC130,TRA,EARLY,EARLY
0738528348,20/09/26 17:32:37,20260920 173237,MC238,MC233,DIS,OPEN,OPEN
0157452745,20/09/26 17:32:44,20260920 173244,MB025,MC207,TRA,EARLY,EARLY
0232778871,20/09/26 17:33:05,20260920 173305,MB014,MB025,DIS,OPEN,OPEN
0232755368,20/09/26 17:33:06,20260920 173306,MC235,MC235,DIS,EARLY,EARLY
0232779459,20/09/26 17:33:13,20260920 173313,MA033,MA033,TRA,OPEN,OPEN
0232765336,20/09/26 17:33:13,20260920 173313,MB027,MC127,TRA,OPEN,OPEN
0232757312,20/09/26 17:33:42,20260920 173342,MC235,MC235,DIS,EARLY,EARLY
0157450697,20/09/26 17:33:45,20260920 173345,MB027,MB026,DIS,OPEN,OPEN
0232753121,20/09/26 17:33:47,20260920 173347,MC235,MC235,DIS,EARLY,EARLY
0232753268,20/09/26 17:33:54,20260920 173354,MC235,MC162,TRA,EARLY,EARLY
0157453715,20/09/26 17:33:56,20260920 173356,MB025,MB025,DIS,EARLY,EARLY
0232752785,20/09/26 17:34:01,20260920 173401,MC235,MC235,DIS,EARLY,EARLY
0232752968,20/09/26 17:34:05,20260920 173405,MC235,MA047,TRA,EARLY,EARLY
0232763189,20/09/26 17:34:09,20260920 173409,MB027,MB026,DIS,OPEN,OPEN
0232779551,20/09/26 17:34:13,20260920 173413,MA003,MA003,DIS,EARLY,EARLY
0157453716,20/09/26 17:34:21,20260920 173421,MB025,MB025,DIS,EARLY,EARLY
0738529334,20/09/26 17:34:37,20260920 173437,MA001,MA001,DIS,OPEN,OPEN
0232763378,20/09/26 17:34:41,20260920 173441,MA001,MC125,TRA,OPEN,OPEN
0157452745,20/09/26 17:34:45,20260920 173445,MB025,MB025,DIS,EARLY,EARLY
0232779267,20/09/26 17:34:52,20260920 173452,MA032,MA032,TRA,OPEN,OPEN
0232778698,20/09/26 17:34:57,20260920 173457,MA033,MA033,TRA,OPEN,OPEN
0232765336,20/09/26 17:35:13,20260920 173513,MB027,MB026,DIS,OPEN,OPEN
0232779588,20/09/26 17:35:13,20260920 173513,MA032,MA032,TRA,OPEN,OPEN
0232753268,20/09/26 17:35:30,20260920 173530,MC235,MC235,DIS,EARLY,EARLY
0232752968,20/09/26 17:35:41,20260920 173541,MC235,MC235,DIS,EARLY,EARLY
0232779477,20/09/26 17:36:29,20260920 173629,MA032,MA032,TRA,OPEN,OPEN
0232778651,20/09/26 17:36:33,20260920 173633,MA033,MA033,TRA,OPEN,OPEN
0738528611,20/09/26 17:36:34,20260920 173634,MC238,MC233,DIS,OPEN,OPEN
0232763378,20/09/26 17:36:38,20260920 173638,MA001,MA001,DIS,OPEN,OPEN
0232778326,20/09/26 17:37:05,20260920 173705,MB036,MB036,TRA,OPEN,OPEN
0071360326,20/09/26 17:37:06,20260920 173706,MC235,MB038,TRA,EARLY,EARLY
0232778685,20/09/26 17:37:22,20260920 173722,MB041,MB041,TRA,OPEN,OPEN
0232779262,20/09/26 17:37:22,20260920 173722,MA033,MA033,TRA,OPEN,OPEN
0232779459,20/09/26 17:38:24,20260920 173824,MA033,MA002,DIS,OPEN,OPEN
0232778946,20/09/26 17:38:29,20260920 173829,MB027,MC127,TRA,OPEN,OPEN
0232779267,20/09/26 17:38:33,20260920 173833,MA032,MA002,DIS,OPEN,OPEN
0232778698,20/09/26 17:38:42,20260920 173842,MA033,MA002,DIS,OPEN,OPEN
0071360326,20/09/26 17:38:42,20260920 173842,MC235,MC235,DIS,EARLY,EARLY
0232778679,20/09/26 17:38:49,20260920 173849,MB014,MB014,TRA,OPEN,OPEN
0232779588,20/09/26 17:38:54,20260920 173854,MA032,MA002,DIS,OPEN,OPEN
0232779496,20/09/26 17:39:05,20260920 173905,MB014,MB014,TRA,OPEN,OPEN
0232778326,20/09/26 17:39:13,20260920 173913,MB036,MB026,DIS,OPEN,OPEN
0232778685,20/09/26 17:39:21,20260920 173921,MB041,MB026,DIS,OPEN,OPEN
0232779477,20/09/26 17:40:05,20260920 174005,MA032,MA002,DIS,OPEN,OPEN
0232778651,20/09/26 17:40:13,20260920 174013,MA033,MA002,DIS,OPEN,OPEN
0232778946,20/09/26 17:40:33,20260920 174033,MB027,MB026,DIS,OPEN,OPEN
0232779688,20/09/26 17:40:45,20260920 174045,MB035,MB035,TRA,OPEN,OPEN
0232779262,20/09/26 17:40:53,20260920 174053,MA033,MA002,DIS,OPEN,OPEN
5816612804,20/09/26 17:41:09,20260920 174109,MB054,MB054,TRA,OPEN,OPEN
5816612977,20/09/26 17:41:12,20260920 174112,MB054,MB054,TRA,OPEN,OPEN
5816612805,20/09/26 17:41:17,20260920 174117,MB054,MB054,TRA,OPEN,OPEN
0232779989,20/09/26 17:41:28,20260920 174128,MA033,MA033,TRA,OPEN,OPEN
0157452011,20/09/26 17:42:09,20260920 174209,MB025,MC207,TRA,EARLY,EARLY
0232778679,20/09/26 17:42:25,20260920 174225,MB014,MB025,DIS,OPEN,OPEN
0074579264,20/09/26 17:42:29,20260920 174229,MB025,MC151,TRA,EARLY,EARLY
0232779496,20/09/26 17:42:49,20260920 174249,MB014,MB025,DIS,OPEN,OPEN
0232749704,20/09/26 17:43:49,20260920 174349,MB036,MB036,TRA,OPEN,OPEN
0232779865,20/09/26 17:43:56,20260920 174356,MB014,MB014,TRA,OPEN,OPEN
0232778846,20/09/26 17:43:57,20260920 174357,MA032,MA032,TRA,OPEN,OPEN
0232779688,20/09/26 17:44:16,20260920 174416,MB035,MB025,DIS,OPEN,OPEN
0232780110,20/09/26 17:44:29,20260920 174429,MA033,MA033,TRA,OPEN,OPEN
5816612804,20/09/26 17:44:57,20260920 174457,MB054,MB025,DIS,OPEN,OPEN
0232779989,20/09/26 17:45:01,20260920 174501,MA033,MA002,DIS,OPEN,OPEN
5816612977,20/09/26 17:45:01,20260920 174501,MB054,MB025,DIS,OPEN,OPEN
5816612805,20/09/26 17:45:05,20260920 174505,MB054,MB025,DIS,OPEN,OPEN
0157452011,20/09/26 17:45:45,20260920 174545,MB025,MB025,DIS,EARLY,EARLY
0232749704,20/09/26 17:45:50,20260920 174550,MB036,MB026,DIS,OPEN,OPEN
0074579264,20/09/26 17:46:05,20260920 174605,MB025,MB025,DIS,EARLY,EARLY
0232756462,20/09/26 17:46:33,20260920 174633,MB037,MB037,TRA,OPEN,OPEN
0232756035,20/09/26 17:46:53,20260920 174653,MB036,MB036,TRA,OPEN,OPEN
0232779451,20/09/26 17:47:21,20260920 174721,MA001,MC131,TRA,OPEN,OPEN
0232778846,20/09/26 17:47:29,20260920 174729,MA032,MA002,DIS,OPEN,OPEN
0232779865,20/09/26 17:47:36,20260920 174736,MB014,MB025,DIS,OPEN,OPEN
0232780110,20/09/26 17:48:06,20260920 174806,MA033,MA002,DIS,OPEN,OPEN
0232756462,20/09/26 17:48:33,20260920 174833,MB037,MB026,DIS,OPEN,OPEN
0232754854,20/09/26 17:48:45,20260920 174845,MB037,MB037,TRA,OPEN,OPEN
0232779344,20/09/26 17:48:52,20260920 174852,MB040,MB040,TRA,OPEN,OPEN
0232754408,20/09/26 17:49:01,20260920 174901,MB036,MB036,TRA,OPEN,OPEN
0232756035,20/09/26 17:49:01,20260920 174901,MB036,MB026,DIS,OPEN,OPEN
0232779451,20/09/26 17:49:17,20260920 174917,MA001,MA001,DIS,OPEN,OPEN
0232754854,20/09/26 17:50:45,20260920 175045,MB037,MB026,DIS,OPEN,OPEN
0157453997,20/09/26 17:50:45,20260920 175045,MB027,MC204,TRA,OPEN,OPEN
0232779344,20/09/26 17:50:53,20260920 175053,MB040,MB026,DIS,OPEN,OPEN
0232754408,20/09/26 17:51:09,20260920 175109,MB036,MB026,DIS,OPEN,OPEN
0938234676,20/09/26 17:51:17,20260920 175117,MB054,MB054,TRA,OPEN,OPEN
0232754910,20/09/26 17:52:09,20260920 175209,MB036,MB036,TRA,OPEN,OPEN
0618304567,20/09/26 17:52:12,20260920 175212,MA003,MB009,TRA,EARLY,EARLY
0232754393,20/09/26 17:52:26,20260920 175226,MB036,MB036,TRA,OPEN,OPEN
0232755670,20/09/26 17:52:37,20260920 175237,MB037,MB037,TRA,OPEN,OPEN
0157453997,20/09/26 17:52:45,20260920 175245,MB027,MB026,DIS,OPEN,OPEN
0232765172,20/09/26 17:52:58,20260920 175258,MA003,MC243,TRA,EARLY,EARLY
0232765006,20/09/26 17:53:09,20260920 175309,MB025,MC155,TRA,EARLY,EARLY
0232763459,20/09/26 17:53:13,20260920 175313,MA003,MB046,TRA,EARLY,EARLY
0232754583,20/09/26 17:53:17,20260920 175317,MB037,MB037,TRA,OPEN,OPEN
0232780323,20/09/26 17:53:21,20260920 175321,MA003,MC243,TRA,EARLY,EARLY
0232746656,20/09/26 17:53:22,20260920 175322,MC235,MC151,TRA,EARLY,EARLY
0232746857,20/09/26 17:53:30,20260920 175330,MC235,MB048,TRA,EARLY,EARLY
0232754966,20/09/26 17:53:33,20260920 175333,MB037,MB037,TRA,OPEN,OPEN
0232780360,20/09/26 17:53:33,20260920 175333,MA003,MC243,TRA,EARLY,EARLY
0232747126,20/09/26 17:53:38,20260920 175338,MC235,MC140,TRA,EARLY,EARLY
0232766887,20/09/26 17:53:45,20260920 175345,MA003,MA039,TRA,EARLY,EARLY
0157455576,20/09/26 17:53:49,20260920 175349,MB025,MC207,TRA,EARLY,EARLY
0232780412,20/09/26 17:53:49,20260920 175349,MA003,MC243,TRA,EARLY,EARLY
0232764754,20/09/26 17:53:52,20260920 175352,MB025,MA043,TRA,EARLY,EARLY
0232764585,20/09/26 17:53:52,20260920 175352,MA003,MC243,TRA,EARLY,EARLY
0232780410,20/09/26 17:53:57,20260920 175357,MA003,MC243,TRA,EARLY,EARLY
0232747391,20/09/26 17:53:58,20260920 175358,MC235,MC155,TRA,EARLY,EARLY
0232780250,20/09/26 17:54:13,20260920 175413,MB025,MB044,TRA,EARLY,EARLY
0618304567,20/09/26 17:54:13,20260920 175413,MA003,MA003,DIS,EARLY,EARLY
0232747414,20/09/26 17:54:14,20260920 175414,MC235,MC243,TRA,EARLY,EARLY
0232754910,20/09/26 17:54:17,20260920 175417,MB036,MB026,DIS,OPEN,OPEN
0232754393,20/09/26 17:54:29,20260920 175429,MB036,MB026,DIS,OPEN,OPEN
0232778838,20/09/26 17:54:29,20260920 175429,MB025,MB044,TRA,EARLY,EARLY
0232755670,20/09/26 17:54:41,20260920 175441,MB037,MB026,DIS,OPEN,OPEN
0232747420,20/09/26 17:54:46,20260920 175446,MC235,MC140,TRA,EARLY,EARLY
0232780243,20/09/26 17:54:49,20260920 175449,MB025,MA044,TRA,EARLY,EARLY
0232780210,20/09/26 17:54:53,20260920 175453,MB025,MA039,TRA,EARLY,EARLY
0938234676,20/09/26 17:54:53,20260920 175453,MB054,MB025,DIS,OPEN,OPEN
0232746656,20/09/26 17:54:58,20260920 175458,MC235,MC235,DIS,EARLY,EARLY
0232746914,20/09/26 17:54:58,20260920 175458,MC235,MB048,TRA,EARLY,EARLY
0232747060,20/09/26 17:55:02,20260920 175502,MC235,MC243,TRA,EARLY,EARLY
0232746857,20/09/26 17:55:05,20260920 175505,MC235,MC235,DIS,EARLY,EARLY
0232765172,20/09/26 17:55:09,20260920 175509,MA003,MA003,DIS,EARLY,EARLY
0232765006,20/09/26 17:55:09,20260920 175509,MB025,MB025,DIS,EARLY,EARLY
0125149827,20/09/26 17:55:09,20260920 175509,MC235,MC242,TRA,EARLY,EARLY
0232763459,20/09/26 17:55:09,20260920 175509,MA003,MA003,DIS,EARLY,EARLY
0232780494,20/09/26 17:55:13,20260920 175513,MA003,MA040,TRA,EARLY,EARLY
0232747126,20/09/26 17:55:14,20260920 175514,MC235,MC235,DIS,EARLY,EARLY
0232747276,20/09/26 17:55:14,20260920 175514,MC235,MC151,TRA,EARLY,EARLY
0232747048,20/09/26 17:55:18,20260920 175518,MC235,MC243,TRA,EARLY,EARLY
0232754583,20/09/26 17:55:25,20260920 175525,MB037,MB026,DIS,OPEN,OPEN
0232780360,20/09/26 17:55:29,20260920 175529,MA003,MA003,DIS,EARLY,EARLY
0232754966,20/09/26 17:55:33,20260920 175533,MB037,MB026,DIS,OPEN,OPEN
0232780323,20/09/26 17:55:33,20260920 175533,MA003,MA003,DIS,EARLY,EARLY
0232747391,20/09/26 17:55:34,20260920 175534,MC235,MC235,DIS,EARLY,EARLY
0232746919,20/09/26 17:55:34,20260920 175534,MC235,MB048,TRA,EARLY,EARLY
0232779775,20/09/26 17:55:41,20260920 175541,MA001,MC130,TRA,OPEN,OPEN
0232746630,20/09/26 17:55:42,20260920 175542,MC235,MC151,TRA,EARLY,EARLY
0232766887,20/09/26 17:55:44,20260920 175544,MA003,MA003,DIS,EARLY,EARLY
0232780504,20/09/26 17:55:44,20260920 175544,MA003,MC243,TRA,EARLY,EARLY
0157455576,20/09/26 17:55:49,20260920 175549,MB025,MB025,DIS,EARLY,EARLY
0232764754,20/09/26 17:55:53,20260920 175553,MB025,MB025,DIS,EARLY,EARLY
0232764585,20/09/26 17:55:53,20260920 175553,MA003,MA003,DIS,EARLY,EARLY
0232747414,20/09/26 17:55:54,20260920 175554,MC235,MC235,DIS,EARLY,EARLY
0232747119,20/09/26 17:55:54,20260920 175554,MC235,MC140,TRA,EARLY,EARLY
0232780412,20/09/26 17:55:58,20260920 175558,MA003,MA003,DIS,EARLY,EARLY
0232778811,20/09/26 17:56:01,20260920 175601,MB025,MB044,TRA,EARLY,EARLY
0232746348,20/09/26 17:56:06,20260920 175606,MC235,MC242,TRA,EARLY,EARLY
0232780410,20/09/26 17:56:10,20260920 175610,MA003,MA003,DIS,EARLY,EARLY
0232780207,20/09/26 17:56:17,20260920 175617,MB025,MA039,TRA,EARLY,EARLY
0232763625,20/09/26 17:56:17,20260920 175617,MA003,MA050,TRA,EARLY,EARLY
0232780250,20/09/26 17:56:21,20260920 175621,MB025,MB025,DIS,EARLY,EARLY
0232746848,20/09/26 17:56:22,20260920 175622,MC235,MB048,TRA,EARLY,EARLY
0232747420,20/09/26 17:56:22,20260920 175622,MC235,MC235,DIS,EARLY,EARLY
0232778838,20/09/26 17:56:29,20260920 175629,MB025,MB025,DIS,EARLY,EARLY
0232747104,20/09/26 17:56:30,20260920 175630,MC235,MC140,TRA,EARLY,EARLY
0232746914,20/09/26 17:56:38,20260920 175638,MC235,MC235,DIS,EARLY,EARLY
0232746849,20/09/26 17:56:38,20260920 175638,MC235,MA048,TRA,EARLY,EARLY
0232747060,20/09/26 17:56:38,20260920 175638,MC235,MC235,DIS,EARLY,EARLY
0232778896,20/09/26 17:56:40,20260920 175640,MB025,MB044,TRA,EARLY,EARLY
0232767772,20/09/26 17:56:40,20260920 175640,MA003,MC163,TRA,EARLY,EARLY
0125149827,20/09/26 17:56:46,20260920 175646,MC235,MC235,DIS,EARLY,EARLY
0232780243,20/09/26 17:56:49,20260920 175649,MB025,MB025,DIS,EARLY,EARLY
0232747276,20/09/26 17:56:50,20260920 175650,MC235,MC235,DIS,EARLY,EARLY
0232768690,20/09/26 17:56:53,20260920 175653,MB025,MA039,TRA,EARLY,EARLY
0232746671,20/09/26 17:56:53,20260920 175653,MC235,MC151,TRA,EARLY,EARLY
0232780210,20/09/26 17:56:53,20260920 175653,MB025,MB025,DIS,EARLY,EARLY
0232764462,20/09/26 17:56:57,20260920 175657,MB025,MC151,TRA,EARLY,EARLY
0232746636,20/09/26 17:56:58,20260920 175658,MC235,MC151,TRA,EARLY,EARLY
0232747048,20/09/26 17:56:58,20260920 175658,MC235,MC235,DIS,EARLY,EARLY
4816699871,20/09/26 17:57:06,20260920 175706,MC235,MB054,TRA,EARLY,EARLY
0232780409,20/09/26 17:57:06,20260920 175706,MB025,MA008,TRA,EARLY,EARLY
0232746919,20/09/26 17:57:10,20260920 175710,MC235,MC235,DIS,EARLY,EARLY
0232780494,20/09/26 17:57:13,20260920 175713,MA003,MA003,DIS,EARLY,EARLY
0232746337,20/09/26 17:57:14,20260920 175714,MC235,MA034,TRA,EARLY,EARLY
0232746630,20/09/26 17:57:22,20260920 175722,MC235,MC235,DIS,EARLY,EARLY
0232746387,20/09/26 17:57:22,20260920 175722,MC235,MC242,TRA,EARLY,EARLY
0232780539,20/09/26 17:57:29,20260920 175729,MA003,MA009,TRA,EARLY,EARLY
0232780209,20/09/26 17:57:29,20260920 175729,MB025,MA039,TRA,EARLY,EARLY
0232747119,20/09/26 17:57:30,20260920 175730,MC235,MC235,DIS,EARLY,EARLY
0232746046,20/09/26 17:57:30,20260920 175730,MC235,MC242,TRA,EARLY,EARLY
0232780504,20/09/26 17:57:45,20260920 175745,MA003,MA003,DIS,EARLY,EARLY
0232780208,20/09/26 17:57:46,20260920 175746,MB025,MA039,TRA,EARLY,EARLY
0232779775,20/09/26 17:57:53,20260920 175753,MA001,MA001,DIS,OPEN,OPEN
0232746848,20/09/26 17:57:58,20260920 175758,MC235,MC235,DIS,EARLY,EARLY
0232765338,20/09/26 17:58:01,20260920 175801,MA003,MC149,TRA,EARLY,EARLY
0232779573,20/09/26 17:58:05,20260920 175805,MB025,MC243,TRA,EARLY,EARLY
0232747104,20/09/26 17:58:06,20260920 175806,MC235,MC235,DIS,EARLY,EARLY
0232778811,20/09/26 17:58:09,20260920 175809,MB025,MB025,DIS,EARLY,EARLY
0232780087,20/09/26 17:58:12,20260920 175812,MB025,MC243,TRA,EARLY,EARLY
0232763625,20/09/26 17:58:13,20260920 175813,MA003,MA003,DIS,EARLY,EARLY
0232746348,20/09/26 17:58:14,20260920 175814,MC235,MC235,DIS,EARLY,EARLY
0232746849,20/09/26 17:58:14,20260920 175814,MC235,MC235,DIS,EARLY,EARLY
0232746954,20/09/26 17:58:22,20260920 175822,MC235,MB048,TRA,EARLY,EARLY
0232780207,20/09/26 17:58:25,20260920 175825,MB025,MB025,DIS,EARLY,EARLY
0232767808,20/09/26 17:58:29,20260920 175829,MA003,MC163,TRA,EARLY,EARLY
0232746671,20/09/26 17:58:30,20260920 175830,MC235,MC235,DIS,EARLY,EARLY
0232746636,20/09/26 17:58:34,20260920 175834,MC235,MC235,DIS,EARLY,EARLY
0738530683,20/09/26 17:58:34,20260920 175834,MC241,MC241,TRA,OPEN,OPEN
0618304794,20/09/26 17:58:41,20260920 175841,MA003,MB009,TRA,EARLY,EARLY
0232767772,20/09/26 17:58:41,20260920 175841,MA003,MA003,DIS,EARLY,EARLY
4816699871,20/09/26 17:58:42,20260920 175842,MC235,MC235,DIS,EARLY,EARLY
0232778896,20/09/26 17:58:48,20260920 175848,MB025,MB025,DIS,EARLY,EARLY
0232746337,20/09/26 17:58:50,20260920 175850,MC235,MC235,DIS,EARLY,EARLY
0232746387,20/09/26 17:58:58,20260920 175858,MC235,MC235,DIS,EARLY,EARLY
0232768690,20/09/26 17:59:02,20260920 175902,MB025,MB025,DIS,EARLY,EARLY
0232764462,20/09/26 17:59:05,20260920 175905,MB025,MB025,DIS,EARLY,EARLY
0232746046,20/09/26 17:59:06,20260920 175906,MC235,MC235,DIS,EARLY,EARLY
0232746249,20/09/26 17:59:06,20260920 175906,MC235,MB042,TRA,EARLY,EARLY
0232780409,20/09/26 17:59:13,20260920 175913,MB025,MB025,DIS,EARLY,EARLY
4816699918,20/09/26 17:59:14,20260920 175914,MC235,MB054,TRA,EARLY,EARLY
4816700601,20/09/26 17:59:17,20260920 175917,MA003,MB054,TRA,EARLY,EARLY
0232780539,20/09/26 17:59:25,20260920 175925,MA003,MA003,DIS,EARLY,EARLY
0232780230,20/09/26 17:59:29,20260920 175929,MB025,MB046,TRA,EARLY,EARLY
0232780209,20/09/26 17:59:29,20260920 175929,MB025,MB025,DIS,EARLY,EARLY
0232746251,20/09/26 17:59:30,20260920 175930,MC235,MB042,TRA,EARLY,EARLY
0232745966,20/09/26 17:59:34,20260920 175934,MC235,MB044,TRA,EARLY,EARLY
0232765358,20/09/26 17:59:37,20260920 175937,MB025,MA044,TRA,EARLY,EARLY
0232780334,20/09/26 17:59:37,20260920 175937,MB025,MA009,TRA,EARLY,EARLY
0232780208,20/09/26 17:59:49,20260920 175949,MB025,MB025,DIS,EARLY,EARLY
0232780699,20/09/26 17:59:53,20260920 175953,MA003,MC151,TRA,EARLY,EARLY
0232746954,20/09/26 17:59:58,20260920 175958,MC235,MC235,DIS,EARLY,EARLY
0232765338,20/09/26 18:00:01,20260920 180001,MA003,MA003,DIS,EARLY,EARLY
0232779573,20/09/26 18:00:05,20260920 180005,MB025,MB026,DIS,OPEN,OPEN
0232780087,20/09/26 18:00:21,20260920 180021,MB025,MB025,DIS,OPEN,OPEN
0232767808,20/09/26 18:00:25,20260920 180025,MA003,MA003,DIS,OPEN,OPEN
0157456124,20/09/26 18:00:25,20260920 180025,MB025,MC207,TRA,EARLY,EARLY
0232779836,20/09/26 18:00:29,20260920 180029,MB027,MC243,TRA,OPEN,OPEN
0738530683,20/09/26 18:00:38,20260920 180038,MC241,MC235,DIS,OPEN,OPEN
0232746249,20/09/26 18:00:42,20260920 180042,MC235,MC235,DIS,EARLY,EARLY
0232779839,20/09/26 18:00:49,20260920 180049,MB027,MC243,TRA,OPEN,OPEN
4816699918,20/09/26 18:00:50,20260920 180050,MC235,MC235,DIS,EARLY,EARLY
0618304794,20/09/26 18:00:53,20260920 180053,MA003,MA003,DIS,EARLY,EARLY
0232746251,20/09/26 18:01:05,20260920 180105,MC235,MC235,DIS,EARLY,EARLY
0232771527,20/09/26 18:01:06,20260920 180106,MA003,MA040,TRA,EARLY,EARLY
0232780697,20/09/26 18:01:06,20260920 180106,MB025,MC151,TRA,EARLY,EARLY
0232745966,20/09/26 18:01:10,20260920 180110,MC235,MC235,DIS,OPEN,OPEN
0235740241,20/09/26 18:01:14,20260920 180114,MC235,MC151,TRA,EARLY,EARLY
4816700601,20/09/26 18:01:30,20260920 180130,MA003,MA003,DIS,EARLY,EARLY
0232780230,20/09/26 18:01:33,20260920 180133,MB025,MB025,DIS,EARLY,EARLY
0232765308,20/09/26 18:01:33,20260920 180133,MA003,MC149,TRA,EARLY,EARLY
0232780334,20/09/26 18:01:37,20260920 180137,MB025,MB025,DIS,EARLY,EARLY
0232765358,20/09/26 18:01:40,20260920 180140,MB025,MB025,DIS,EARLY,EARLY
0816466782,20/09/26 18:01:45,20260920 180145,MA003,MA006,TRA,EARLY,EARLY
0235753249,20/09/26 18:01:49,20260920 180149,MC235,MC148,TRA,EARLY,EARLY
4816700567,20/09/26 18:01:53,20260920 180153,MA003,MB054,TRA,EARLY,EARLY
0232780699,20/09/26 18:01:53,20260920 180153,MA003,MA003,DIS,EARLY,EARLY
0235744503,20/09/26 18:01:54,20260920 180154,MC235,MC155,TRA,EARLY,EARLY
0232763906,20/09/26 18:02:05,20260920 180205,MB025,MC151,TRA,EARLY,EARLY
7816942707,20/09/26 18:02:09,20260920 180209,MA003,MB054,TRA,EARLY,EARLY
0232765328,20/09/26 18:02:21,20260920 180221,MB037,MB037,TRA,OPEN,OPEN
0232780702,20/09/26 18:02:25,20260920 180225,MB025,MC151,TRA,EARLY,EARLY
0157456124,20/09/26 18:02:26,20260920 180226,MB025,MB025,DIS,EARLY,EARLY
0232765381,20/09/26 18:02:33,20260920 180233,MB025,MA044,TRA,EARLY,EARLY
0232780775,20/09/26 18:02:33,20260920 180233,MA003,MB050,TRA,EARLY,EARLY
0232777640,20/09/26 18:02:37,20260920 180237,MB025,MC138,TRA,EARLY,EARLY
0232779836,20/09/26 18:02:37,20260920 180237,MB027,MB026,DIS,OPEN,OPEN
0232780674,20/09/26 18:02:40,20260920 180240,MA036,MA036,TRA,OPEN,OPEN
0232779839,20/09/26 18:02:49,20260920 180249,MB027,MB026,DIS,OPEN,OPEN
0235740241,20/09/26 18:02:50,20260920 180250,MC235,MC235,DIS,EARLY,EARLY
0232780750,20/09/26 18:02:57,20260920 180257,MA001,MC243,TRA,OPEN,OPEN
0232780697,20/09/26 18:03:05,20260920 180305,MB025,MB025,DIS,EARLY,EARLY
0232771527,20/09/26 18:03:05,20260920 180305,MA003,MA003,DIS,EARLY,EARLY
0232780813,20/09/26 18:03:17,20260920 180317,MB036,MB036,TRA,OPEN,OPEN
0235753249,20/09/26 18:03:26,20260920 180326,MC235,MC235,DIS,EARLY,EARLY
0232765308,20/09/26 18:03:29,20260920 180329,MA003,MA003,DIS,EARLY,EARLY
0235744503,20/09/26 18:03:34,20260920 180334,MC235,MC235,DIS,EARLY,EARLY
0232755364,20/09/26 18:03:46,20260920 180346,MB027,MA036,TRA,OPEN,OPEN
0870696150,20/09/26 18:03:49,20260920 180349,MA001,MC159,TRA,OPEN,OPEN
0232764850,20/09/26 18:03:49,20260920 180349,MB027,MA039,TRA,OPEN,OPEN
4816700567,20/09/26 18:03:53,20260920 180353,MA003,MA003,DIS,EARLY,EARLY
0816466782,20/09/26 18:03:58,20260920 180358,MA003,MA003,DIS,EARLY,EARLY
0235728455,20/09/26 18:03:58,20260920 180358,MC235,MC154,TRA,EARLY,EARLY
0232780844,20/09/26 18:04:01,20260920 180401,MB036,MB036,TRA,OPEN,OPEN
0235762081,20/09/26 18:04:02,20260920 180402,MC235,MC155,TRA,EARLY,EARLY
0232778551,20/09/26 18:04:05,20260920 180405,MB025,MC155,TRA,EARLY,EARLY
0738530442,20/09/26 18:04:10,20260920 180410,MC238,MC238,TRA,OPEN,OPEN
0870696147,20/09/26 18:04:13,20260920 180413,MA001,MC158,TRA,OPEN,OPEN
0232763906,20/09/26 18:04:17,20260920 180417,MB025,MB025,DIS,EARLY,EARLY
0232755069,20/09/26 18:04:18,20260920 180418,MB027,MA036,TRA,OPEN,OPEN
0232765328,20/09/26 18:04:21,20260920 180421,MB037,MB026,DIS,OPEN,OPEN
0232779580,20/09/26 18:04:25,20260920 180425,MB027,MC243,TRA,OPEN,OPEN
7816942707,20/09/26 18:04:25,20260920 180425,MA003,MA003,DIS,EARLY,EARLY
0232780702,20/09/26 18:04:25,20260920 180425,MB025,MB025,DIS,EARLY,EARLY
0232765381,20/09/26 18:04:29,20260920 180429,MB025,MB025,DIS,EARLY,EARLY
0232780775,20/09/26 18:04:29,20260920 180429,MA003,MA003,DIS,EARLY,EARLY
0232780674,20/09/26 18:04:41,20260920 180441,MA036,MA003,DIS,OPEN,OPEN
0232777640,20/09/26 18:04:46,20260920 180446,MB025,MB025,DIS,EARLY,EARLY
0232772508,20/09/26 18:04:58,20260920 180458,MA033,MA033,TRA,OPEN,OPEN
0232762735,20/09/26 18:05:05,20260920 180505,MB036,MB036,TRA,OPEN,OPEN
0232779788,20/09/26 18:05:05,20260920 180505,MB036,MB036,TRA,OPEN,OPEN
0232772151,20/09/26 18:05:05,20260920 180505,MA033,MA033,TRA,OPEN,OPEN
0232780750,20/09/26 18:05:10,20260920 180510,MA001,MA003,DIS,OPEN,OPEN
0232771432,20/09/26 18:05:13,20260920 180513,MA033,MA033,TRA,OPEN,OPEN
0232765691,20/09/26 18:05:17,20260920 180517,MB036,MB036,TRA,OPEN,OPEN
0235740154,20/09/26 18:05:22,20260920 180522,MC235,MC151,TRA,EARLY,EARLY
0232771615,20/09/26 18:05:25,20260920 180525,MA033,MA033,TRA,OPEN,OPEN
0117938340,20/09/26 18:05:29,20260920 180529,MC235,MB046,TRA,EARLY,EARLY
0235735886,20/09/26 18:05:29,20260920 180529,MC235,MC150,TRA,EARLY,EARLY
0232753798,20/09/26 18:05:33,20260920 180533,MB037,MB037,TRA,OPEN,OPEN
0235728455,20/09/26 18:05:34,20260920 180534,MC235,MC235,DIS,EARLY,EARLY
0312302027,20/09/26 18:05:37,20260920 180537,MA003,MA054,TRA,EARLY,EARLY
0235728602,20/09/26 18:05:42,20260920 180542,MC235,MC154,TRA,EARLY,EARLY
0235762081,20/09/26 18:05:42,20260920 180542,MC235,MC235,DIS,EARLY,EARLY
0232755364,20/09/26 18:05:45,20260920 180545,MB027,MB026,DIS,OPEN,OPEN
0232780901,20/09/26 18:05:45,20260920 180545,MB036,MB036,TRA,OPEN,OPEN
0232764850,20/09/26 18:05:49,20260920 180549,MB027,MB025,DIS,OPEN,OPEN
0870696150,20/09/26 18:05:49,20260920 180549,MA001,MA001,DIS,OPEN,OPEN
0232780889,20/09/26 18:05:49,20260920 180549,MA003,MC151,TRA,EARLY,EARLY
0232780768,20/09/26 18:06:05,20260920 180605,MB036,MB036,TRA,OPEN,OPEN
0312302028,20/09/26 18:06:09,20260920 180609,MA003,MA054,TRA,EARLY,EARLY
0235756417,20/09/26 18:06:10,20260920 180610,MC235,MC154,TRA,EARLY,EARLY
0870696147,20/09/26 18:06:14,20260920 180614,MA001,MA001,DIS,OPEN,OPEN
0232778551,20/09/26 18:06:14,20260920 180614,MB025,MB025,DIS,EARLY,EARLY
0232780127,20/09/26 18:06:17,20260920 180617,MA001,MC243,TRA,OPEN,OPEN
0232755069,20/09/26 18:06:17,20260920 180617,MB027,MB026,DIS,OPEN,OPEN
0232755022,20/09/26 18:06:17,20260920 180617,MB027,MA036,TRA,OPEN,OPEN
0232779580,20/09/26 18:06:33,20260920 180633,MB027,MB026,DIS,OPEN,OPEN
0157455841,20/09/26 18:06:45,20260920 180645,MB025,MC207,TRA,EARLY,EARLY
0235752423,20/09/26 18:06:46,20260920 180646,MC235,MC150,TRA,EARLY,EARLY
0870696169,20/09/26 18:06:50,20260920 180650,MA001,MC159,TRA,OPEN,OPEN
0232772345,20/09/26 18:06:53,20260920 180653,MA032,MA032,TRA,OPEN,OPEN
0232753313,20/09/26 18:06:57,20260920 180657,MB037,MB037,TRA,OPEN,OPEN
0235740154,20/09/26 18:07:02,20260920 180702,MC235,MC235,DIS,EARLY,EARLY
0232780813,20/09/26 18:07:05,20260920 180705,MB036,MB025,DIS,OPEN,OPEN
0235735886,20/09/26 18:07:06,20260920 180706,MC235,MC235,DIS,EARLY,EARLY
0235752502,20/09/26 18:07:06,20260920 180706,MC235,MC150,TRA,EARLY,EARLY
0117938340,20/09/26 18:07:06,20260920 180706,MC235,MC235,DIS,EARLY,EARLY
0235728602,20/09/26 18:07:18,20260920 180718,MC235,MC235,DIS,EARLY,EARLY
0232753798,20/09/26 18:07:35,20260920 180735,MB037,MB026,DIS,OPEN,OPEN
0235756417,20/09/26 18:07:46,20260920 180746,MC235,MC235,DIS,EARLY,EARLY
0312302027,20/09/26 18:07:49,20260920 180749,MA003,MA003,DIS,EARLY,EARLY
0232780844,20/09/26 18:07:49,20260920 180749,MB036,MB025,DIS,OPEN,OPEN
0232780239,20/09/26 18:07:53,20260920 180753,MA001,MC142,TRA,OPEN,OPEN
0232780889,20/09/26 18:08:04,20260920 180804,MA003,MA003,DIS,EARLY,EARLY
0232755022,20/09/26 18:08:19,20260920 180819,MB027,MB026,DIS,OPEN,OPEN
0232780127,20/09/26 18:08:19,20260920 180819,MA001,MA001,DIS,OPEN,OPEN
0312302028,20/09/26 18:08:23,20260920 180823,MA003,MA003,DIS,EARLY,EARLY
0235752423,20/09/26 18:08:27,20260920 180827,MC235,MC235,DIS,EARLY,EARLY
0232780187,20/09/26 18:08:37,20260920 180837,MA001,MC243,TRA,OPEN,OPEN
0232772508,20/09/26 18:08:37,20260920 180837,MA033,MA002,DIS,OPEN,OPEN
0235752502,20/09/26 18:08:41,20260920 180841,MC235,MC235,DIS,EARLY,EARLY
0232762735,20/09/26 18:08:41,20260920 180841,MB036,MB025,DIS,OPEN,OPEN
0232772151,20/09/26 18:08:47,20260920 180847,MA033,MA002,DIS,OPEN,OPEN
0232765093,20/09/26 18:08:47,20260920 180847,MA001,MC128,TRA,OPEN,OPEN
0232779788,20/09/26 18:08:49,20260920 180849,MB036,MB025,DIS,OPEN,OPEN
0232765691,20/09/26 18:08:53,20260920 180853,MB036,MB025,DIS,OPEN,OPEN
0157455841,20/09/26 18:08:53,20260920 180853,MB025,MB025,DIS,EARLY,EARLY
0232771432,20/09/26 18:08:53,20260920 180853,MA033,MA002,DIS,OPEN,OPEN
0870696169,20/09/26 18:08:57,20260920 180857,MA001,MA001,DIS,OPEN,OPEN
0232780129,20/09/26 18:08:57,20260920 180857,MB044,MB044,TRA,OPEN,OPEN
0232753313,20/09/26 18:08:57,20260920 180857,MB037,MB026,DIS,OPEN,OPEN
0232771373,20/09/26 18:09:06,20260920 180906,MA033,MA033,TRA,OPEN,OPEN
0232771615,20/09/26 18:09:06,20260920 180906,MA033,MA002,DIS,OPEN,OPEN
0738530442,20/09/26 18:09:30,20260920 180930,MC238,MC233,DIS,OPEN,OPEN
0232780901,20/09/26 18:09:33,20260920 180933,MB036,MB025,DIS,OPEN,OPEN
0232780239,20/09/26 18:09:49,20260920 180949,MA001,MA001,DIS,OPEN,OPEN
0232780768,20/09/26 18:09:49,20260920 180949,MB036,MB025,DIS,OPEN,OPEN
0232771352,20/09/26 18:10:21,20260920 181021,MA032,MA032,TRA,OPEN,OPEN
0232771840,20/09/26 18:10:25,20260920 181025,MA033,MA033,TRA,OPEN,OPEN
0232772345,20/09/26 18:10:33,20260920 181033,MA032,MA002,DIS,OPEN,OPEN
0232765435,20/09/26 18:10:37,20260920 181037,MA001,MC127,TRA,OPEN,OPEN
0232780187,20/09/26 18:10:37,20260920 181037,MA001,MA001,DIS,OPEN,OPEN
0870696215,20/09/26 18:10:49,20260920 181049,MA001,MC159,TRA,OPEN,OPEN
0232773014,20/09/26 18:10:57,20260920 181057,MA032,MA032,TRA,OPEN,OPEN
0232765093,20/09/26 18:10:57,20260920 181057,MA001,MA001,DIS,OPEN,OPEN
0870696185,20/09/26 18:10:57,20260920 181057,MA001,MC159,TRA,OPEN,OPEN
0232780129,20/09/26 18:11:05,20260920 181105,MB044,MB026,DIS,OPEN,OPEN
0232771525,20/09/26 18:11:21,20260920 181121,MA032,MA032,TRA,OPEN,OPEN
0232771402,20/09/26 18:11:25,20260920 181125,MA033,MA033,TRA,OPEN,OPEN
0870696212,20/09/26 18:11:33,20260920 181133,MA001,MC158,TRA,OPEN,OPEN
0232771317,20/09/26 18:11:37,20260920 181137,MA032,MA032,TRA,OPEN,OPEN
0232771393,20/09/26 18:11:41,20260920 181141,MA033,MA033,TRA,OPEN,OPEN
0870696186,20/09/26 18:11:41,20260920 181141,MA001,MC159,TRA,OPEN,OPEN
0232766678,20/09/26 18:11:49,20260920 181149,MA001,MC124,TRA,OPEN,OPEN
0232765481,20/09/26 18:12:01,20260920 181201,MA001,MC142,TRA,OPEN,OPEN
0232780441,20/09/26 18:12:05,20260920 181205,MA001,MC142,TRA,OPEN,OPEN
0232766672,20/09/26 18:12:13,20260920 181213,MA001,MC125,TRA,OPEN,OPEN
0738531343,20/09/26 18:12:13,20260920 181213,MC238,MC238,TRA,OPEN,OPEN
0232765435,20/09/26 18:12:37,20260920 181237,MA001,MA001,DIS,OPEN,OPEN
0232771373,20/09/26 18:12:45,20260920 181245,MA033,MA002,DIS,OPEN,OPEN
0870696185,20/09/26 18:12:57,20260920 181257,MA001,MA001,DIS,OPEN,OPEN
0870696215,20/09/26 18:13:01,20260920 181301,MA001,MA001,DIS,OPEN,OPEN
0870696221,20/09/26 18:13:01,20260920 181301,MA001,MC158,TRA,OPEN,OPEN
0232769968,20/09/26 18:13:13,20260920 181313,MB034,MB034,TRA,OPEN,OPEN
0870696222,20/09/26 18:13:29,20260920 181329,MA001,MC159,TRA,OPEN,OPEN
0870696212,20/09/26 18:13:33,20260920 181333,MA001,MA001,DIS,OPEN,OPEN
0870696223,20/09/26 18:13:33,20260920 181333,MA001,MC158,TRA,OPEN,OPEN
0232766751,20/09/26 18:13:37,20260920 181337,MA001,MC124,TRA,OPEN,OPEN
0232780406,20/09/26 18:13:45,20260920 181345,MA001,MC142,TRA,OPEN,OPEN
0232766678,20/09/26 18:13:48,20260920 181348,MA001,MA001,DIS,OPEN,OPEN
0870696186,20/09/26 18:13:53,20260920 181353,MA001,MA001,DIS,OPEN,OPEN
0232771352,20/09/26 18:13:57,20260920 181357,MA032,MA002,DIS,OPEN,OPEN
0232771840,20/09/26 18:14:01,20260920 181401,MA033,MA002,DIS,OPEN,OPEN
0232780441,20/09/26 18:14:05,20260920 181405,MA001,MA001,DIS,OPEN,OPEN
0232765481,20/09/26 18:14:14,20260920 181414,MA001,MA001,DIS,OPEN,OPEN
0232766672,20/09/26 18:14:25,20260920 181425,MA001,MA001,DIS,OPEN,OPEN
0232773014,20/09/26 18:14:37,20260920 181437,MA032,MA002,DIS,OPEN,OPEN
0232766833,20/09/26 18:14:37,20260920 181437,MB027,MA038,TRA,OPEN,OPEN
0232771124,20/09/26 18:14:45,20260920 181445,MB034,MB034,TRA,OPEN,OPEN
0232780834,20/09/26 18:14:46,20260920 181446,MA033,MA033,TRA,OPEN,OPEN
0232771525,20/09/26 18:15:01,20260920 181501,MA032,MA002,DIS,OPEN,OPEN
0870696221,20/09/26 18:15:02,20260920 181502,MA001,MA001,DIS,OPEN,OPEN
0232771402,20/09/26 18:15:05,20260920 181505,MA033,MA002,DIS,OPEN,OPEN
0232771317,20/09/26 18:15:17,20260920 181517,MA032,MA002,DIS,OPEN,OPEN
0232771393,20/09/26 18:15:21,20260920 181521,MA033,MA002,DIS,OPEN,OPEN
0232771761,20/09/26 18:15:30,20260920 181530,MA032,MA032,TRA,OPEN,OPEN
0870696222,20/09/26 18:15:30,20260920 181530,MA001,MA001,DIS,OPEN,OPEN
0232766751,20/09/26 18:15:33,20260920 181533,MA001,MA001,DIS,OPEN,OPEN
0870696223,20/09/26 18:15:46,20260920 181546,MA001,MA001,DIS,OPEN,OPEN
0232766892,20/09/26 18:15:57,20260920 181557,MA001,MC143,TRA,OPEN,OPEN
0232780406,20/09/26 18:15:57,20260920 181557,MA001,MA001,DIS,OPEN,OPEN
0232768414,20/09/26 18:16:25,20260920 181625,MA001,MC143,TRA,OPEN,OPEN
0232768208,20/09/26 18:16:33,20260920 181633,MA001,MC142,TRA,OPEN,OPEN
0232780563,20/09/26 18:16:41,20260920 181641,MA001,MC124,TRA,OPEN,OPEN
0232780193,20/09/26 18:16:48,20260920 181648,MA001,MC131,TRA,OPEN,OPEN
0232766926,20/09/26 18:17:06,20260920 181706,MA001,MC128,TRA,OPEN,OPEN
0232768354,20/09/26 18:17:06,20260920 181706,MA001,MC142,TRA,OPEN,OPEN
0870696247,20/09/26 18:17:17,20260920 181717,MA001,MC159,TRA,OPEN,OPEN
0232768442,20/09/26 18:17:20,20260920 181720,MA001,MC143,TRA,OPEN,OPEN
0232766833,20/09/26 18:17:25,20260920 181725,MB027,MB026,DIS,OPEN,OPEN
0232766981,20/09/26 18:17:37,20260920 181737,MA001,MC127,TRA,OPEN,OPEN
0232780650,20/09/26 18:17:41,20260920 181741,MA001,MC131,TRA,OPEN,OPEN
0232763508,20/09/26 18:17:45,20260920 181745,MB027,MC205,TRA,OPEN,OPEN
0738531343,20/09/26 18:17:46,20260920 181746,MC238,MC233,DIS,OPEN,OPEN
0232769968,20/09/26 18:17:49,20260920 181749,MB034,MB025,DIS,OPEN,OPEN
0232766892,20/09/26 18:17:53,20260920 181753,MA001,MA001,DIS,OPEN,OPEN
0232780003,20/09/26 18:18:09,20260920 181809,MB027,MC243,TRA,OPEN,OPEN
0232781378,20/09/26 18:18:17,20260920 181817,MA032,MA032,TRA,OPEN,OPEN
0232768506,20/09/26 18:18:21,20260920 181821,MA001,MC142,TRA,OPEN,OPEN
0232780834,20/09/26 18:18:21,20260920 181821,MA033,MA002,DIS,OPEN,OPEN
0232768414,20/09/26 18:18:21,20260920 181821,MA001,MA001,DIS,OPEN,OPEN
0232780578,20/09/26 18:18:25,20260920 181825,MB027,MC130,TRA,OPEN,OPEN
0232781379,20/09/26 18:18:33,20260920 181833,MA032,MA032,TRA,OPEN,OPEN
0232768208,20/09/26 18:18:33,20260920 181833,MA001,MA001,DIS,OPEN,OPEN
0232780193,20/09/26 18:18:49,20260920 181849,MA001,MA001,DIS,OPEN,OPEN
0232766879,20/09/26 18:18:49,20260920 181849,MA001,MC142,TRA,OPEN,OPEN
0232780563,20/09/26 18:18:53,20260920 181853,MA001,MA001,DIS,OPEN,OPEN
0232767038,20/09/26 18:18:57,20260920 181857,MA001,MC143,TRA,OPEN,OPEN
0870696290,20/09/26 18:19:01,20260920 181901,MA001,MC158,TRA,OPEN,OPEN
0232766926,20/09/26 18:19:05,20260920 181905,MA001,MA001,DIS,OPEN,OPEN
0232771761,20/09/26 18:19:09,20260920 181909,MA032,MA002,DIS,OPEN,OPEN
0870696247,20/09/26 18:19:16,20260920 181916,MA001,MA001,DIS,OPEN,OPEN
0232768354,20/09/26 18:19:17,20260920 181917,MA001,MA001,DIS,OPEN,OPEN
0232770590,20/09/26 18:19:25,20260920 181925,MB035,MB035,TRA,OPEN,OPEN
0232768442,20/09/26 18:19:33,20260920 181933,MA001,MA001,DIS,OPEN,OPEN
0232780650,20/09/26 18:19:37,20260920 181937,MA001,MA001,DIS,OPEN,OPEN
0232780676,20/09/26 18:19:37,20260920 181937,MA001,MC131,TRA,OPEN,OPEN
0232768665,20/09/26 18:19:41,20260920 181941,MB035,MB035,TRA,OPEN,OPEN
0232766981,20/09/26 18:19:49,20260920 181949,MA001,MA001,DIS,OPEN,OPEN
0232763508,20/09/26 18:19:54,20260920 181954,MB027,MB026,DIS,OPEN,OPEN
0232780715,20/09/26 18:19:54,20260920 181954,MA001,MC143,TRA,OPEN,OPEN
0232780535,20/09/26 18:19:57,20260920 181957,MA001,MC145,TRA,OPEN,OPEN
0232766921,20/09/26 18:20:01,20260920 182001,MA001,MC127,TRA,OPEN,OPEN
0232771252,20/09/26 18:20:06,20260920 182006,MB035,MB035,TRA,OPEN,OPEN
0232771124,20/09/26 18:20:06,20260920 182006,MB034,MB025,DIS,OPEN,OPEN
0232780719,20/09/26 18:20:09,20260920 182009,MA001,MC142,TRA,OPEN,OPEN
0232780003,20/09/26 18:20:09,20260920 182009,MB027,MB026,DIS,OPEN,OPEN
0232771364,20/09/26 18:20:09,20260920 182009,MA033,MA033,TRA,OPEN,OPEN
0232780538,20/09/26 18:20:13,20260920 182013,MA001,MC146,TRA,OPEN,OPEN
0232771263,20/09/26 18:20:13,20260920 182013,MB034,MB034,TRA,OPEN,OPEN
0232780552,20/09/26 18:20:17,20260920 182017,MA001,MC145,TRA,OPEN,OPEN
0232768506,20/09/26 18:20:18,20260920 182018,MA001,MA001,DIS,OPEN,OPEN
0232754168,20/09/26 18:20:21,20260920 182021,MB025,MB050,TRA,EARLY,EARLY
0232780568,20/09/26 18:20:25,20260920 182025,MA001,MC146,TRA,OPEN,OPEN
0232780594,20/09/26 18:20:25,20260920 182025,MB025,MC151,TRA,EARLY,EARLY
0232768326,20/09/26 18:20:25,20260920 182025,MA001,MC143,TRA,OPEN,OPEN
0232780578,20/09/26 18:20:29,20260920 182029,MB027,MB026,DIS,OPEN,OPEN
0232766029,20/09/26 18:20:29,20260920 182029,MB025,MA049,TRA,EARLY,EARLY
0232771608,20/09/26 18:20:29,20260920 182029,MA032,MA032,TRA,OPEN,OPEN
0232766879,20/09/26 18:20:49,20260920 182049,MA001,MA001,DIS,OPEN,OPEN
0232780542,20/09/26 18:20:53,20260920 182053,MB027,MA040,TRA,OPEN,OPEN
0232767038,20/09/26 18:20:53,20260920 182053,MA001,MA001,DIS,OPEN,OPEN
4816700108,20/09/26 18:20:57,20260920 182057,MB054,MB054,TRA,OPEN,OPEN
0232780558,20/09/26 18:21:01,20260920 182101,MB027,MC243,TRA,OPEN,OPEN
0232762995,20/09/26 18:21:09,20260920 182109,MB027,MA040,TRA,OPEN,OPEN
0870696290,20/09/26 18:21:09,20260920 182109,MA001,MA001,DIS,OPEN,OPEN
4816700573,20/09/26 18:21:25,20260920 182125,MA001,MB054,TRA,OPEN,OPEN
4816700565,20/09/26 18:21:33,20260920 182133,MA001,MB054,TRA,OPEN,OPEN
0232780676,20/09/26 18:21:33,20260920 182133,MA001,MA001,DIS,OPEN,OPEN
0870696260,20/09/26 18:21:41,20260920 182141,MA001,MC158,TRA,OPEN,OPEN
0232779805,20/09/26 18:21:50,20260920 182150,MA001,MC243,TRA,OPEN,OPEN
0232780715,20/09/26 18:21:53,20260920 182153,MA001,MA001,DIS,OPEN,OPEN
4816700597,20/09/26 18:21:53,20260920 182153,MA001,MB054,TRA,OPEN,OPEN
0232780596,20/09/26 18:21:57,20260920 182157,MA001,MC244,TRA,OPEN,OPEN
0232780535,20/09/26 18:21:57,20260920 182157,MA001,MA001,DIS,OPEN,OPEN
0232766921,20/09/26 18:22:01,20260920 182201,MA001,MA001,DIS,OPEN,OPEN
0232781378,20/09/26 18:22:05,20260920 182205,MA032,MA002,DIS,OPEN,OPEN
0232780600,20/09/26 18:22:13,20260920 182213,MA001,MC243,TRA,OPEN,OPEN
0232780552,20/09/26 18:22:17,20260920 182217,MA001,MA001,DIS,OPEN,OPEN
0232780568,20/09/26 18:22:21,20260920 182221,MA001,MA001,DIS,OPEN,OPEN
0232780719,20/09/26 18:22:21,20260920 182221,MA001,MA001,DIS,OPEN,OPEN
0232780538,20/09/26 18:22:25,20260920 182225,MA001,MA001,DIS,OPEN,OPEN
0232761960,20/09/26 18:22:37,20260920 182237,MA001,MC207,TRA,OPEN,OPEN
0232768326,20/09/26 18:22:37,20260920 182237,MA001,MA002,DIS,OPEN,OPEN
0232780542,20/09/26 18:22:53,20260920 182253,MB027,MB026,DIS,OPEN,OPEN
0870696319,20/09/26 18:23:05,20260920 182305,MA001,MC158,TRA,OPEN,OPEN
0232780558,20/09/26 18:23:09,20260920 182309,MB027,MB026,DIS,OPEN,OPEN
0232762995,20/09/26 18:23:09,20260920 182309,MB027,MB026,DIS,OPEN,OPEN
0232770590,20/09/26 18:23:13,20260920 182313,MB035,MB025,DIS,OPEN,OPEN
4816700573,20/09/26 18:23:21,20260920 182321,MA001,MA001,DIS,OPEN,OPEN
0232768665,20/09/26 18:23:29,20260920 182329,MB035,MB025,DIS,OPEN,OPEN
0870696260,20/09/26 18:23:41,20260920 182341,MA001,MA001,DIS,OPEN,OPEN
0816466781,20/09/26 18:23:41,20260920 182341,MB027,MA006,TRA,OPEN,OPEN
4816700565,20/09/26 18:23:45,20260920 182345,MA001,MA001,DIS,OPEN,OPEN
0232771364,20/09/26 18:23:50,20260920 182350,MA033,MA002,DIS,OPEN,OPEN
0232779805,20/09/26 18:23:53,20260920 182353,MA001,MA001,DIS,OPEN,OPEN
0232771252,20/09/26 18:23:53,20260920 182353,MB035,MB025,DIS,OPEN,OPEN
4816700597,20/09/26 18:23:57,20260920 182357,MA001,MA001,DIS,OPEN,OPEN
0232754168,20/09/26 18:23:57,20260920 182357,MB025,MB025,DIS,EARLY,EARLY
0232781379,20/09/26 18:23:57,20260920 182357,MA032,MA002,DIS,OPEN,OPEN
0232780594,20/09/26 18:24:01,20260920 182401,MB025,MB025,DIS,EARLY,EARLY
0232771263,20/09/26 18:24:01,20260920 182401,MB034,MB025,DIS,OPEN,OPEN
0232780596,20/09/26 18:24:01,20260920 182401,MA001,MA001,DIS,OPEN,OPEN
0232766029,20/09/26 18:24:05,20260920 182405,MB025,MB025,DIS,EARLY,EARLY
0232771608,20/09/26 18:24:10,20260920 182410,MA032,MA002,DIS,OPEN,OPEN
0232780600,20/09/26 18:24:17,20260920 182417,MA001,MA001,DIS,OPEN,OPEN
4816700576,20/09/26 18:24:21,20260920 182421,MB054,MB054,TRA,OPEN,OPEN
4816700108,20/09/26 18:24:33,20260920 182433,MB054,MB025,DIS,OPEN,OPEN
0232761960,20/09/26 18:24:45,20260920 182445,MA001,MA001,DIS,OPEN,OPEN
0232767396,20/09/26 18:24:53,20260920 182453,MA001,MC124,TRA,OPEN,OPEN
0232767790,20/09/26 18:25:01,20260920 182501,MA001,MC123,TRA,OPEN,OPEN
0870696319,20/09/26 18:25:01,20260920 182501,MA001,MA001,DIS,OPEN,OPEN
0232771504,20/09/26 18:25:13,20260920 182513,MA001,MC128,TRA,OPEN,OPEN
0232780954,20/09/26 18:25:17,20260920 182517,MA001,MC128,TRA,OPEN,OPEN
0232780941,20/09/26 18:25:21,20260920 182521,MA001,MC142,TRA,OPEN,OPEN
0816466781,20/09/26 18:25:41,20260920 182541,MB027,MB026,DIS,OPEN,OPEN
4816700576,20/09/26 18:26:21,20260920 182621,MB054,MB026,DIS,OPEN,OPEN
0232780988,20/09/26 18:26:30,20260920 182630,MA001,MC143,TRA,OPEN,OPEN
0232780740,20/09/26 18:26:41,20260920 182641,MB027,MA040,TRA,OPEN,OPEN
0232773931,20/09/26 18:26:57,20260920 182657,MB012,MB012,TRA,OPEN,OPEN
0232767790,20/09/26 18:26:58,20260920 182658,MA001,MA001,DIS,OPEN,OPEN
0232767396,20/09/26 18:27:05,20260920 182705,MA001,MA001,DIS,OPEN,OPEN
0232771504,20/09/26 18:27:09,20260920 182709,MA001,MA001,DIS,OPEN,OPEN
0232781004,20/09/26 18:27:09,20260920 182709,MA001,MC131,TRA,OPEN,OPEN
0232780954,20/09/26 18:27:17,20260920 182717,MA001,MA001,DIS,OPEN,OPEN
0870696372,20/09/26 18:27:30,20260920 182730,MA001,MC158,TRA,OPEN,OPEN
0232780941,20/09/26 18:27:33,20260920 182733,MA001,MA001,DIS,OPEN,OPEN
0870696361,20/09/26 18:27:41,20260920 182741,MA001,MC158,TRA,OPEN,OPEN
0232780891,20/09/26 18:28:25,20260920 182825,MB025,MB050,TRA,EARLY,EARLY
0232780988,20/09/26 18:28:29,20260920 182829,MA001,MA001,DIS,OPEN,OPEN
0232780740,20/09/26 18:28:41,20260920 182841,MB027,MB026,DIS,OPEN,OPEN
0232780853,20/09/26 18:29:01,20260920 182901,MB025,MC151,TRA,EARLY,EARLY
0232773931,20/09/26 18:29:04,20260920 182904,MB012,MB026,DIS,OPEN,OPEN
0232781004,20/09/26 18:29:09,20260920 182909,MA001,MA001,DIS,OPEN,OPEN
0870696394,20/09/26 18:29:29,20260920 182929,MA001,MC159,TRA,OPEN,OPEN
0870696372,20/09/26 18:29:29,20260920 182929,MA001,MA001,DIS,OPEN,OPEN
0870696361,20/09/26 18:29:41,20260920 182941,MA001,MA001,DIS,OPEN,OPEN
0870696377,20/09/26 18:29:42,20260920 182942,MA001,MC158,TRA,OPEN,OPEN
0232747298,20/09/26 18:29:53,20260920 182953,MA003,MC151,TRA,EARLY,EARLY
0870696390,20/09/26 18:30:05,20260920 183005,MA001,MC159,TRA,OPEN,OPEN
0232781818,20/09/26 18:30:21,20260920 183021,MA001,MB050,TRA,OPEN,OPEN
0232780891,20/09/26 18:30:22,20260920 183022,MB025,MB026,DIS,OPEN,OPEN
0232768013,20/09/26 18:30:29,20260920 183029,MA003,MC151,TRA,EARLY,EARLY
0131273218,20/09/26 18:30:30,20260920 183030,MC235,MA028,TRA,EARLY,EARLY
0870696400,20/09/26 18:30:47,20260920 183047,MA001,MC159,TRA,OPEN,OPEN
0232747332,20/09/26 18:30:47,20260920 183047,MB027,MC151,TRA,OPEN,OPEN
0232747535,20/09/26 18:30:49,20260920 183049,MB027,MC151,TRA,OPEN,OPEN
0312305808,20/09/26 18:30:57,20260920 183057,MA053,MA053,TRA,OPEN,OPEN
0232780853,20/09/26 18:31:00,20260920 183100,MB027,MB026,DIS,OPEN,OPEN
0232768713,20/09/26 18:31:05,20260920 183105,MA003,MC155,TRA,EARLY,EARLY
0312307029,20/09/26 18:31:09,20260920 183109,MA054,MA054,TRA,OPEN,OPEN
0312307030,20/09/26 18:31:17,20260920 183117,MA053,MA053,TRA,OPEN,OPEN
0816466760,20/09/26 18:31:20,20260920 183120,MB027,MA006,TRA,OPEN,OPEN
0232772153,20/09/26 18:31:21,20260920 183121,MA001,MC130,TRA,OPEN,OPEN
0870696394,20/09/26 18:31:29,20260920 183129,MA001,MA001,DIS,OPEN,OPEN
0232766597,20/09/26 18:31:29,20260920 183129,MA001,MC127,TRA,OPEN,OPEN
0232771705,20/09/26 18:31:29,20260920 183129,MB027,MC151,TRA,OPEN,OPEN
0870696377,20/09/26 18:31:41,20260920 183141,MA001,MA001,DIS,OPEN,OPEN
0232747298,20/09/26 18:31:57,20260920 183157,MA001,MA001,DIS,OPEN,OPEN
0870696390,20/09/26 18:32:01,20260920 183201,MA001,MA001,DIS,OPEN,OPEN
0131273218,20/09/26 18:32:10,20260920 183210,MC235,MC235,DIS,EARLY,EARLY
0599081603,20/09/26 18:32:14,20260920 183214,MC246,MC246,TRA,OPEN,OPEN
0232781818,20/09/26 18:32:21,20260920 183221,MA001,MA003,DIS,OPEN,OPEN
0232768013,20/09/26 18:32:25,20260920 183225,MA001,MA003,DIS,OPEN,OPEN
0232780747,20/09/26 18:32:25,20260920 183225,MB027,MC150,TRA,OPEN,OPEN
0232780785,20/09/26 18:32:33,20260920 183233,MA001,MB051,TRA,OPEN,OPEN
0232747332,20/09/26 18:32:48,20260920 183248,MB027,MB026,DIS,OPEN,OPEN
0870696400,20/09/26 18:32:53,20260920 183253,MA001,MA001,DIS,OPEN,OPEN
0232780808,20/09/26 18:32:53,20260920 183253,MA001,MC151,TRA,OPEN,OPEN
0232747535,20/09/26 18:32:53,20260920 183253,MB027,MB026,DIS,OPEN,OPEN
0312305808,20/09/26 18:32:57,20260920 183257,MA053,MA003,DIS,OPEN,OPEN
0232780735,20/09/26 18:33:01,20260920 183301,MA040,MA040,TRA,OPEN,OPEN
0232768713,20/09/26 18:33:02,20260920 183302,MA003,MA003,DIS,EARLY,EARLY
0312303231,20/09/26 18:33:09,20260920 183309,MA053,MA053,TRA,OPEN,OPEN
0312307029,20/09/26 18:33:21,20260920 183321,MA054,MA003,DIS,OPEN,OPEN
0232772153,20/09/26 18:33:21,20260920 183321,MA001,MA001,DIS,OPEN,OPEN
0232766597,20/09/26 18:33:25,20260920 183325,MA001,MA001,DIS,OPEN,OPEN
0816466760,20/09/26 18:33:29,20260920 183329,MB027,MB026,DIS,OPEN,OPEN
0312307030,20/09/26 18:33:29,20260920 183329,MA053,MA003,DIS,OPEN,OPEN
0232772627,20/09/26 18:33:33,20260920 183333,MB048,MB048,TRA,OPEN,OPEN
0870696341,20/09/26 18:33:57,20260920 183357,MA001,MC158,TRA,OPEN,OPEN
0232780747,20/09/26 18:34:25,20260920 183425,MB027,MB026,DIS,OPEN,OPEN
0232780785,20/09/26 18:34:33,20260920 183433,MA001,MA001,DIS,OPEN,OPEN
0870696428,20/09/26 18:34:33,20260920 183433,MA001,MC158,TRA,OPEN,OPEN
0232780735,20/09/26 18:35:01,20260920 183501,MA040,MA001,DIS,OPEN,OPEN
0232771705,20/09/26 18:35:01,20260920 183501,MB027,MB025,DIS,OPEN,OPEN
0232780808,20/09/26 18:35:05,20260920 183505,MA001,MA001,DIS,OPEN,OPEN
0232754757,20/09/26 18:35:17,20260920 183517,MB027,MC150,TRA,OPEN,OPEN
0232772627,20/09/26 18:35:33,20260920 183533,MB048,MB026,DIS,OPEN,OPEN
0312304167,20/09/26 18:35:37,20260920 183537,MA053,MA053,TRA,OPEN,OPEN
0125188081,20/09/26 18:35:45,20260920 183545,MB040,MB040,TRA,OPEN,OPEN
0312303230,20/09/26 18:35:53,20260920 183553,MB027,MA053,TRA,OPEN,OPEN
0870696341,20/09/26 18:35:57,20260920 183557,MA001,MA001,DIS,OPEN,OPEN
0232781361,20/09/26 18:36:21,20260920 183621,MA001,MC151,TRA,OPEN,OPEN
0232781315,20/09/26 18:36:33,20260920 183633,MA001,MB050,TRA,OPEN,OPEN
0312303231,20/09/26 18:36:41,20260920 183641,MA053,MA002,DIS,OPEN,OPEN
0870696428,20/09/26 18:36:45,20260920 183645,MA001,MA001,DIS,OPEN,OPEN
0232754757,20/09/26 18:37:17,20260920 183717,MB027,MB026,DIS,OPEN,OPEN
0599081603,20/09/26 18:37:33,20260920 183733,MC246,MC233,DIS,OPEN,OPEN
0312304167,20/09/26 18:37:33,20260920 183733,MA053,MA001,DIS,OPEN,OPEN
0312304219,20/09/26 18:37:37,20260920 183737,MA054,MA054,TRA,OPEN,OPEN
0232781363,20/09/26 18:37:45,20260920 183745,MA042,MA042,TRA,OPEN,OPEN
0312303230,20/09/26 18:37:53,20260920 183753,MB027,MB026,DIS,OPEN,OPEN
0312304309,20/09/26 18:37:57,20260920 183757,MA053,MA053,TRA,OPEN,OPEN
0312304813,20/09/26 18:38:17,20260920 183817,MA054,MA054,TRA,OPEN,OPEN
0232781365,20/09/26 18:38:21,20260920 183821,MA042,MA042,TRA,OPEN,OPEN
0232781361,20/09/26 18:38:21,20260920 183821,MA001,MA001,DIS,OPEN,OPEN
0870696469,20/09/26 18:38:29,20260920 183829,MA001,MC159,TRA,OPEN,OPEN
0232781315,20/09/26 18:38:45,20260920 183845,MA001,MA001,DIS,OPEN,OPEN
0232781295,20/09/26 18:38:53,20260920 183853,MB027,MC151,TRA,OPEN,OPEN
0232765206,20/09/26 18:38:57,20260920 183857,MB027,MC151,TRA,OPEN,OPEN
0232780975,20/09/26 18:39:01,20260920 183901,MB025,MA048,TRA,EARLY,EARLY
0125188081,20/09/26 18:39:21,20260920 183921,MB040,MB025,DIS,OPEN,OPEN
0618305591,20/09/26 18:39:33,20260920 183933,MB010,MB010,TRA,OPEN,OPEN
0312304219,20/09/26 18:39:37,20260920 183937,MA054,MA001,DIS,OPEN,OPEN
2816218331,20/09/26 18:39:41,20260920 183941,MB054,MB054,TRA,OPEN,OPEN
0312304309,20/09/26 18:39:53,20260920 183953,MA053,MA001,DIS,OPEN,OPEN
0232764777,20/09/26 18:39:58,20260920 183958,MB027,MC243,TRA,OPEN,OPEN
0312304813,20/09/26 18:40:13,20260920 184013,MA054,MA001,DIS,OPEN,OPEN
0312303032,20/09/26 18:40:13,20260920 184013,MB027,MA054,TRA,OPEN,OPEN
0232781301,20/09/26 18:40:21,20260920 184021,MB027,MC151,TRA,OPEN,OPEN
0870696469,20/09/26 18:40:25,20260920 184025,MA001,MA001,DIS,OPEN,OPEN
0232781365,20/09/26 18:40:32,20260920 184032,MA042,MA001,DIS,OPEN,OPEN
0870696461,20/09/26 18:40:37,20260920 184037,MA001,MC158,TRA,OPEN,OPEN
0232765206,20/09/26 18:40:57,20260920 184057,MB027,MB026,DIS,OPEN,OPEN
0232745988,20/09/26 18:40:57,20260920 184057,MB045,MB045,TRA,OPEN,OPEN
0232781295,20/09/26 18:41:01,20260920 184101,MB027,MB026,DIS,OPEN,OPEN
0618305593,20/09/26 18:41:01,20260920 184101,MB009,MB009,TRA,OPEN,OPEN
0232765259,20/09/26 18:41:09,20260920 184109,MB027,MC150,TRA,OPEN,OPEN
0217897445,20/09/26 18:41:20,20260920 184120,MB027,MC228,TRA,OPEN,OPEN
0232781363,20/09/26 18:41:29,20260920 184129,MA042,MA002,DIS,OPEN,OPEN
0618305591,20/09/26 18:41:34,20260920 184134,MB010,MB026,DIS,OPEN,OPEN
2816218331,20/09/26 18:41:41,20260920 184141,MB054,MB026,DIS,OPEN,OPEN
0232764777,20/09/26 18:41:57,20260920 184157,MB027,MB026,DIS,OPEN,OPEN
0312303032,20/09/26 18:42:12,20260920 184212,MB027,MB026,DIS,OPEN,OPEN
0312304220,20/09/26 18:42:17,20260920 184217,MB027,MA054,TRA,OPEN,OPEN
0232781301,20/09/26 18:42:25,20260920 184225,MB027,MB026,DIS,OPEN,OPEN
0618305706,20/09/26 18:42:25,20260920 184225,MB010,MB010,TRA,OPEN,OPEN
0232765379,20/09/26 18:42:28,20260920 184228,MA001,MC151,TRA,OPEN,OPEN
0232780975,20/09/26 18:42:37,20260920 184237,MB025,MB025,DIS,EARLY,EARLY
0232767022,20/09/26 18:42:53,20260920 184253,MA001,MC150,TRA,OPEN,OPEN
0232767871,20/09/26 18:42:54,20260920 184254,MC105,MC243,TRA,OPEN,OPEN
0232745988,20/09/26 18:42:57,20260920 184257,MB045,MB026,DIS,OPEN,OPEN
0232781604,20/09/26 18:43:01,20260920 184301,MA001,MC163,TRA,OPEN,OPEN
0618305593,20/09/26 18:43:01,20260920 184301,MB009,MB026,DIS,OPEN,OPEN
0870696483,20/09/26 18:43:09,20260920 184309,MA001,MC159,TRA,OPEN,OPEN
0232765259,20/09/26 18:43:17,20260920 184317,MB027,MB026,DIS,OPEN,OPEN
0217897445,20/09/26 18:43:21,20260920 184321,MB027,MB026,DIS,OPEN,OPEN
0232781388,20/09/26 18:43:21,20260920 184321,MB027,MA043,TRA,OPEN,OPEN
0870696461,20/09/26 18:43:33,20260920 184333,MA001,MA001,DIS,OPEN,OPEN
0232767743,20/09/26 18:43:49,20260920 184349,MB027,MC150,TRA,OPEN,OPEN
0870696480,20/09/26 18:43:53,20260920 184353,MA001,MC158,TRA,OPEN,OPEN
0232767231,20/09/26 18:44:13,20260920 184413,MA001,MC128,TRA,OPEN,OPEN
0232781660,20/09/26 18:44:17,20260920 184417,MA001,MC162,TRA,OPEN,OPEN
0312304220,20/09/26 18:44:17,20260920 184417,MB027,MB026,DIS,OPEN,OPEN
0312305320,20/09/26 18:44:25,20260920 184425,MB027,MA054,TRA,OPEN,OPEN
0232765379,20/09/26 18:44:25,20260920 184425,MA001,MA001,DIS,OPEN,OPEN
0312306242,20/09/26 18:44:25,20260920 184425,MA053,MA053,TRA,OPEN,OPEN
0618305706,20/09/26 18:44:25,20260920 184425,MB010,MB026,DIS,OPEN,OPEN
0232767871,20/09/26 18:44:26,20260920 184426,MC105,MC105,DIS,OPEN,OPEN
0232766720,20/09/26 18:44:33,20260920 184433,MA001,MC143,TRA,OPEN,OPEN
0232767809,20/09/26 18:44:41,20260920 184441,MA001,MC127,TRA,OPEN,OPEN
0312305699,20/09/26 18:44:45,20260920 184445,MB027,MA054,TRA,OPEN,OPEN
0232767022,20/09/26 18:44:49,20260920 184449,MA001,MA001,DIS,OPEN,OPEN
0232781604,20/09/26 18:44:57,20260920 184457,MA001,MA001,DIS,OPEN,OPEN
0232765355,20/09/26 18:45:09,20260920 184509,MB027,MC150,TRA,OPEN,OPEN
0312304841,20/09/26 18:45:17,20260920 184517,MB027,MA053,TRA,OPEN,OPEN
0232781388,20/09/26 18:45:21,20260920 184521,MB027,MB026,DIS,OPEN,OPEN
0870696483,20/09/26 18:45:21,20260920 184521,MA001,MA001,DIS,OPEN,OPEN
0312306492,20/09/26 18:45:22,20260920 184522,MA054,MA054,TRA,OPEN,OPEN
0870696480,20/09/26 18:45:53,20260920 184553,MA001,MA001,DIS,OPEN,OPEN
0870696510,20/09/26 18:45:57,20260920 184557,MA001,MC159,TRA,OPEN,OPEN
0232767743,20/09/26 18:45:57,20260920 184557,MB027,MB026,DIS,OPEN,OPEN
0232765177,20/09/26 18:46:01,20260920 184601,MB027,MC128,TRA,OPEN,OPEN
0232767950,20/09/26 18:46:01,20260920 184601,MA001,MC143,TRA,OPEN,OPEN
0870696512,20/09/26 18:46:05,20260920 184605,MA001,MC158,TRA,OPEN,OPEN
0232781686,20/09/26 18:46:05,20260920 184605,MA001,MC162,TRA,OPEN,OPEN
0232781660,20/09/26 18:46:13,20260920 184613,MA001,MA001,DIS,OPEN,OPEN
0232767303,20/09/26 18:46:21,20260920 184621,MA001,MC127,TRA,OPEN,OPEN
0232767231,20/09/26 18:46:25,20260920 184625,MA001,MA001,DIS,OPEN,OPEN
0312305320,20/09/26 18:46:25,20260920 184625,MB027,MB026,DIS,OPEN,OPEN
0312306242,20/09/26 18:46:37,20260920 184637,MA053,MA001,DIS,OPEN,OPEN
0232767809,20/09/26 18:46:41,20260920 184641,MA001,MA001,DIS,OPEN,OPEN
0312305699,20/09/26 18:46:45,20260920 184645,MB027,MB026,DIS,OPEN,OPEN
0232766720,20/09/26 18:46:45,20260920 184645,MA001,MA001,DIS,OPEN,OPEN
0870696481,20/09/26 18:47:05,20260920 184705,MA001,MC159,TRA,OPEN,OPEN
0312304841,20/09/26 18:47:17,20260920 184717,MB027,MB026,DIS,OPEN,OPEN
0232765355,20/09/26 18:47:17,20260920 184717,MB027,MB026,DIS,OPEN,OPEN
0312306492,20/09/26 18:47:21,20260920 184721,MA054,MA001,DIS,OPEN,OPEN
0232768940,20/09/26 18:47:21,20260920 184721,MA001,MC142,TRA,OPEN,OPEN
6910368431,20/09/26 18:47:22,20260920 184722,MC247,MC247,TRA,OPEN,OPEN
0232767950,20/09/26 18:47:57,20260920 184757,MA001,MA001,DIS,OPEN,OPEN
0232764899,20/09/26 18:47:57,20260920 184757,MB027,MC151,TRA,OPEN,OPEN
0232766635,20/09/26 18:48:05,20260920 184805,MB027,MC143,TRA,OPEN,OPEN
0232781686,20/09/26 18:48:05,20260920 184805,MA001,MA001,DIS,OPEN,OPEN
0870696510,20/09/26 18:48:09,20260920 184809,MA001,MA001,DIS,OPEN,OPEN
0232765177,20/09/26 18:48:13,20260920 184813,MB027,MB026,DIS,OPEN,OPEN
0870696512,20/09/26 18:48:17,20260920 184817,MA001,MA002,DIS,OPEN,OPEN
0232767303,20/09/26 18:48:21,20260920 184821,MA001,MA002,DIS,OPEN,OPEN
0232766416,20/09/26 18:48:34,20260920 184834,MC235,MB032,TRA,EARLY,EARLY
0312305995,20/09/26 18:48:37,20260920 184837,MB027,MA054,TRA,OPEN,OPEN
0870696544,20/09/26 18:49:01,20260920 184901,MA001,MC158,TRA,OPEN,OPEN
0870696481,20/09/26 18:49:01,20260920 184901,MA001,MA001,DIS,OPEN,OPEN
0071361493,20/09/26 18:49:17,20260920 184917,MA001,MC150,TRA,OPEN,OPEN
0232768940,20/09/26 18:49:33,20260920 184933,MA001,MA001,DIS,OPEN,OPEN
0312305809,20/09/26 18:49:33,20260920 184933,MA054,MA054,TRA,OPEN,OPEN
0312306105,20/09/26 18:49:57,20260920 184957,MA053,MA053,TRA,OPEN,OPEN
0232764899,20/09/26 18:49:57,20260920 184957,MB027,MB026,DIS,OPEN,OPEN
0312305993,20/09/26 18:50:01,20260920 185001,MA054,MA054,TRA,OPEN,OPEN
0232768587,20/09/26 18:50:09,20260920 185009,MB027,MC155,TRA,OPEN,OPEN
0232766635,20/09/26 18:50:09,20260920 185009,MB027,MB026,DIS,OPEN,OPEN
0232768288,20/09/26 18:50:17,20260920 185017,MA001,MC124,TRA,OPEN,OPEN
0312304308,20/09/26 18:50:21,20260920 185021,MB027,MA053,TRA,OPEN,OPEN
0235709404,20/09/26 18:50:25,20260920 185025,MB027,MC150,TRA,OPEN,OPEN
0312305995,20/09/26 18:50:37,20260920 185037,MB027,MB026,DIS,OPEN,OPEN
0232766416,20/09/26 18:50:50,20260920 185050,MC235,MC235,DIS,EARLY,EARLY
0232781693,20/09/26 18:50:57,20260920 185057,MB027,MC151,TRA,OPEN,OPEN
0870696544,20/09/26 18:51:01,20260920 185101,MA001,MA001,DIS,OPEN,OPEN
0232781695,20/09/26 18:51:09,20260920 185109,MB027,MC150,TRA,OPEN,OPEN
0071361493,20/09/26 18:51:21,20260920 185121,MA001,MA001,DIS,OPEN,OPEN
0312305809,20/09/26 18:51:33,20260920 185133,MA054,MA001,DIS,OPEN,OPEN
0232768555,20/09/26 18:51:37,20260920 185137,MB027,MC155,TRA,OPEN,OPEN
0312305993,20/09/26 18:52:01,20260920 185201,MA054,MA001,DIS,OPEN,OPEN
0232770081,20/09/26 18:52:09,20260920 185209,MA001,MC124,TRA,OPEN,OPEN
0232768587,20/09/26 18:52:09,20260920 185209,MB027,MB026,DIS,OPEN,OPEN
0312306105,20/09/26 18:52:09,20260920 185209,MA053,MA001,DIS,OPEN,OPEN
0312306991,20/09/26 18:52:09,20260920 185209,MB027,MA053,TRA,OPEN,OPEN
0235707411,20/09/26 18:52:13,20260920 185213,MB027,MC151,TRA,OPEN,OPEN
0232768288,20/09/26 18:52:29,20260920 185229,MA001,MA001,DIS,OPEN,OPEN
0312304308,20/09/26 18:52:29,20260920 185229,MB027,MB026,DIS,OPEN,OPEN
0312306992,20/09/26 18:52:29,20260920 185229,MB027,MA053,TRA,OPEN,OPEN
0235709404,20/09/26 18:52:33,20260920 185233,MB027,MB026,DIS,OPEN,OPEN
0232766991,20/09/26 18:52:41,20260920 185241,MB027,MC151,TRA,OPEN,OPEN
6910368431,20/09/26 18:52:42,20260920 185242,MC247,MC233,DIS,OPEN,OPEN
0232781693,20/09/26 18:52:57,20260920 185257,MB027,MB026,DIS,OPEN,OPEN
0232781695,20/09/26 18:53:17,20260920 185317,MB027,MB026,DIS,OPEN,OPEN
0232761863,20/09/26 18:53:33,20260920 185333,MA001,MC151,TRA,OPEN,OPEN
0232768555,20/09/26 18:53:37,20260920 185337,MB027,MB026,DIS,OPEN,OPEN
0217897729,20/09/26 18:53:37,20260920 185337,MC228,MC228,TRA,OPEN,OPEN
0870696548,20/09/26 18:53:37,20260920 185337,MA001,MC159,TRA,OPEN,OPEN
0870696574,20/09/26 18:53:54,20260920 185354,MA001,MC158,TRA,OPEN,OPEN
0235758835,20/09/26 18:53:54,20260920 185354,MC150,MC150,TRA,OPEN,OPEN
0232766185,20/09/26 18:53:54,20260920 185354,MA001,MC151,TRA,OPEN,OPEN
0232764271,20/09/26 18:54:01,20260920 185401,MA001,MC127,TRA,OPEN,OPEN
0232770081,20/09/26 18:54:06,20260920 185406,MA001,MA001,DIS,OPEN,OPEN
0312306991,20/09/26 18:54:09,20260920 185409,MB027,MB026,DIS,OPEN,OPEN
0235707411,20/09/26 18:54:13,20260920 185413,MB027,MB026,DIS,OPEN,OPEN
0232766534,20/09/26 18:54:13,20260920 185413,MA001,MC151,TRA,OPEN,OPEN
0232766240,20/09/26 18:54:17,20260920 185417,MA001,MC150,TRA,OPEN,OPEN
0232767334,20/09/26 18:54:29,20260920 185429,MB027,MC128,TRA,OPEN,OPEN
0232766336,20/09/26 18:54:30,20260920 185430,MA001,MC151,TRA,OPEN,OPEN
0232763168,20/09/26 18:54:30,20260920 185430,MA001,MC123,TRA,OPEN,OPEN
0312306992,20/09/26 18:54:30,20260920 185430,MB027,MB026,DIS,OPEN,OPEN
0232768026,20/09/26 18:54:33,20260920 185433,MB027,MC150,TRA,OPEN,OPEN
0232766991,20/09/26 18:54:45,20260920 185445,MB027,MB026,DIS,OPEN,OPEN
0870696584,20/09/26 18:55:10,20260920 185510,MC158,MC158,TRA,OPEN,OPEN
0232779342,20/09/26 18:55:18,20260920 185518,MB027,MC155,TRA,OPEN,OPEN
0232761863,20/09/26 18:55:33,20260920 185533,MA001,MA001,DIS,OPEN,OPEN
0217897729,20/09/26 18:55:38,20260920 185538,MC228,MC233,DIS,OPEN,OPEN
0870696548,20/09/26 18:55:49,20260920 185549,MA001,MA001,DIS,OPEN,OPEN
0870696574,20/09/26 18:55:53,20260920 185553,MA001,MA001,DIS,OPEN,OPEN
0232766185,20/09/26 18:56:05,20260920 185605,MA001,MA002,DIS,OPEN,OPEN
0232766534,20/09/26 18:56:09,20260920 185609,MA001,MA002,DIS,OPEN,OPEN
0232764271,20/09/26 18:56:13,20260920 185613,MA001,MA002,DIS,OPEN,OPEN
0232766240,20/09/26 18:56:17,20260920 185617,MA001,MA001,DIS,OPEN,OPEN
0232766336,20/09/26 18:56:25,20260920 185625,MA001,MA001,DIS,OPEN,OPEN
0232767334,20/09/26 18:56:29,20260920 185629,MB027,MB026,DIS,OPEN,OPEN
0232768026,20/09/26 18:56:33,20260920 185633,MB027,MB026,DIS,OPEN,OPEN
0232763168,20/09/26 18:56:41,20260920 185641,MA001,MA001,DIS,OPEN,OPEN
0870696578,20/09/26 18:56:45,20260920 185645,MA001,MC159,TRA,OPEN,OPEN
0232766715,20/09/26 18:56:53,20260920 185653,MA001,MC128,TRA,OPEN,OPEN
0232782110,20/09/26 18:57:01,20260920 185701,MA001,MC150,TRA,OPEN,OPEN
0232779342,20/09/26 18:57:17,20260920 185717,MB027,MB026,DIS,OPEN,OPEN
0870696584,20/09/26 18:57:22,20260920 185722,MC158,MC105,DIS,OPEN,OPEN
0870696575,20/09/26 18:58:21,20260920 185821,MA001,MC159,TRA,OPEN,OPEN
6910368478,20/09/26 18:58:34,20260920 185834,MC246,MC246,TRA,OPEN,OPEN
0232764266,20/09/26 18:58:41,20260920 185841,MA001,MC142,TRA,OPEN,OPEN
3910867555,20/09/26 18:58:50,20260920 185850,MC247,MC247,TRA,OPEN,OPEN
0870696578,20/09/26 18:59:33,20260920 185933,MA001,MA001,DIS,OPEN,OPEN
0232737290,20/09/26 18:59:33,20260920 185933,MB027,MA038,TRA,OPEN,REBOOK_BSM
0232782110,20/09/26 18:59:49,20260920 185949,MA001,MA001,DIS,OPEN,OPEN
0232766715,20/09/26 18:59:53,20260920 185953,MA001,MA001,DIS,OPEN,OPEN
0870696597,20/09/26 19:00:05,20260920 190005,MA001,MC158,TRA,OPEN,OPEN
0235758835,20/09/26 19:00:34,20260920 190034,MC150,MC104,DIS,OPEN,OPEN
0232737330,20/09/26 19:00:41,20260920 190041,MB027,MA038,TRA,OPEN,REBOOK_BSM
0870696575,20/09/26 19:01:05,20260920 190105,MA001,MA001,DIS,OPEN,OPEN
0232773154,20/09/26 19:01:14,20260920 190114,,MC130,TRA,EARLY,HBS
0232764266,20/09/26 19:01:29,20260920 190129,MA001,MA001,DIS,OPEN,OPEN
0232737290,20/09/26 19:01:33,20260920 190133,MB027,MB027,DIS,OPEN,REBOOK_BSM
0232762437,20/09/26 19:01:49,20260920 190149,MB027,MC155,TRA,OPEN,OPEN
0870696597,20/09/26 19:02:05,20260920 190205,MA001,MA001,DIS,OPEN,OPEN
0217898242,20/09/26 19:02:18,20260920 190218,MC227,MC227,TRA,OPEN,OPEN
0232737330,20/09/26 19:02:41,20260920 190241,MB027,MB027,DIS,OPEN,REBOOK_BSM
0870696589,20/09/26 19:03:13,20260920 190313,MA001,MC158,TRA,OPEN,OPEN
0232773154,20/09/26 19:03:34,20260920 190334,,MC104,DIS,EARLY,HBS
0232762437,20/09/26 19:03:50,20260920 190350,MB027,MB026,DIS,OPEN,OPEN
6910368478,20/09/26 19:03:58,20260920 190358,MC246,MC233,DIS,OPEN,OPEN
3910867555,20/09/26 19:04:10,20260920 190410,MC247,MC233,DIS,OPEN,OPEN
0217898242,20/09/26 19:04:30,20260920 190430,MC227,MC235,DIS,OPEN,OPEN
0870696589,20/09/26 19:05:13,20260920 190513,MA001,MA001,DIS,OPEN,OPEN
0232782325,20/09/26 19:05:13,20260920 190513,MA001,MC155,TRA,OPEN,OPEN
0232766760,20/09/26 19:06:01,20260920 190601,MA001,MC143,TRA,OPEN,OPEN
0232782325,20/09/26 19:07:13,20260920 190713,MA001,MA001,DIS,OPEN,OPEN
5910545601,20/09/26 19:07:26,20260920 190726,MC247,MC247,TRA,OPEN,OPEN
0232767045,20/09/26 19:07:49,20260920 190749,MA001,MC143,TRA,OPEN,OPEN
0232766760,20/09/26 19:08:01,20260920 190801,MA001,MA001,DIS,OPEN,OPEN
0870696612,20/09/26 19:08:22,20260920 190822,MB027,MC159,TRA,OPEN,OPEN
0232782440,20/09/26 19:08:25,20260920 190825,MA001,MC140,TRA,OPEN,OPEN
0870696639,20/09/26 19:09:33,20260920 190933,MA001,MC159,TRA,OPEN,OPEN
0232767045,20/09/26 19:09:49,20260920 190949,MA001,MA001,DIS,OPEN,OPEN
0870696612,20/09/26 19:10:21,20260920 191021,MB027,MB026,DIS,OPEN,OPEN
0232782440,20/09/26 19:10:21,20260920 191021,MA001,MA001,DIS,OPEN,OPEN
5910545610,20/09/26 19:10:26,20260920 191026,MC247,MC247,TRA,OPEN,OPEN
0232782557,20/09/26 19:11:34,20260920 191134,MC243,MC243,TRA,OPEN,OPEN
0870696639,20/09/26 19:11:38,20260920 191138,MA001,MA001,DIS,OPEN,OPEN
5910545601,20/09/26 19:13:02,20260920 191302,MC247,MC233,DIS,OPEN,OPEN
0232782557,20/09/26 19:13:37,20260920 191337,MC243,MC235,DIS,OPEN,OPEN
0157448364,20/09/26 19:13:42,20260920 191342,MC235,MC207,TRA,OPEN,MULTIPLE_BAGTAG
0232767085,20/09/26 19:14:21,20260920 191421,MA043,MA043,TRA,OPEN,OPEN
0232767922,20/09/26 19:14:33,20260920 191433,MA043,MA043,TRA,OPEN,OPEN
0157459482,20/09/26 19:15:02,20260920 191502,MC205,MC205,TRA,OPEN,OPEN
0232782574,20/09/26 19:15:09,20260920 191509,MB036,MB036,TRA,OPEN,OPEN
5910545610,20/09/26 19:15:45,20260920 191545,MC247,MC233,DIS,OPEN,OPEN
0232770051,20/09/26 19:15:45,20260920 191545,MB043,MB043,TRA,OPEN,OPEN
0157448364,20/09/26 19:15:45,20260920 191545,MC235,MC235,DIS,OPEN,MULTIPLE_BAGTAG
0870696669,20/09/26 19:15:53,20260920 191553,MA001,MC158,TRA,OPEN,OPEN
0157449109,20/09/26 19:16:06,20260920 191606,MC205,MC205,TRA,OPEN,OPEN
0232771314,20/09/26 19:16:25,20260920 191625,MB043,MB043,TRA,OPEN,OPEN
0232767858,20/09/26 19:16:57,20260920 191657,MB027,MC126,TRA,OPEN,OPEN
0232782574,20/09/26 19:17:09,20260920 191709,MB036,MB026,DIS,OPEN,OPEN
0232767085,20/09/26 19:17:53,20260920 191753,MA043,MA002,DIS,OPEN,OPEN
0870696669,20/09/26 19:18:05,20260920 191805,MA001,MA001,DIS,OPEN,OPEN
0232767922,20/09/26 19:18:05,20260920 191805,MA043,MA002,DIS,OPEN,OPEN
0232764860,20/09/26 19:18:49,20260920 191849,MA001,MC128,TRA,OPEN,OPEN
0232767858,20/09/26 19:19:05,20260920 191905,MB027,MB026,DIS,OPEN,OPEN
0232766256,20/09/26 19:19:09,20260920 191909,MA003,MA048,TRA,EARLY,EARLY
0232770051,20/09/26 19:19:18,20260920 191918,MB043,MB025,DIS,OPEN,OPEN
0232767843,20/09/26 19:19:18,20260920 191918,MB027,MC126,TRA,OPEN,OPEN
0232771314,20/09/26 19:20:01,20260920 192001,MB043,MB025,DIS,OPEN,OPEN
0232744247,20/09/26 19:20:45,20260920 192045,MB027,MC243,TRA,OPEN,OPEN
0232764860,20/09/26 19:21:01,20260920 192101,MA001,MA001,DIS,OPEN,OPEN
0157459482,20/09/26 19:21:05,20260920 192105,MC205,MC233,DIS,OPEN,OPEN
0232766256,20/09/26 19:21:14,20260920 192114,MA003,MA001,DIS,OPEN,OPEN
0232767843,20/09/26 19:21:21,20260920 192121,MB027,MB026,DIS,OPEN,OPEN
0157449109,20/09/26 19:21:25,20260920 192125,MC205,MC233,DIS,OPEN,OPEN
0918653528,20/09/26 19:21:29,20260920 192129,MA001,MC142,TRA,OPEN,OPEN
0232767838,20/09/26 19:21:30,20260920 192130,MA001,MC126,TRA,OPEN,OPEN
0232782925,20/09/26 19:22:05,20260920 192205,MA001,MC140,TRA,OPEN,OPEN
0232744247,20/09/26 19:22:49,20260920 192249,MB027,MB026,DIS,OPEN,OPEN
0232767838,20/09/26 19:23:29,20260920 192329,MA001,MA001,DIS,OPEN,OPEN
0918653528,20/09/26 19:23:37,20260920 192337,MA001,MA001,DIS,OPEN,OPEN
0232782925,20/09/26 19:24:05,20260920 192405,MA001,MA001,DIS,OPEN,OPEN
0232743558,20/09/26 19:26:14,20260920 192614,MC150,MC150,TRA,OPEN,OPEN
0672880832,20/09/26 19:27:50,20260920 192750,MC161,MC161,TRA,OPEN,OPEN
0672880832,20/09/26 19:30:01,20260920 193001,MC161,MC105,DIS,OPEN,OPEN
0232776829,20/09/26 19:30:13,20260920 193013,MA037,MA037,TRA,OPEN,OPEN
0232775966,20/09/26 19:30:29,20260920 193029,MA037,MA037,TRA,OPEN,OPEN
0232775973,20/09/26 19:31:45,20260920 193145,MA037,MA037,TRA,OPEN,OPEN
0232776630,20/09/26 19:31:49,20260920 193149,MA036,MA036,TRA,OPEN,OPEN
0232776125,20/09/26 19:32:05,20260920 193205,MA036,MA036,TRA,OPEN,OPEN
0232768618,20/09/26 19:33:57,20260920 193357,MB027,MC139,TRA,OPEN,OPEN
0232776829,20/09/26 19:34:02,20260920 193402,MA037,MA002,DIS,OPEN,OPEN
0232775966,20/09/26 19:34:02,20260920 193402,MA037,MA002,DIS,OPEN,OPEN
0232743558,20/09/26 19:34:26,20260920 193426,MC150,MC104,DIS,OPEN,OPEN
0232775973,20/09/26 19:35:17,20260920 193517,MA037,MA002,DIS,OPEN,OPEN
0232776630,20/09/26 19:35:22,20260920 193522,MA036,MA002,DIS,OPEN,OPEN
0232776125,20/09/26 19:35:41,20260920 193541,MA036,MA002,DIS,OPEN,OPEN
0232783254,20/09/26 19:35:57,20260920 193557,MB027,MA012,TRA,OPEN,OPEN
0232768618,20/09/26 19:35:58,20260920 193558,MB027,MB026,DIS,OPEN,OPEN
0232782830,20/09/26 19:36:41,20260920 193641,MB027,MA009,TRA,OPEN,OPEN
0232783254,20/09/26 19:37:57,20260920 193757,MB027,MB026,DIS,OPEN,OPEN
0232782830,20/09/26 19:38:45,20260920 193845,MB027,MB026,DIS,OPEN,OPEN
0232772704,20/09/26 19:38:57,20260920 193857,MB027,MC237,TRA,OPEN,OPEN
0672880982,20/09/26 19:40:37,20260920 194037,MB027,MC161,TRA,OPEN,OPEN
0232772704,20/09/26 19:41:05,20260920 194105,MB027,MB026,DIS,OPEN,OPEN
0232783270,20/09/26 19:41:09,20260920 194109,MB027,MA050,TRA,OPEN,OPEN
0232781923,20/09/26 19:42:01,20260920 194201,MB027,MA012,TRA,OPEN,OPEN
0672880982,20/09/26 19:42:37,20260920 194237,MB027,MB026,DIS,OPEN,OPEN
0125296103,20/09/26 19:43:05,20260920 194305,MB027,MC237,TRA,OPEN,OPEN
0232783270,20/09/26 19:43:17,20260920 194317,MB027,MB026,DIS,OPEN,OPEN
5910545653,20/09/26 19:43:26,20260920 194326,MC247,MC247,TRA,OPEN,OPEN
0232781923,20/09/26 19:44:05,20260920 194405,MB027,MB026,DIS,OPEN,OPEN
0125296103,20/09/26 19:45:05,20260920 194505,MB027,MB026,DIS,OPEN,OPEN
0232783449,20/09/26 19:46:13,20260920 194613,MB027,MA050,TRA,OPEN,OPEN
0232783493,20/09/26 19:46:49,20260920 194649,MB027,MC243,TRA,OPEN,OPEN
0232783527,20/09/26 19:47:25,20260920 194725,MB027,MC244,TRA,OPEN,OPEN
0232783489,20/09/26 19:47:33,20260920 194733,MB027,MA013,TRA,OPEN,OPEN
0232783449,20/09/26 19:48:13,20260920 194813,MB027,MB026,DIS,OPEN,OPEN
0232783558,20/09/26 19:48:13,20260920 194813,MB027,MC244,TRA,OPEN,OPEN
9910590136,20/09/26 19:48:22,20260920 194822,MC247,MC247,TRA,OPEN,OPEN
5910545653,20/09/26 19:48:46,20260920 194846,MC247,MC233,DIS,OPEN,OPEN
0232783493,20/09/26 19:48:49,20260920 194849,MB027,MB026,DIS,OPEN,OPEN
0232783527,20/09/26 19:49:29,20260920 194929,MB027,MB026,DIS,OPEN,OPEN
0232783489,20/09/26 19:49:33,20260920 194933,MB027,MB026,DIS,OPEN,OPEN
0232783532,20/09/26 19:49:49,20260920 194949,MB027,MA014,TRA,OPEN,OPEN
0232783558,20/09/26 19:50:14,20260920 195014,MB027,MB026,DIS,OPEN,OPEN
0232783532,20/09/26 19:51:49,20260920 195149,MB027,MB026,DIS,OPEN,OPEN
0217899623,20/09/26 19:53:01,20260920 195301,MB027,MC228,TRA,OPEN,OPEN
9910590136,20/09/26 19:53:42,20260920 195342,MC247,MC233,DIS,OPEN,OPEN
0217899715,20/09/26 19:54:17,20260920 195417,MB027,MC227,TRA,OPEN,OPEN
0217899691,20/09/26 19:54:29,20260920 195429,MB027,MC227,TRA,OPEN,OPEN
0125296939,20/09/26 19:54:57,20260920 195457,MB027,MC237,TRA,OPEN,OPEN
0217899623,20/09/26 19:55:02,20260920 195502,MB027,MB026,DIS,OPEN,OPEN
0217899715,20/09/26 19:56:21,20260920 195621,MB027,MB026,DIS,OPEN,OPEN
0217899691,20/09/26 19:56:29,20260920 195629,MB027,MB026,DIS,OPEN,OPEN
0125296939,20/09/26 19:56:57,20260920 195657,MB027,MB026,DIS,OPEN,OPEN
6910368656,20/09/26 19:58:02,20260920 195802,MC246,MC246,TRA,OPEN,OPEN
5910545685,20/09/26 20:01:21,20260920 200121,MC247,MC247,TRA,OPEN,OPEN
0235879763,20/09/26 20:01:37,20260920 200137,MB027,MC204,TRA,OPEN,OPEN
6910368656,20/09/26 20:03:22,20260920 200322,MC246,MC233,DIS,OPEN,OPEN
0235879763,20/09/26 20:03:37,20260920 200337,MB027,MB026,DIS,OPEN,OPEN
0235880000,20/09/26 20:03:57,20260920 200357,MB027,MC202,TRA,OPEN,OPEN
0235880138,20/09/26 20:04:09,20260920 200409,MB027,MC204,TRA,OPEN,OPEN
0235880000,20/09/26 20:06:06,20260920 200606,MB027,MB026,DIS,OPEN,OPEN
0235880138,20/09/26 20:06:09,20260920 200609,MB027,MB026,DIS,OPEN,OPEN
0232773534,20/09/26 20:06:18,20260920 200618,MA001,MC163,TRA,OPEN,OPEN
5910545685,20/09/26 20:06:58,20260920 200658,MC247,MC233,DIS,OPEN,OPEN
0232765801,20/09/26 20:07:50,20260920 200750,MC150,MC150,TRA,OPEN,OPEN
0232784284,20/09/26 20:08:10,20260920 200810,MB014,MB014,TRA,OPEN,OPEN
0232784243,20/09/26 20:08:25,20260920 200825,MB049,MB049,TRA,OPEN,OPEN
0232773534,20/09/26 20:08:33,20260920 200833,MA001,MA001,DIS,OPEN,OPEN
0232779087,20/09/26 20:10:06,20260920 201006,MB014,MB014,TRA,OPEN,OPEN
0232784259,20/09/26 20:10:33,20260920 201033,MB014,MB014,TRA,OPEN,OPEN
0232784284,20/09/26 20:11:53,20260920 201153,MB014,MB025,DIS,OPEN,OPEN
0232784243,20/09/26 20:11:57,20260920 201157,MB049,MB025,DIS,OPEN,OPEN
0232779122,20/09/26 20:12:53,20260920 201253,MB014,MB014,TRA,OPEN,OPEN
0098734364,20/09/26 20:13:37,20260920 201337,MA001,MC109,TRA,OPEN,OPEN
0232779087,20/09/26 20:13:53,20260920 201353,MB014,MB025,DIS,OPEN,OPEN
0232784259,20/09/26 20:14:09,20260920 201409,MB014,MB025,DIS,OPEN,OPEN
0232783918,20/09/26 20:14:45,20260920 201445,MB014,MB014,TRA,OPEN,OPEN
0232783937,20/09/26 20:14:57,20260920 201457,MB014,MB014,TRA,OPEN,OPEN
0232783751,20/09/26 20:15:05,20260920 201505,MB014,MB014,TRA,OPEN,OPEN
0098734364,20/09/26 20:15:37,20260920 201537,MA001,MA001,DIS,OPEN,OPEN
0232765801,20/09/26 20:16:02,20260920 201602,MC150,MC104,DIS,OPEN,OPEN
0232779122,20/09/26 20:16:41,20260920 201641,MB014,MB025,DIS,OPEN,OPEN
0232784275,20/09/26 20:16:53,20260920 201653,MB014,MB014,TRA,OPEN,OPEN
0232752184,20/09/26 20:17:01,20260920 201701,MB014,MB014,TRA,OPEN,OPEN
0157466302,20/09/26 20:17:18,20260920 201718,MC206,MC206,TRA,OPEN,OPEN
0232752242,20/09/26 20:17:25,20260920 201725,MB014,MB014,TRA,OPEN,OPEN
0232762977,20/09/26 20:18:13,20260920 201813,MB014,MB014,TRA,OPEN,OPEN
0232783937,20/09/26 20:18:30,20260920 201830,MB014,MB025,DIS,OPEN,OPEN
0232783918,20/09/26 20:18:30,20260920 201830,MB014,MB025,DIS,OPEN,OPEN
0232783751,20/09/26 20:18:41,20260920 201841,MB014,MB025,DIS,OPEN,OPEN
0098734771,20/09/26 20:18:57,20260920 201857,MA001,MC110,TRA,OPEN,OPEN
0232784132,20/09/26 20:19:02,20260920 201902,MA001,MC139,TRA,OPEN,OPEN
0232752192,20/09/26 20:19:13,20260920 201913,MB014,MB014,TRA,OPEN,OPEN
0157466302,20/09/26 20:19:22,20260920 201922,MC206,MC233,DIS,OPEN,OPEN
0232781620,20/09/26 20:19:34,20260920 201934,MB014,MB014,TRA,OPEN,OPEN
0232784275,20/09/26 20:20:29,20260920 202029,MB014,MB025,DIS,OPEN,OPEN
0232763222,20/09/26 20:20:42,20260920 202042,MB027,MA029,TRA,OPEN,OPEN
0232752184,20/09/26 20:20:42,20260920 202042,MB014,MB025,DIS,OPEN,OPEN
0098734771,20/09/26 20:20:53,20260920 202053,MA001,MA001,DIS,OPEN,OPEN
0232752242,20/09/26 20:20:57,20260920 202057,MB014,MB025,DIS,OPEN,OPEN
0125300314,20/09/26 20:20:58,20260920 202058,MC238,MC238,TRA,OPEN,OPEN
0232784132,20/09/26 20:21:01,20260920 202101,MA001,MA001,DIS,OPEN,OPEN
0232784474,20/09/26 20:21:33,20260920 202133,MB048,MB048,TRA,OPEN,OPEN
0232784471,20/09/26 20:21:49,20260920 202149,MB048,MB048,TRA,OPEN,OPEN
0232762977,20/09/26 20:21:53,20260920 202153,MB014,MB025,DIS,OPEN,OPEN
0157465804,20/09/26 20:21:57,20260920 202157,MB027,MC206,TRA,OPEN,OPEN
0232752192,20/09/26 20:22:49,20260920 202249,MB014,MB025,DIS,OPEN,OPEN
0232781620,20/09/26 20:23:17,20260920 202317,MB014,MB025,DIS,OPEN,OPEN
0098735012,20/09/26 20:23:25,20260920 202325,MA001,MC109,TRA,OPEN,OPEN
0157465804,20/09/26 20:23:57,20260920 202357,MB027,MB026,DIS,OPEN,OPEN
0232784543,20/09/26 20:23:57,20260920 202357,MB014,MB014,TRA,OPEN,OPEN
0232763222,20/09/26 20:24:17,20260920 202417,MB027,MB025,DIS,OPEN,OPEN
0232784474,20/09/26 20:25:05,20260920 202505,MB048,MB025,DIS,OPEN,OPEN
0125299595,20/09/26 20:25:14,20260920 202514,MC238,MC238,TRA,OPEN,OPEN
0232784471,20/09/26 20:25:29,20260920 202529,MB048,MB025,DIS,OPEN,OPEN
0098735012,20/09/26 20:25:37,20260920 202537,MA001,MA001,DIS,OPEN,OPEN
0232784606,20/09/26 20:26:29,20260920 202629,MB014,MB014,TRA,OPEN,OPEN
0125300314,20/09/26 20:26:30,20260920 202630,MC238,MC233,DIS,OPEN,OPEN
0232784169,20/09/26 20:26:41,20260920 202641,MA028,MA028,TRA,OPEN,OPEN
0098735202,20/09/26 20:27:29,20260920 202729,MB027,MC110,TRA,OPEN,OPEN
0232784543,20/09/26 20:27:41,20260920 202741,MB014,MB025,DIS,OPEN,OPEN
0232784144,20/09/26 20:27:57,20260920 202757,MB033,MB033,TRA,OPEN,OPEN
0098735377,20/09/26 20:28:21,20260920 202821,MA001,MC110,TRA,OPEN,OPEN
0232784444,20/09/26 20:29:01,20260920 202901,MB014,MB014,TRA,OPEN,OPEN
0235883386,20/09/26 20:29:13,20260920 202913,MB027,MC204,TRA,OPEN,OPEN
0098735202,20/09/26 20:29:29,20260920 202929,MB027,MB026,DIS,OPEN,OPEN
0157465537,20/09/26 20:29:41,20260920 202941,MB027,MC207,TRA,OPEN,OPEN
0232784606,20/09/26 20:30:05,20260920 203005,MB014,MB025,DIS,OPEN,OPEN
0232784144,20/09/26 20:30:05,20260920 203005,MB033,MB026,DIS,OPEN,OPEN
0232784169,20/09/26 20:30:21,20260920 203021,MA028,MA002,DIS,OPEN,OPEN
0098735377,20/09/26 20:30:33,20260920 203033,MA001,MA001,DIS,OPEN,OPEN
0125299595,20/09/26 20:30:50,20260920 203050,MC238,MC233,DIS,OPEN,OPEN
0235883386,20/09/26 20:31:13,20260920 203113,MB027,MB026,DIS,OPEN,OPEN
0157465537,20/09/26 20:31:41,20260920 203141,MB027,MB026,DIS,OPEN,OPEN
0232784228,20/09/26 20:31:58,20260920 203158,MB014,MB014,TRA,OPEN,OPEN
0232784444,20/09/26 20:32:33,20260920 203233,MB014,MB025,DIS,OPEN,OPEN
0232784714,20/09/26 20:33:17,20260920 203317,MB014,MB014,TRA,OPEN,OPEN
0232784228,20/09/26 20:35:33,20260920 203533,MB014,MB025,DIS,OPEN,OPEN
0232784279,20/09/26 20:35:53,20260920 203553,MB027,MA029,TRA,OPEN,OPEN
0232784714,20/09/26 20:36:50,20260920 203650,MB014,MB025,DIS,OPEN,OPEN
0098735914,20/09/26 20:36:57,20260920 203657,MA001,MC109,TRA,OPEN,OPEN
0232760425,20/09/26 20:36:57,20260920 203657,MB014,MB014,TRA,OPEN,OPEN
0232759787,20/09/26 20:37:25,20260920 203725,MB014,MB014,TRA,OPEN,OPEN
5910545698,20/09/26 20:37:46,20260920 203746,MC247,MC247,TRA,OPEN,OPEN
0232760472,20/09/26 20:37:49,20260920 203749,MB014,MB014,TRA,OPEN,OPEN
0232784279,20/09/26 20:37:53,20260920 203753,MB027,MB026,DIS,OPEN,OPEN
0232774388,20/09/26 20:37:58,20260920 203758,,MC241,TRA,OPEN,HBS
0235883447,20/09/26 20:38:02,20260920 203802,MC105,MC202,TRA,OPEN,OPEN
0232760448,20/09/26 20:38:21,20260920 203821,MB014,MB014,TRA,OPEN,OPEN
0232758696,20/09/26 20:38:29,20260920 203829,MB014,MB014,TRA,OPEN,OPEN
0232760503,20/09/26 20:38:33,20260920 203833,MB014,MB014,TRA,OPEN,OPEN
0232784345,20/09/26 20:38:42,20260920 203842,MC150,MC150,TRA,OPEN,OPEN
0232758451,20/09/26 20:39:01,20260920 203901,MB014,MB014,TRA,OPEN,OPEN
0098735914,20/09/26 20:39:10,20260920 203910,MA001,MA001,DIS,OPEN,OPEN
0232759793,20/09/26 20:39:10,20260920 203910,MB014,MB014,TRA,OPEN,OPEN
0232761438,20/09/26 20:39:13,20260920 203913,MB014,MB014,TRA,OPEN,OPEN
0232760063,20/09/26 20:39:17,20260920 203917,MB014,MB014,TRA,OPEN,OPEN
0232760319,20/09/26 20:39:26,20260920 203926,MB014,MB014,TRA,OPEN,OPEN
0235883447,20/09/26 20:39:38,20260920 203938,MC105,MC105,DIS,OPEN,OPEN
0232774388,20/09/26 20:40:01,20260920 204001,,MC233,DIS,OPEN,HBS
0232760245,20/09/26 20:40:33,20260920 204033,MB014,MB014,TRA,OPEN,OPEN
0232760425,20/09/26 20:40:33,20260920 204033,MB014,MB025,DIS,OPEN,OPEN
0232758713,20/09/26 20:40:41,20260920 204041,MB014,MB014,TRA,OPEN,OPEN
0232759856,20/09/26 20:40:41,20260920 204041,MB014,MB014,TRA,OPEN,OPEN
0232759787,20/09/26 20:41:01,20260920 204101,MB014,MB025,DIS,OPEN,OPEN
0232760472,20/09/26 20:41:25,20260920 204125,MB014,MB025,DIS,OPEN,OPEN
0232761481,20/09/26 20:41:33,20260920 204133,MB014,MB014,TRA,OPEN,OPEN
0232759782,20/09/26 20:41:45,20260920 204145,MB014,MB014,TRA,OPEN,OPEN
0232760448,20/09/26 20:41:57,20260920 204157,MB014,MB025,DIS,OPEN,OPEN
0232758696,20/09/26 20:42:09,20260920 204209,MB014,MB025,DIS,OPEN,OPEN
0232784923,20/09/26 20:42:13,20260920 204213,MC156,MC156,TRA,OPEN,OPEN
0232760503,20/09/26 20:42:18,20260920 204218,MB014,MB025,DIS,OPEN,OPEN
0232758451,20/09/26 20:42:37,20260920 204237,MB014,MB025,DIS,OPEN,OPEN
0232759793,20/09/26 20:42:41,20260920 204241,MB014,MB025,DIS,OPEN,OPEN
0232784902,20/09/26 20:42:41,20260920 204241,MC150,MC150,TRA,OPEN,OPEN
0232761438,20/09/26 20:42:49,20260920 204249,MB014,MB025,DIS,OPEN,OPEN
0232756434,20/09/26 20:42:54,20260920 204254,MB014,MB014,TRA,OPEN,OPEN
0232760063,20/09/26 20:42:54,20260920 204254,MB014,MB025,DIS,OPEN,OPEN
0098738102,20/09/26 20:42:58,20260920 204258,MC109,MC109,TRA,OPEN,OPEN
0232784959,20/09/26 20:43:01,20260920 204301,MC139,MC139,TRA,OPEN,OPEN
0232760214,20/09/26 20:43:05,20260920 204305,MB014,MB014,TRA,OPEN,OPEN
0232760319,20/09/26 20:43:09,20260920 204309,MB014,MB025,DIS,OPEN,OPEN
0232760906,20/09/26 20:43:09,20260920 204309,MB014,MB014,TRA,OPEN,OPEN
0232784612,20/09/26 20:43:09,20260920 204309,MA001,MC150,TRA,OPEN,OPEN
0232784599,20/09/26 20:43:14,20260920 204314,MA001,MC155,TRA,OPEN,OPEN
5910545698,20/09/26 20:43:20,20260920 204320,MC247,MC233,DIS,OPEN,OPEN
0232760245,20/09/26 20:44:05,20260920 204405,MB014,MB025,DIS,OPEN,OPEN
0232759856,20/09/26 20:44:18,20260920 204418,MB014,MB025,DIS,OPEN,OPEN
0232758713,20/09/26 20:44:25,20260920 204425,MB014,MB025,DIS,OPEN,OPEN
0232759672,20/09/26 20:44:53,20260920 204453,MB014,MB014,TRA,OPEN,OPEN
0232761481,20/09/26 20:45:09,20260920 204509,MB014,MB025,DIS,OPEN,OPEN
0232784612,20/09/26 20:45:09,20260920 204509,MA001,MA001,DIS,OPEN,OPEN
0232759782,20/09/26 20:45:21,20260920 204521,MB014,MB025,DIS,OPEN,OPEN
0232784599,20/09/26 20:45:25,20260920 204525,MA001,MA001,DIS,OPEN,OPEN
0232761144,20/09/26 20:45:50,20260920 204550,MB014,MB014,TRA,OPEN,OPEN
0232784937,20/09/26 20:46:05,20260920 204605,MB014,MB014,TRA,OPEN,OPEN
0232756368,20/09/26 20:46:13,20260920 204613,MB014,MB014,TRA,OPEN,OPEN
0232756434,20/09/26 20:46:29,20260920 204629,MB014,MB025,DIS,OPEN,OPEN
0232759565,20/09/26 20:46:37,20260920 204637,MB014,MB014,TRA,OPEN,OPEN
0232760214,20/09/26 20:46:41,20260920 204641,MB014,MB025,DIS,OPEN,OPEN
0232784345,20/09/26 20:46:54,20260920 204654,MC150,MC104,DIS,OPEN,OPEN
0232760906,20/09/26 20:46:54,20260920 204654,MB014,MB025,DIS,OPEN,OPEN
0232717694,20/09/26 20:48:05,20260920 204805,MA001,MC130,TRA,OPEN,REBOOK_BSM
0232759672,20/09/26 20:48:29,20260920 204829,MB014,MB025,DIS,OPEN,OPEN
0232717719,20/09/26 20:49:05,20260920 204905,MA001,MC130,TRA,OPEN,REBOOK_BSM
0232784723,20/09/26 20:49:13,20260920 204913,MA001,MC155,TRA,OPEN,OPEN
0232784604,20/09/26 20:49:17,20260920 204917,MB027,MC148,TRA,OPEN,OPEN
0232761144,20/09/26 20:49:25,20260920 204925,MB014,MB025,DIS,OPEN,OPEN
0098736760,20/09/26 20:49:37,20260920 204937,MA001,MC109,TRA,OPEN,OPEN
0232784937,20/09/26 20:49:42,20260920 204942,MB014,MB025,DIS,OPEN,OPEN
0232756368,20/09/26 20:49:49,20260920 204949,MB014,MB025,DIS,OPEN,OPEN
0232717694,20/09/26 20:50:05,20260920 205005,MA001,MA001,DIS,OPEN,REBOOK_BSM
0232759565,20/09/26 20:50:09,20260920 205009,MB014,MB025,DIS,OPEN,OPEN
0232784750,20/09/26 20:50:17,20260920 205017,MA001,MC155,TRA,OPEN,OPEN
0098736894,20/09/26 20:50:29,20260920 205029,MA001,MC109,TRA,OPEN,OPEN
0232717719,20/09/26 20:51:01,20260920 205101,MA001,MA001,DIS,OPEN,REBOOK_BSM
0232784604,20/09/26 20:51:18,20260920 205118,MB027,MB026,DIS,OPEN,OPEN
0232784723,20/09/26 20:51:25,20260920 205125,MA001,MA001,DIS,OPEN,OPEN
0098736760,20/09/26 20:51:49,20260920 205149,MA001,MA001,DIS,OPEN,OPEN
0232784750,20/09/26 20:52:17,20260920 205217,MA001,MA001,DIS,OPEN,OPEN
0232784743,20/09/26 20:52:53,20260920 205253,MB027,MC149,TRA,OPEN,OPEN
0098736894,20/09/26 20:54:13,20260920 205413,MA001,MA002,DIS,OPEN,OPEN
0232784810,20/09/26 20:54:17,20260920 205417,MA001,MC139,TRA,OPEN,OPEN
0232784743,20/09/26 20:55:01,20260920 205501,MB027,MB026,DIS,OPEN,OPEN
0232785118,20/09/26 20:55:22,20260920 205522,MA028,MA028,TRA,OPEN,OPEN
0232784810,20/09/26 20:56:29,20260920 205629,MA001,MA001,DIS,OPEN,OPEN
0098737232,20/09/26 20:56:37,20260920 205637,MB027,MC109,TRA,OPEN,OPEN
0232784790,20/09/26 20:56:42,20260920 205642,MB027,MC140,TRA,OPEN,OPEN
0098737327,20/09/26 20:57:13,20260920 205713,MB027,MC109,TRA,OPEN,OPEN
0098738037,20/09/26 20:57:53,20260920 205753,MC109,MC109,TRA,OPEN,OPEN
0098737232,20/09/26 20:58:41,20260920 205841,MB027,MB026,DIS,OPEN,OPEN
0232784790,20/09/26 20:58:45,20260920 205845,MB027,MB026,DIS,OPEN,OPEN
0232774403,20/09/26 20:58:54,20260920 205854,MB032,MB032,TRA,OPEN,OPEN
0232785118,20/09/26 20:58:54,20260920 205854,MA028,MA002,DIS,OPEN,OPEN
0098737327,20/09/26 20:59:14,20260920 205914,MB027,MB026,DIS,OPEN,OPEN
0232785205,20/09/26 20:59:41,20260920 205941,MB032,MB032,TRA,OPEN,OPEN
0232777076,20/09/26 21:00:30,20260920 210030,MB014,MB014,TRA,OPEN,OPEN
0232785219,20/09/26 21:00:52,20260920 210052,MB032,MB032,TRA,OPEN,OPEN
0232784571,20/09/26 21:01:02,20260920 210102,MC241,MC241,TRA,OPEN,OPEN
0232785237,20/09/26 21:01:07,20260920 210107,MB032,MB032,TRA,OPEN,OPEN
0232785162,20/09/26 21:01:08,20260920 210108,MB032,MB032,TRA,OPEN,OPEN
0232785206,20/09/26 21:01:09,20260920 210109,MB032,MB032,TRA,OPEN,OPEN
0232784571,20/09/26 21:06:10,20260920 210610,MC241,MC233,DIS,OPEN,OPEN
0232785205,20/09/26 21:06:10,20260920 210610,MB032,MB025,DIS,OPEN,OPEN
0098738102,20/09/26 21:06:10,20260920 210610,MC109,MA001,DIS,OPEN,OPEN
0232784923,20/09/26 21:06:10,20260920 210610,MC156,MA001,DIS,OPEN,OPEN
0232785206,20/09/26 21:06:10,20260920 210610,MB032,MB025,DIS,OPEN,OPEN
0232785162,20/09/26 21:06:11,20260920 210611,MB032,MB025,DIS,OPEN,OPEN
0232784959,20/09/26 21:06:21,20260920 210621,MC139,MA001,DIS,OPEN,OPEN
0232774403,20/09/26 21:06:33,20260920 210633,MB032,MB025,DIS,OPEN,OPEN
0232785004,20/09/26 21:06:49,20260920 210649,MA001,MC149,TRA,OPEN,OPEN
0232784902,20/09/26 21:06:53,20260920 210653,MC150,MB026,DIS,OPEN,OPEN
0232777076,20/09/26 21:07:05,20260920 210705,MB014,MB025,DIS,OPEN,OPEN
0232785219,20/09/26 21:07:09,20260920 210709,MB032,MB025,DIS,OPEN,OPEN
0098738037,20/09/26 21:07:25,20260920 210725,MC109,MB026,DIS,OPEN,OPEN
0232785237,20/09/26 21:07:25,20260920 210725,MB032,MB025,DIS,OPEN,OPEN
0599086610,20/09/26 21:08:09,20260920 210809,MA001,MA001,DIS,OPEN,OPEN
0232785004,20/09/26 21:08:49,20260920 210849,MA001,MA001,DIS,OPEN,OPEN
0599086601,20/09/26 21:08:57,20260920 210857,MA001,MA001,DIS,OPEN,OPEN
0910834085,20/09/26 21:11:05,20260920 211105,MA001,MC155,TRA,OPEN,OPEN
0599086640,20/09/26 21:11:37,20260920 211137,MA001,MC102,TRA,OPEN,OPEN
0599086639,20/09/26 21:12:02,20260920 211202,MA001,MC103,TRA,OPEN,OPEN
0232785007,20/09/26 21:12:09,20260920 211209,MB027,MC149,TRA,OPEN,OPEN
0098738241,20/09/26 21:12:21,20260920 211221,MA001,MC110,TRA,OPEN,OPEN
0098738519,20/09/26 21:12:49,20260920 211249,MA001,MC110,TRA,OPEN,OPEN
0910834121,20/09/26 21:12:57,20260920 211257,MA001,MC149,TRA,OPEN,OPEN
0910834085,20/09/26 21:13:05,20260920 211305,MA001,MA001,DIS,OPEN,OPEN
0599086640,20/09/26 21:13:38,20260920 211338,MA001,MA001,DIS,OPEN,OPEN
0232785007,20/09/26 21:14:09,20260920 211409,MB027,MB026,DIS,OPEN,OPEN
0599086639,20/09/26 21:14:14,20260920 211414,MA001,MA001,DIS,OPEN,OPEN
0098738241,20/09/26 21:14:22,20260920 211422,MA001,MA001,DIS,OPEN,OPEN
0098738271,20/09/26 21:14:33,20260920 211433,MB027,MC110,TRA,OPEN,OPEN
0098738230,20/09/26 21:14:45,20260920 211445,MB027,MC110,TRA,OPEN,OPEN
0098738519,20/09/26 21:14:49,20260920 211449,MA001,MA001,DIS,OPEN,OPEN
0910834121,20/09/26 21:15:05,20260920 211505,MA001,MA001,DIS,OPEN,OPEN
0098738271,20/09/26 21:16:33,20260920 211633,MB027,MB026,DIS,OPEN,OPEN
0098738230,20/09/26 21:16:45,20260920 211645,MB027,MB026,DIS,OPEN,OPEN
0232785189,20/09/26 21:18:29,20260920 211829,MA001,MC149,TRA,OPEN,OPEN
0232775734,20/09/26 21:19:33,20260920 211933,MA001,MC140,TRA,OPEN,OPEN
0098739265,20/09/26 21:19:45,20260920 211945,MA001,MC110,TRA,OPEN,OPEN
0098739285,20/09/26 21:19:53,20260920 211953,MA001,MC110,TRA,OPEN,OPEN
0232785189,20/09/26 21:20:29,20260920 212029,MA001,MA001,DIS,OPEN,OPEN
0232785212,20/09/26 21:20:58,20260920 212058,MA001,MC149,TRA,OPEN,OPEN
0232775734,20/09/26 21:21:01,20260920 212101,MA001,MA001,DIS,OPEN,OPEN
0098739265,20/09/26 21:21:41,20260920 212141,MA001,MA001,DIS,OPEN,OPEN
0098739285,20/09/26 21:22:05,20260920 212205,MA001,MA001,DIS,OPEN,OPEN
0232785212,20/09/26 21:22:57,20260920 212257,MA001,MA001,DIS,OPEN,OPEN
0232779927,20/09/26 21:28:46,20260920 212846,,MC149,TRA,OPEN,OPEN
0232774741,20/09/26 21:28:48,20260920 212848,,MC130,TRA,OPEN,HBS
0098738286,20/09/26 21:28:48,20260920 212848,MC110,MC110,TRA,OPEN,OPEN
0098738325,20/09/26 21:28:48,20260920 212848,MC110,MC110,REC,OPEN,OPEN
0180742060,20/09/26 21:28:50,20260920 212850,MC145,MC145,TRA,OPEN,OPEN
3071347010,20/09/26 21:28:51,20260920 212851,MC166,MC166,TRA,OPEN,OPEN
0098738286,20/09/26 21:28:52,20260920 212852,MC110,MC104,DIS,OPEN,OPEN
0232779927,20/09/26 21:28:52,20260920 212852,,MB026,DIS,OPEN,OPEN
0232774741,20/09/26 21:28:52,20260920 212852,,MC104,DIS,OPEN,HBS
0232767734,20/09/26 21:28:52,20260920 212852,MC148,MC149,REC,OPEN,OPEN
0232784025,20/09/26 21:28:52,20260920 212852,MC148,MC148,TRA,OPEN,OPEN
0098738325,20/09/26 21:28:52,20260920 212852,MC109,MC104,DIS,OPEN,OPEN
0232785203,20/09/26 21:28:53,20260920 212853,MC148,MC148,TRA,OPEN,OPEN
0232783789,20/09/26 21:28:53,20260920 212853,MC148,MC148,TRA,OPEN,OPEN
0074672124,20/09/26 21:28:54,20260920 212854,MC143,MC143,TRA,OPEN,OPEN
0180742060,20/09/26 21:28:55,20260920 212855,MC145,MC104,DIS,OPEN,OPEN
0232771416,20/09/26 21:28:55,20260920 212855,MC138,MC138,TRA,OPEN,OPEN
0074676143,20/09/26 21:28:55,20260920 212855,MC143,MC142,TRA,OPEN,OPEN
0232785207,20/09/26 21:28:56,20260920 212856,MC149,MC149,TRA,OPEN,OPEN
3071347010,20/09/26 21:29:02,20260920 212902,MC166,MC104,DIS,OPEN,OPEN
0232784025,20/09/26 21:29:10,20260920 212910,MC148,MC104,DIS,OPEN,OPEN
0232767734,20/09/26 21:29:22,20260920 212922,MC149,MC104,DIS,OPEN,OPEN
0232783789,20/09/26 21:29:38,20260920 212938,MC148,MC104,DIS,OPEN,OPEN
0074672124,20/09/26 21:29:50,20260920 212950,MC143,MC104,DIS,OPEN,OPEN
0232785203,20/09/26 21:30:02,20260920 213002,MC148,MC104,DIS,OPEN,OPEN
0232771416,20/09/26 21:30:06,20260920 213006,MC138,MC104,DIS,OPEN,OPEN
0074676143,20/09/26 21:30:10,20260920 213010,MC142,MC104,DIS,OPEN,OPEN
0232785207,20/09/26 21:30:26,20260920 213026,MC149,MC104,DIS,OPEN,OPEN
0098738970,20/09/26 21:34:58,20260920 213458,MB027,MC110,TRA,OPEN,OPEN
0232785342,20/09/26 21:36:49,20260920 213649,MB014,MB014,TRA,OPEN,OPEN
0098738970,20/09/26 21:36:57,20260920 213657,MB027,MB026,DIS,OPEN,OPEN
5816613984,20/09/26 21:37:25,20260920 213725,MB054,MB054,TRA,OPEN,OPEN
0232785342,20/09/26 21:40:25,20260920 214025,MB014,MB025,DIS,OPEN,OPEN
5816613984,20/09/26 21:40:57,20260920 214057,MB054,MB025,DIS,OPEN,OPEN
0232775287,20/09/26 21:45:17,20260920 214517,MB014,MB014,TRA,OPEN,OPEN
0232776669,20/09/26 21:45:21,20260920 214521,MB014,MB014,TRA,OPEN,OPEN
0232780800,20/09/26 21:46:54,20260920 214654,MB014,MB014,TRA,OPEN,OPEN
0232775281,20/09/26 21:47:06,20260920 214706,MB014,MB014,TRA,OPEN,OPEN
0232783748,20/09/26 21:49:02,20260920 214902,,MC240,TRA,OPEN,HBS
0232775287,20/09/26 21:49:05,20260920 214905,MB014,MB025,DIS,OPEN,OPEN
0232776669,20/09/26 21:49:10,20260920 214910,MB014,MB025,DIS,OPEN,OPEN
0232777081,20/09/26 21:49:13,20260920 214913,MB014,MB014,TRA,OPEN,OPEN
0232776774,20/09/26 21:50:02,20260920 215002,MB014,MB014,TRA,OPEN,OPEN
0232779113,20/09/26 21:50:14,20260920 215014,MB014,MB014,TRA,OPEN,OPEN
0232777754,20/09/26 21:50:22,20260920 215022,MA011,MA011,TRA,OPEN,OPEN
0232785547,20/09/26 21:50:29,20260920 215029,MA011,MA011,TRA,OPEN,OPEN
0232780787,20/09/26 21:50:37,20260920 215037,MA011,MA011,TRA,OPEN,OPEN
0232780800,20/09/26 21:50:41,20260920 215041,MB014,MB025,DIS,OPEN,OPEN
0232775281,20/09/26 21:50:53,20260920 215053,MB014,MB025,DIS,OPEN,OPEN
0232780797,20/09/26 21:51:02,20260920 215102,MA011,MA011,TRA,OPEN,OPEN
0232780784,20/09/26 21:51:05,20260920 215105,MA011,MA011,TRA,OPEN,OPEN
0232783748,20/09/26 21:51:06,20260920 215106,,MC233,DIS,OPEN,HBS
0232785804,20/09/26 21:52:13,20260920 215213,MB014,MB014,TRA,OPEN,OPEN
3018224394,20/09/26 21:52:45,20260920 215245,MA001,MC227,TRA,OPEN,OPEN
0232777081,20/09/26 21:52:49,20260920 215249,MB014,MB025,DIS,OPEN,OPEN
0232776774,20/09/26 21:53:53,20260920 215353,MB014,MB025,DIS,OPEN,OPEN
0232777754,20/09/26 21:54:02,20260920 215402,MA011,MA002,DIS,OPEN,OPEN
0232779113,20/09/26 21:54:02,20260920 215402,MB014,MB025,DIS,OPEN,OPEN
0232780787,20/09/26 21:54:09,20260920 215409,MA011,MA002,DIS,OPEN,OPEN
0232785547,20/09/26 21:54:13,20260920 215413,MA011,MA002,DIS,OPEN,OPEN
0232780797,20/09/26 21:54:33,20260920 215433,MA011,MA002,DIS,OPEN,OPEN
0232780784,20/09/26 21:54:38,20260920 215438,MA011,MA002,DIS,OPEN,OPEN
3018224394,20/09/26 21:54:41,20260920 215441,MA001,MA001,DIS,OPEN,OPEN
0232776522,20/09/26 21:55:25,20260920 215525,MA001,MC143,TRA,OPEN,OPEN
0232785804,20/09/26 21:55:49,20260920 215549,MB014,MB025,DIS,OPEN,OPEN
0232766886,20/09/26 21:57:09,20260920 215709,MA001,MC149,TRA,OPEN,OPEN
0232776522,20/09/26 21:57:22,20260920 215722,MA001,MA001,DIS,OPEN,OPEN
0232766886,20/09/26 21:59:09,20260920 215909,MA001,MA001,DIS,OPEN,OPEN
0232748138,20/09/26 21:59:18,20260920 215918,MC105,MC241,TRA,OPEN,OPEN
0232748138,20/09/26 21:59:34,20260920 215934,MC105,MC105,DIS,OPEN,OPEN
0232769859,20/09/26 22:01:50,20260920 220150,MB014,MB014,TRA,OPEN,OPEN
3018077199,20/09/26 22:02:06,20260920 220206,MB027,MC227,TRA,OPEN,OPEN
0232779447,20/09/26 22:03:10,20260920 220310,MB014,MB014,TRA,OPEN,OPEN
3018077199,20/09/26 22:04:09,20260920 220409,MB027,MB026,DIS,OPEN,OPEN
0074679911,20/09/26 22:04:34,20260920 220434,MC142,MC142,TRA,OPEN,OPEN
0232779387,20/09/26 22:05:25,20260920 220525,MB014,MB014,TRA,OPEN,OPEN
0232769859,20/09/26 22:05:38,20260920 220538,MB014,MB025,DIS,OPEN,OPEN
0232783149,20/09/26 22:05:53,20260920 220553,MB033,MB033,TRA,OPEN,OPEN
0816010028,20/09/26 22:06:09,20260920 220609,MA001,MC130,TRA,OPEN,OPEN
0232778601,20/09/26 22:06:13,20260920 220613,MA001,MC148,TRA,OPEN,OPEN
0232778601,20/09/26 22:08:13,20260920 220813,MA001,MA001,DIS,OPEN,OPEN
0816010028,20/09/26 22:08:21,20260920 220821,MA001,MA001,DIS,OPEN,OPEN
0232779447,20/09/26 22:09:13,20260920 220913,MB014,MB025,DIS,OPEN,OPEN
0232783149,20/09/26 22:10:18,20260920 221018,MB033,MB025,DIS,OPEN,OPEN
0232779387,20/09/26 22:11:25,20260920 221125,MB014,MB025,DIS,OPEN,OPEN
0074679911,20/09/26 22:12:34,20260920 221234,MC142,MC104,DIS,OPEN,OPEN
3071347539,20/09/26 22:20:54,20260920 222054,MC165,MC165,TRA,OPEN,OPEN
3071347539,20/09/26 22:23:06,20260920 222306,MC165,MC105,DIS,OPEN,OPEN
3774682686,20/09/26 22:25:18,20260920 222518,MC158,MC158,TRA,OPEN,OPEN
3774682686,20/09/26 22:32:10,20260920 223210,MC158,MC104,DIS,OPEN,OPEN
0232785249,20/09/26 22:37:38,20260920 223738,MB027,MC149,TRA,OPEN,OPEN
0232785251,20/09/26 22:37:58,20260920 223758,MB027,MC149,TRA,OPEN,OPEN
0232785242,20/09/26 22:38:21,20260920 223821,MB027,MC149,TRA,OPEN,OPEN
0232785243,20/09/26 22:38:34,20260920 223834,MB027,MC148,TRA,OPEN,OPEN
0232785249,20/09/26 22:39:37,20260920 223937,MB027,MB027,DIS,OPEN,OPEN
0232785251,20/09/26 22:40:01,20260920 224001,MB027,MB027,DIS,OPEN,OPEN
0232785242,20/09/26 22:40:21,20260920 224021,MB027,MB027,DIS,OPEN,OPEN
0232785243,20/09/26 22:40:34,20260920 224034,MB027,MB027,DIS,OPEN,OPEN
0672880193,20/09/26 22:42:57,20260920 224257,MA005,MA005,TRA,OPEN,OPEN
0176293393,20/09/26 22:43:01,20260920 224301,MA005,MA005,TRA,OPEN,OPEN
0176293389,20/09/26 22:44:13,20260920 224413,MA005,MA005,TRA,OPEN,OPEN
3781228905,20/09/26 22:44:45,20260920 224445,MB027,MC223,TRA,OPEN,OPEN
0672880193,20/09/26 22:46:34,20260920 224634,MA005,MA002,DIS,OPEN,OPEN
0176293393,20/09/26 22:46:41,20260920 224641,MA005,MA002,DIS,OPEN,OPEN
3781228905,20/09/26 22:46:45,20260920 224645,MB027,MB026,DIS,OPEN,OPEN
0232779532,20/09/26 22:47:06,20260920 224706,,MC241,TRA,OPEN,HBS
0176293389,20/09/26 22:47:45,20260920 224745,MA005,MA002,DIS,OPEN,OPEN
0232779532,20/09/26 22:49:22,20260920 224922,,MC233,DIS,OPEN,HBS
0176295081,20/09/26 22:52:29,20260920 225229,MA005,MA005,TRA,OPEN,OPEN
0176295081,20/09/26 22:56:05,20260920 225605,MA005,MA002,DIS,OPEN,OPEN
0232776931,20/09/26 22:56:34,20260920 225634,,MC241,TRA,OPEN,HBS
0232776931,20/09/26 22:58:47,20260920 225847,,MC233,DIS,OPEN,HBS
0232786673,20/09/26 23:18:18,20260920 231818,MC105,MA008,TRA,EARLY,EARLY
0232786673,20/09/26 23:19:50,20260920 231950,MC105,MC105,DIS,EARLY,EARLY
0160410525,20/09/26 23:38:13,20260920 233813,MB025,MC203,TRA,EARLY,EARLY
0232788366,20/09/26 23:39:25,20260920 233925,MA003,MA008,TRA,EARLY,EARLY
0232788375,20/09/26 23:39:42,20260920 233942,MA003,MA008,TRA,EARLY,EARLY
0232788358,20/09/26 23:40:09,20260920 234009,MA003,MA008,TRA,EARLY,EARLY
0160410525,20/09/26 23:40:13,20260920 234013,MB025,MB025,DIS,EARLY,EARLY
0232788352,20/09/26 23:40:53,20260920 234053,MA003,MA008,TRA,EARLY,EARLY
0160408063,20/09/26 23:41:21,20260920 234121,MB025,MC203,TRA,EARLY,EARLY
0232788366,20/09/26 23:41:21,20260920 234121,MA003,MA003,DIS,EARLY,EARLY
0160410331,20/09/26 23:41:26,20260920 234126,MB025,MC203,TRA,EARLY,EARLY
0232788375,20/09/26 23:41:41,20260920 234141,MA003,MA003,DIS,EARLY,EARLY
0160410601,20/09/26 23:41:57,20260920 234157,MB025,MC203,TRA,EARLY,EARLY
0232788358,20/09/26 23:42:09,20260920 234209,MA003,MA003,DIS,EARLY,EARLY
0232788498,20/09/26 23:42:33,20260920 234233,MA003,MA008,TRA,EARLY,EARLY
0232788506,20/09/26 23:42:45,20260920 234245,MA003,MA008,TRA,EARLY,EARLY
0232788352,20/09/26 23:42:49,20260920 234249,MA003,MA003,DIS,EARLY,EARLY
0232788514,20/09/26 23:43:13,20260920 234313,MA003,MA008,TRA,EARLY,EARLY
0160408063,20/09/26 23:43:21,20260920 234321,MB027,MB025,DIS,OPEN,OPEN
0160410331,20/09/26 23:43:25,20260920 234325,MB027,MB025,DIS,OPEN,OPEN
0232788551,20/09/26 23:43:33,20260920 234333,MA003,MA008,TRA,EARLY,EARLY
0160410601,20/09/26 23:43:57,20260920 234357,MB027,MB025,DIS,OPEN,OPEN
0232787410,20/09/26 23:44:01,20260920 234401,MA003,MA008,TRA,EARLY,EARLY
0232788498,20/09/26 23:44:34,20260920 234434,MA003,MA003,DIS,EARLY,EARLY
0232788506,20/09/26 23:44:57,20260920 234457,MA003,MA003,DIS,EARLY,EARLY
0232788514,20/09/26 23:45:26,20260920 234526,MA003,MA003,DIS,EARLY,EARLY
0232788551,20/09/26 23:45:46,20260920 234546,MA003,MA003,DIS,EARLY,EARLY
0232787410,20/09/26 23:46:13,20260920 234613,MA003,MA003,DIS,EARLY,EARLY
0232788836,20/09/26 23:55:37,20260920 235537,MB025,MA007,TRA,EARLY,EARLY
0232788843,20/09/26 23:56:13,20260920 235613,MB025,MA007,TRA,EARLY,EARLY
0232788929,20/09/26 23:57:13,20260920 235713,MB025,MA007,TRA,EARLY,EARLY
0232788836,20/09/26 23:57:38,20260920 235738,MB025,MB025,DIS,EARLY,EARLY
0232788843,20/09/26 23:58:14,20260920 235814,MB025,MB025,DIS,EARLY,EARLY
0232788929,20/09/26 23:59:13,20260920 235913,MB025,MB025,DIS,EARLY,EARLY
